ISO-10303-21;
HEADER;
FILE_DESCRIPTION(('KiCad electronic assembly'),'2;1');
FILE_NAME('Arm.step','2026-03-17T19:08:02',('Pcbnew'),('Kicad'),
  'Open CASCADE STEP processor 7.6','KiCad to STEP converter','Unknown'
  );
FILE_SCHEMA(('AUTOMOTIVE_DESIGN { 1 0 10303 214 1 1 1 1 }'));
ENDSEC;
DATA;
#1 = APPLICATION_PROTOCOL_DEFINITION('international standard',
  'automotive_design',2000,#2);
#2 = APPLICATION_CONTEXT(
  'core data for automotive mechanical design processes');
#3 = SHAPE_DEFINITION_REPRESENTATION(#4,#10);
#4 = PRODUCT_DEFINITION_SHAPE('','',#5);
#5 = PRODUCT_DEFINITION('design','',#6,#9);
#6 = PRODUCT_DEFINITION_FORMATION('','',#7);
#7 = PRODUCT('Arm 1','Arm 1','',(#8));
#8 = PRODUCT_CONTEXT('',#2,'mechanical');
#9 = PRODUCT_DEFINITION_CONTEXT('part definition',#2,'design');
#10 = SHAPE_REPRESENTATION('',(#11,#15,#19,#23,#27,#31,#35,#39,#43,#47,
    #51,#55),#59);
#11 = AXIS2_PLACEMENT_3D('',#12,#13,#14);
#12 = CARTESIAN_POINT('',(0.,0.,0.));
#13 = DIRECTION('',(0.,0.,1.));
#14 = DIRECTION('',(1.,0.,-0.));
#15 = AXIS2_PLACEMENT_3D('',#16,#17,#18);
#16 = CARTESIAN_POINT('',(58.212473,-77.301037,1.595));
#17 = DIRECTION('',(0.,0.,1.));
#18 = DIRECTION('',(-1.,1.224646799147E-16,0.));
#19 = AXIS2_PLACEMENT_3D('',#20,#21,#22);
#20 = CARTESIAN_POINT('',(50.85,-129.2,1.595));
#21 = DIRECTION('',(-0.,0.,1.));
#22 = DIRECTION('',(1.110223024625E-16,-1.,0.));
#23 = AXIS2_PLACEMENT_3D('',#24,#25,#26);
#24 = CARTESIAN_POINT('',(60.8,-107.5,1.595));
#25 = DIRECTION('',(0.,0.,1.));
#26 = DIRECTION('',(1.,0.,0.));
#27 = AXIS2_PLACEMENT_3D('',#28,#29,#30);
#28 = CARTESIAN_POINT('',(58.6,-88.5,1.595));
#29 = DIRECTION('',(0.,0.,1.));
#30 = DIRECTION('',(-1.,1.224646799147E-16,0.));
#31 = AXIS2_PLACEMENT_3D('',#32,#33,#34);
#32 = CARTESIAN_POINT('',(69.13,-64.4,1.595));
#33 = DIRECTION('',(0.,-0.,1.));
#34 = DIRECTION('',(1.110223024625E-16,1.,0.));
#35 = AXIS2_PLACEMENT_3D('',#36,#37,#38);
#36 = CARTESIAN_POINT('',(57.967429,-66.285896,1.595));
#37 = DIRECTION('',(0.,0.,1.));
#38 = DIRECTION('',(-1.,1.224646799147E-16,0.));
#39 = AXIS2_PLACEMENT_3D('',#40,#41,#42);
#40 = CARTESIAN_POINT('',(81.11,-64.31,1.595));
#41 = DIRECTION('',(0.,-0.,1.));
#42 = DIRECTION('',(1.110223024625E-16,1.,0.));
#43 = AXIS2_PLACEMENT_3D('',#44,#45,#46);
#44 = CARTESIAN_POINT('',(60.8,-115.5,1.595));
#45 = DIRECTION('',(0.,0.,1.));
#46 = DIRECTION('',(1.,0.,0.));
#47 = AXIS2_PLACEMENT_3D('',#48,#49,#50);
#48 = CARTESIAN_POINT('',(59.,-129.2,1.595));
#49 = DIRECTION('',(-0.,0.,1.));
#50 = DIRECTION('',(1.110223024625E-16,-1.,0.));
#51 = AXIS2_PLACEMENT_3D('',#52,#53,#54);
#52 = CARTESIAN_POINT('',(58.5,-98.,1.595));
#53 = DIRECTION('',(0.,0.,1.));
#54 = DIRECTION('',(-1.,1.224646799147E-16,0.));
#55 = AXIS2_PLACEMENT_3D('',#56,#57,#58);
#56 = CARTESIAN_POINT('',(0.,0.,0.));
#57 = DIRECTION('',(0.,0.,1.));
#58 = DIRECTION('',(1.,0.,-0.));
#59 = ( GEOMETRIC_REPRESENTATION_CONTEXT(3) 
GLOBAL_UNCERTAINTY_ASSIGNED_CONTEXT((#63)) GLOBAL_UNIT_ASSIGNED_CONTEXT(
(#60,#61,#62)) REPRESENTATION_CONTEXT('Context #1',
  '3D Context with UNIT and UNCERTAINTY') );
#60 = ( LENGTH_UNIT() NAMED_UNIT(*) SI_UNIT(.MILLI.,.METRE.) );
#61 = ( NAMED_UNIT(*) PLANE_ANGLE_UNIT() SI_UNIT($,.RADIAN.) );
#62 = ( NAMED_UNIT(*) SI_UNIT($,.STERADIAN.) SOLID_ANGLE_UNIT() );
#63 = UNCERTAINTY_MEASURE_WITH_UNIT(LENGTH_MEASURE(2.E-05),#60,
  'distance_accuracy_value','confusion accuracy');
#64 = PRODUCT_RELATED_PRODUCT_CATEGORY('part',$,(#7));
#65 = SHAPE_REPRESENTATION('',(#11,#66,#1874,#2171),#2468);
#66 = MANIFOLD_SOLID_BREP('',#67);
#67 = CLOSED_SHELL('',(#68,#108,#139,#170,#192,#204,#244,#275,#306,#328,
    #340,#380,#411,#442,#473,#504,#535,#566,#597,#628,#659,#690,#712,
    #732,#772,#803,#834,#856,#868,#910,#952,#985,#997,#1030,#1042,#1075,
    #1088,#1121,#1134,#1174,#1205,#1236,#1258,#1270,#1310,#1350,#1372,
    #1449,#1473,#1504,#1528,#1552,#1576,#1593,#1610,#1656,#1687,#1724,
    #1755,#1792,#1828,#1854));
#68 = ADVANCED_FACE('',(#69),#103,.F.);
#69 = FACE_BOUND('',#70,.T.);
#70 = EDGE_LOOP('',(#71,#81,#89,#97));
#71 = ORIENTED_EDGE('',*,*,#72,.F.);
#72 = EDGE_CURVE('',#73,#75,#77,.T.);
#73 = VERTEX_POINT('',#74);
#74 = CARTESIAN_POINT('',(9.35,4.05,6.5));
#75 = VERTEX_POINT('',#76);
#76 = CARTESIAN_POINT('',(-0.65,4.05,6.5));
#77 = LINE('',#78,#79);
#78 = CARTESIAN_POINT('',(10.35,4.05,6.5));
#79 = VECTOR('',#80,1.);
#80 = DIRECTION('',(-1.,-2.22044604925E-16,0.));
#81 = ORIENTED_EDGE('',*,*,#82,.T.);
#82 = EDGE_CURVE('',#73,#83,#85,.T.);
#83 = VERTEX_POINT('',#84);
#84 = CARTESIAN_POINT('',(9.35,3.25,6.5));
#85 = LINE('',#86,#87);
#86 = CARTESIAN_POINT('',(9.35,4.05,6.5));
#87 = VECTOR('',#88,1.);
#88 = DIRECTION('',(2.22044604925E-16,-1.,0.));
#89 = ORIENTED_EDGE('',*,*,#90,.T.);
#90 = EDGE_CURVE('',#83,#91,#93,.T.);
#91 = VERTEX_POINT('',#92);
#92 = CARTESIAN_POINT('',(-0.65,3.25,6.5));
#93 = LINE('',#94,#95);
#94 = CARTESIAN_POINT('',(9.35,3.25,6.5));
#95 = VECTOR('',#96,1.);
#96 = DIRECTION('',(-1.,-2.22044604925E-16,0.));
#97 = ORIENTED_EDGE('',*,*,#98,.F.);
#98 = EDGE_CURVE('',#75,#91,#99,.T.);
#99 = LINE('',#100,#101);
#100 = CARTESIAN_POINT('',(-0.65,4.05,6.5));
#101 = VECTOR('',#102,1.);
#102 = DIRECTION('',(2.22044604925E-16,-1.,0.));
#103 = PLANE('',#104);
#104 = AXIS2_PLACEMENT_3D('',#105,#106,#107);
#105 = CARTESIAN_POINT('',(9.35,4.05,6.5));
#106 = DIRECTION('',(0.,0.,1.));
#107 = DIRECTION('',(-1.,-2.22044604925E-16,0.));
#108 = ADVANCED_FACE('',(#109),#134,.F.);
#109 = FACE_BOUND('',#110,.T.);
#110 = EDGE_LOOP('',(#111,#119,#127,#133));
#111 = ORIENTED_EDGE('',*,*,#112,.F.);
#112 = EDGE_CURVE('',#113,#73,#115,.T.);
#113 = VERTEX_POINT('',#114);
#114 = CARTESIAN_POINT('',(9.35,4.05,1.));
#115 = LINE('',#116,#117);
#116 = CARTESIAN_POINT('',(9.35,4.05,0.5));
#117 = VECTOR('',#118,1.);
#118 = DIRECTION('',(0.,0.,1.));
#119 = ORIENTED_EDGE('',*,*,#120,.T.);
#120 = EDGE_CURVE('',#113,#121,#123,.T.);
#121 = VERTEX_POINT('',#122);
#122 = CARTESIAN_POINT('',(9.35,3.25,1.));
#123 = LINE('',#124,#125);
#124 = CARTESIAN_POINT('',(9.35,4.05,1.));
#125 = VECTOR('',#126,1.);
#126 = DIRECTION('',(2.22044604925E-16,-1.,0.));
#127 = ORIENTED_EDGE('',*,*,#128,.T.);
#128 = EDGE_CURVE('',#121,#83,#129,.T.);
#129 = LINE('',#130,#131);
#130 = CARTESIAN_POINT('',(9.35,3.25,1.));
#131 = VECTOR('',#132,1.);
#132 = DIRECTION('',(0.,0.,1.));
#133 = ORIENTED_EDGE('',*,*,#82,.F.);
#134 = PLANE('',#135);
#135 = AXIS2_PLACEMENT_3D('',#136,#137,#138);
#136 = CARTESIAN_POINT('',(9.35,4.05,1.));
#137 = DIRECTION('',(1.,2.22044604925E-16,0.));
#138 = DIRECTION('',(0.,-0.,1.));
#139 = ADVANCED_FACE('',(#140),#165,.F.);
#140 = FACE_BOUND('',#141,.T.);
#141 = EDGE_LOOP('',(#142,#150,#158,#164));
#142 = ORIENTED_EDGE('',*,*,#143,.F.);
#143 = EDGE_CURVE('',#144,#113,#146,.T.);
#144 = VERTEX_POINT('',#145);
#145 = CARTESIAN_POINT('',(-0.65,4.05,1.));
#146 = LINE('',#147,#148);
#147 = CARTESIAN_POINT('',(5.35,4.05,1.));
#148 = VECTOR('',#149,1.);
#149 = DIRECTION('',(1.,2.22044604925E-16,0.));
#150 = ORIENTED_EDGE('',*,*,#151,.T.);
#151 = EDGE_CURVE('',#144,#152,#154,.T.);
#152 = VERTEX_POINT('',#153);
#153 = CARTESIAN_POINT('',(-0.65,3.25,1.));
#154 = LINE('',#155,#156);
#155 = CARTESIAN_POINT('',(-0.65,4.05,1.));
#156 = VECTOR('',#157,1.);
#157 = DIRECTION('',(2.22044604925E-16,-1.,0.));
#158 = ORIENTED_EDGE('',*,*,#159,.T.);
#159 = EDGE_CURVE('',#152,#121,#160,.T.);
#160 = LINE('',#161,#162);
#161 = CARTESIAN_POINT('',(-0.65,3.25,1.));
#162 = VECTOR('',#163,1.);
#163 = DIRECTION('',(1.,2.22044604925E-16,0.));
#164 = ORIENTED_EDGE('',*,*,#120,.F.);
#165 = PLANE('',#166);
#166 = AXIS2_PLACEMENT_3D('',#167,#168,#169);
#167 = CARTESIAN_POINT('',(-0.65,4.05,1.));
#168 = DIRECTION('',(0.,0.,-1.));
#169 = DIRECTION('',(1.,2.22044604925E-16,0.));
#170 = ADVANCED_FACE('',(#171),#187,.F.);
#171 = FACE_BOUND('',#172,.T.);
#172 = EDGE_LOOP('',(#173,#179,#180,#186));
#173 = ORIENTED_EDGE('',*,*,#174,.F.);
#174 = EDGE_CURVE('',#75,#144,#175,.T.);
#175 = LINE('',#176,#177);
#176 = CARTESIAN_POINT('',(-0.65,4.05,3.25));
#177 = VECTOR('',#178,1.);
#178 = DIRECTION('',(0.,0.,-1.));
#179 = ORIENTED_EDGE('',*,*,#98,.T.);
#180 = ORIENTED_EDGE('',*,*,#181,.T.);
#181 = EDGE_CURVE('',#91,#152,#182,.T.);
#182 = LINE('',#183,#184);
#183 = CARTESIAN_POINT('',(-0.65,3.25,6.5));
#184 = VECTOR('',#185,1.);
#185 = DIRECTION('',(0.,0.,-1.));
#186 = ORIENTED_EDGE('',*,*,#151,.F.);
#187 = PLANE('',#188);
#188 = AXIS2_PLACEMENT_3D('',#189,#190,#191);
#189 = CARTESIAN_POINT('',(-0.65,4.05,6.5));
#190 = DIRECTION('',(-1.,-2.22044604925E-16,0.));
#191 = DIRECTION('',(-0.,0.,-1.));
#192 = ADVANCED_FACE('',(#193),#199,.F.);
#193 = FACE_BOUND('',#194,.T.);
#194 = EDGE_LOOP('',(#195,#196,#197,#198));
#195 = ORIENTED_EDGE('',*,*,#181,.F.);
#196 = ORIENTED_EDGE('',*,*,#90,.F.);
#197 = ORIENTED_EDGE('',*,*,#128,.F.);
#198 = ORIENTED_EDGE('',*,*,#159,.F.);
#199 = PLANE('',#200);
#200 = AXIS2_PLACEMENT_3D('',#201,#202,#203);
#201 = CARTESIAN_POINT('',(4.35,3.25,3.75));
#202 = DIRECTION('',(2.22044604925E-16,-1.,0.));
#203 = DIRECTION('',(0.,0.,1.));
#204 = ADVANCED_FACE('',(#205),#239,.F.);
#205 = FACE_BOUND('',#206,.T.);
#206 = EDGE_LOOP('',(#207,#217,#225,#233));
#207 = ORIENTED_EDGE('',*,*,#208,.F.);
#208 = EDGE_CURVE('',#209,#211,#213,.T.);
#209 = VERTEX_POINT('',#210);
#210 = CARTESIAN_POINT('',(9.35,-4.05,6.5));
#211 = VERTEX_POINT('',#212);
#212 = CARTESIAN_POINT('',(9.35,-4.05,1.));
#213 = LINE('',#214,#215);
#214 = CARTESIAN_POINT('',(9.35,-4.05,3.25));
#215 = VECTOR('',#216,1.);
#216 = DIRECTION('',(0.,0.,-1.));
#217 = ORIENTED_EDGE('',*,*,#218,.T.);
#218 = EDGE_CURVE('',#209,#219,#221,.T.);
#219 = VERTEX_POINT('',#220);
#220 = CARTESIAN_POINT('',(9.35,-3.25,6.5));
#221 = LINE('',#222,#223);
#222 = CARTESIAN_POINT('',(9.35,-4.05,6.5));
#223 = VECTOR('',#224,1.);
#224 = DIRECTION('',(-2.22044604925E-16,1.,0.));
#225 = ORIENTED_EDGE('',*,*,#226,.T.);
#226 = EDGE_CURVE('',#219,#227,#229,.T.);
#227 = VERTEX_POINT('',#228);
#228 = CARTESIAN_POINT('',(9.35,-3.25,1.));
#229 = LINE('',#230,#231);
#230 = CARTESIAN_POINT('',(9.35,-3.25,1.));
#231 = VECTOR('',#232,1.);
#232 = DIRECTION('',(0.,0.,-1.));
#233 = ORIENTED_EDGE('',*,*,#234,.F.);
#234 = EDGE_CURVE('',#211,#227,#235,.T.);
#235 = LINE('',#236,#237);
#236 = CARTESIAN_POINT('',(9.35,-4.05,1.));
#237 = VECTOR('',#238,1.);
#238 = DIRECTION('',(-2.22044604925E-16,1.,0.));
#239 = PLANE('',#240);
#240 = AXIS2_PLACEMENT_3D('',#241,#242,#243);
#241 = CARTESIAN_POINT('',(9.35,-4.05,6.5));
#242 = DIRECTION('',(1.,2.22044604925E-16,0.));
#243 = DIRECTION('',(0.,0.,-1.));
#244 = ADVANCED_FACE('',(#245),#270,.F.);
#245 = FACE_BOUND('',#246,.T.);
#246 = EDGE_LOOP('',(#247,#255,#263,#269));
#247 = ORIENTED_EDGE('',*,*,#248,.F.);
#248 = EDGE_CURVE('',#249,#209,#251,.T.);
#249 = VERTEX_POINT('',#250);
#250 = CARTESIAN_POINT('',(-0.65,-4.05,6.5));
#251 = LINE('',#252,#253);
#252 = CARTESIAN_POINT('',(-0.9,-4.05,6.5));
#253 = VECTOR('',#254,1.);
#254 = DIRECTION('',(1.,2.22044604925E-16,0.));
#255 = ORIENTED_EDGE('',*,*,#256,.T.);
#256 = EDGE_CURVE('',#249,#257,#259,.T.);
#257 = VERTEX_POINT('',#258);
#258 = CARTESIAN_POINT('',(-0.65,-3.25,6.5));
#259 = LINE('',#260,#261);
#260 = CARTESIAN_POINT('',(-0.65,-4.05,6.5));
#261 = VECTOR('',#262,1.);
#262 = DIRECTION('',(-2.22044604925E-16,1.,0.));
#263 = ORIENTED_EDGE('',*,*,#264,.T.);
#264 = EDGE_CURVE('',#257,#219,#265,.T.);
#265 = LINE('',#266,#267);
#266 = CARTESIAN_POINT('',(9.35,-3.25,6.5));
#267 = VECTOR('',#268,1.);
#268 = DIRECTION('',(1.,2.22044604925E-16,0.));
#269 = ORIENTED_EDGE('',*,*,#218,.F.);
#270 = PLANE('',#271);
#271 = AXIS2_PLACEMENT_3D('',#272,#273,#274);
#272 = CARTESIAN_POINT('',(-0.65,-4.05,6.5));
#273 = DIRECTION('',(0.,0.,1.));
#274 = DIRECTION('',(1.,2.22044604925E-16,-0.));
#275 = ADVANCED_FACE('',(#276),#301,.F.);
#276 = FACE_BOUND('',#277,.T.);
#277 = EDGE_LOOP('',(#278,#286,#294,#300));
#278 = ORIENTED_EDGE('',*,*,#279,.F.);
#279 = EDGE_CURVE('',#280,#249,#282,.T.);
#280 = VERTEX_POINT('',#281);
#281 = CARTESIAN_POINT('',(-0.65,-4.05,1.));
#282 = LINE('',#283,#284);
#283 = CARTESIAN_POINT('',(-0.65,-4.05,0.5));
#284 = VECTOR('',#285,1.);
#285 = DIRECTION('',(0.,0.,1.));
#286 = ORIENTED_EDGE('',*,*,#287,.T.);
#287 = EDGE_CURVE('',#280,#288,#290,.T.);
#288 = VERTEX_POINT('',#289);
#289 = CARTESIAN_POINT('',(-0.65,-3.25,1.));
#290 = LINE('',#291,#292);
#291 = CARTESIAN_POINT('',(-0.65,-4.05,1.));
#292 = VECTOR('',#293,1.);
#293 = DIRECTION('',(-2.22044604925E-16,1.,0.));
#294 = ORIENTED_EDGE('',*,*,#295,.T.);
#295 = EDGE_CURVE('',#288,#257,#296,.T.);
#296 = LINE('',#297,#298);
#297 = CARTESIAN_POINT('',(-0.65,-3.25,6.5));
#298 = VECTOR('',#299,1.);
#299 = DIRECTION('',(0.,0.,1.));
#300 = ORIENTED_EDGE('',*,*,#256,.F.);
#301 = PLANE('',#302);
#302 = AXIS2_PLACEMENT_3D('',#303,#304,#305);
#303 = CARTESIAN_POINT('',(-0.65,-4.05,1.));
#304 = DIRECTION('',(-1.,-2.22044604925E-16,0.));
#305 = DIRECTION('',(0.,0.,1.));
#306 = ADVANCED_FACE('',(#307),#323,.F.);
#307 = FACE_BOUND('',#308,.T.);
#308 = EDGE_LOOP('',(#309,#315,#316,#322));
#309 = ORIENTED_EDGE('',*,*,#310,.F.);
#310 = EDGE_CURVE('',#211,#280,#311,.T.);
#311 = LINE('',#312,#313);
#312 = CARTESIAN_POINT('',(4.1,-4.05,1.));
#313 = VECTOR('',#314,1.);
#314 = DIRECTION('',(-1.,-2.22044604925E-16,0.));
#315 = ORIENTED_EDGE('',*,*,#234,.T.);
#316 = ORIENTED_EDGE('',*,*,#317,.T.);
#317 = EDGE_CURVE('',#227,#288,#318,.T.);
#318 = LINE('',#319,#320);
#319 = CARTESIAN_POINT('',(-0.65,-3.25,1.));
#320 = VECTOR('',#321,1.);
#321 = DIRECTION('',(-1.,-2.22044604925E-16,0.));
#322 = ORIENTED_EDGE('',*,*,#287,.F.);
#323 = PLANE('',#324);
#324 = AXIS2_PLACEMENT_3D('',#325,#326,#327);
#325 = CARTESIAN_POINT('',(9.35,-4.05,1.));
#326 = DIRECTION('',(0.,0.,-1.));
#327 = DIRECTION('',(-1.,-2.22044604925E-16,-0.));
#328 = ADVANCED_FACE('',(#329),#335,.F.);
#329 = FACE_BOUND('',#330,.T.);
#330 = EDGE_LOOP('',(#331,#332,#333,#334));
#331 = ORIENTED_EDGE('',*,*,#317,.F.);
#332 = ORIENTED_EDGE('',*,*,#226,.F.);
#333 = ORIENTED_EDGE('',*,*,#264,.F.);
#334 = ORIENTED_EDGE('',*,*,#295,.F.);
#335 = PLANE('',#336);
#336 = AXIS2_PLACEMENT_3D('',#337,#338,#339);
#337 = CARTESIAN_POINT('',(4.35,-3.25,3.75));
#338 = DIRECTION('',(-2.22044604925E-16,1.,0.));
#339 = DIRECTION('',(0.,0.,-1.));
#340 = ADVANCED_FACE('',(#341),#375,.T.);
#341 = FACE_BOUND('',#342,.T.);
#342 = EDGE_LOOP('',(#343,#353,#361,#369));
#343 = ORIENTED_EDGE('',*,*,#344,.F.);
#344 = EDGE_CURVE('',#345,#347,#349,.T.);
#345 = VERTEX_POINT('',#346);
#346 = CARTESIAN_POINT('',(11.35,-0.299999940395,2.75));
#347 = VERTEX_POINT('',#348);
#348 = CARTESIAN_POINT('',(11.35,-1.049999940395,2.75));
#349 = LINE('',#350,#351);
#350 = CARTESIAN_POINT('',(11.35,-2.549999970198,2.75));
#351 = VECTOR('',#352,1.);
#352 = DIRECTION('',(2.22044604925E-16,-1.,0.));
#353 = ORIENTED_EDGE('',*,*,#354,.T.);
#354 = EDGE_CURVE('',#345,#355,#357,.T.);
#355 = VERTEX_POINT('',#356);
#356 = CARTESIAN_POINT('',(11.55,-0.299999940395,2.75));
#357 = LINE('',#358,#359);
#358 = CARTESIAN_POINT('',(11.35,-0.299999940395,2.75));
#359 = VECTOR('',#360,1.);
#360 = DIRECTION('',(1.,2.22044604925E-16,0.));
#361 = ORIENTED_EDGE('',*,*,#362,.F.);
#362 = EDGE_CURVE('',#363,#355,#365,.T.);
#363 = VERTEX_POINT('',#364);
#364 = CARTESIAN_POINT('',(11.55,-1.049999940395,2.75));
#365 = LINE('',#366,#367);
#366 = CARTESIAN_POINT('',(11.55,-1.049999940395,2.75));
#367 = VECTOR('',#368,1.);
#368 = DIRECTION('',(-2.22044604925E-16,1.,0.));
#369 = ORIENTED_EDGE('',*,*,#370,.F.);
#370 = EDGE_CURVE('',#347,#363,#371,.T.);
#371 = LINE('',#372,#373);
#372 = CARTESIAN_POINT('',(11.35,-1.049999940395,2.75));
#373 = VECTOR('',#374,1.);
#374 = DIRECTION('',(1.,2.22044604925E-16,0.));
#375 = PLANE('',#376);
#376 = AXIS2_PLACEMENT_3D('',#377,#378,#379);
#377 = CARTESIAN_POINT('',(11.35,-1.049999940395,2.75));
#378 = DIRECTION('',(0.,0.,-1.));
#379 = DIRECTION('',(-2.22044604925E-16,1.,0.));
#380 = ADVANCED_FACE('',(#381),#406,.T.);
#381 = FACE_BOUND('',#382,.T.);
#382 = EDGE_LOOP('',(#383,#391,#392,#400));
#383 = ORIENTED_EDGE('',*,*,#384,.F.);
#384 = EDGE_CURVE('',#347,#385,#387,.T.);
#385 = VERTEX_POINT('',#386);
#386 = CARTESIAN_POINT('',(11.35,-1.049999940395,3.25));
#387 = LINE('',#388,#389);
#388 = CARTESIAN_POINT('',(11.35,-1.049999940395,1.625));
#389 = VECTOR('',#390,1.);
#390 = DIRECTION('',(0.,0.,1.));
#391 = ORIENTED_EDGE('',*,*,#370,.T.);
#392 = ORIENTED_EDGE('',*,*,#393,.F.);
#393 = EDGE_CURVE('',#394,#363,#396,.T.);
#394 = VERTEX_POINT('',#395);
#395 = CARTESIAN_POINT('',(11.55,-1.049999940395,3.25));
#396 = LINE('',#397,#398);
#397 = CARTESIAN_POINT('',(11.55,-1.049999940395,3.25));
#398 = VECTOR('',#399,1.);
#399 = DIRECTION('',(0.,0.,-1.));
#400 = ORIENTED_EDGE('',*,*,#401,.F.);
#401 = EDGE_CURVE('',#385,#394,#402,.T.);
#402 = LINE('',#403,#404);
#403 = CARTESIAN_POINT('',(11.35,-1.049999940395,3.25));
#404 = VECTOR('',#405,1.);
#405 = DIRECTION('',(1.,2.22044604925E-16,0.));
#406 = PLANE('',#407);
#407 = AXIS2_PLACEMENT_3D('',#408,#409,#410);
#408 = CARTESIAN_POINT('',(11.35,-1.049999940395,3.25));
#409 = DIRECTION('',(2.22044604925E-16,-1.,0.));
#410 = DIRECTION('',(0.,0.,-1.));
#411 = ADVANCED_FACE('',(#412),#437,.T.);
#412 = FACE_BOUND('',#413,.T.);
#413 = EDGE_LOOP('',(#414,#422,#423,#431));
#414 = ORIENTED_EDGE('',*,*,#415,.F.);
#415 = EDGE_CURVE('',#385,#416,#418,.T.);
#416 = VERTEX_POINT('',#417);
#417 = CARTESIAN_POINT('',(11.35,-0.299999940395,3.25));
#418 = LINE('',#419,#420);
#419 = CARTESIAN_POINT('',(11.35,-2.174999970198,3.25));
#420 = VECTOR('',#421,1.);
#421 = DIRECTION('',(-2.22044604925E-16,1.,0.));
#422 = ORIENTED_EDGE('',*,*,#401,.T.);
#423 = ORIENTED_EDGE('',*,*,#424,.F.);
#424 = EDGE_CURVE('',#425,#394,#427,.T.);
#425 = VERTEX_POINT('',#426);
#426 = CARTESIAN_POINT('',(11.55,-0.299999940395,3.25));
#427 = LINE('',#428,#429);
#428 = CARTESIAN_POINT('',(11.55,-0.299999940395,3.25));
#429 = VECTOR('',#430,1.);
#430 = DIRECTION('',(2.22044604925E-16,-1.,0.));
#431 = ORIENTED_EDGE('',*,*,#432,.F.);
#432 = EDGE_CURVE('',#416,#425,#433,.T.);
#433 = LINE('',#434,#435);
#434 = CARTESIAN_POINT('',(11.35,-0.299999940395,3.25));
#435 = VECTOR('',#436,1.);
#436 = DIRECTION('',(1.,2.22044604925E-16,0.));
#437 = PLANE('',#438);
#438 = AXIS2_PLACEMENT_3D('',#439,#440,#441);
#439 = CARTESIAN_POINT('',(11.35,-0.299999940395,3.25));
#440 = DIRECTION('',(0.,0.,1.));
#441 = DIRECTION('',(2.22044604925E-16,-1.,0.));
#442 = ADVANCED_FACE('',(#443),#468,.T.);
#443 = FACE_BOUND('',#444,.T.);
#444 = EDGE_LOOP('',(#445,#453,#454,#462));
#445 = ORIENTED_EDGE('',*,*,#446,.F.);
#446 = EDGE_CURVE('',#416,#447,#449,.T.);
#447 = VERTEX_POINT('',#448);
#448 = CARTESIAN_POINT('',(11.35,-0.299999940395,4.));
#449 = LINE('',#450,#451);
#450 = CARTESIAN_POINT('',(11.35,-0.299999940395,2.));
#451 = VECTOR('',#452,1.);
#452 = DIRECTION('',(1.64346021921E-31,-7.401486830834E-16,1.));
#453 = ORIENTED_EDGE('',*,*,#432,.T.);
#454 = ORIENTED_EDGE('',*,*,#455,.F.);
#455 = EDGE_CURVE('',#456,#425,#458,.T.);
#456 = VERTEX_POINT('',#457);
#457 = CARTESIAN_POINT('',(11.55,-0.299999940395,4.));
#458 = LINE('',#459,#460);
#459 = CARTESIAN_POINT('',(11.55,-0.299999940395,4.));
#460 = VECTOR('',#461,1.);
#461 = DIRECTION('',(-1.64346021921E-31,7.401486830834E-16,-1.));
#462 = ORIENTED_EDGE('',*,*,#463,.F.);
#463 = EDGE_CURVE('',#447,#456,#464,.T.);
#464 = LINE('',#465,#466);
#465 = CARTESIAN_POINT('',(11.35,-0.299999940395,4.));
#466 = VECTOR('',#467,1.);
#467 = DIRECTION('',(1.,2.22044604925E-16,0.));
#468 = PLANE('',#469);
#469 = AXIS2_PLACEMENT_3D('',#470,#471,#472);
#470 = CARTESIAN_POINT('',(11.35,-0.299999940395,4.));
#471 = DIRECTION('',(2.22044604925E-16,-1.,-7.401486830834E-16));
#472 = DIRECTION('',(-1.64346021921E-31,7.401486830834E-16,-1.));
#473 = ADVANCED_FACE('',(#474),#499,.T.);
#474 = FACE_BOUND('',#475,.T.);
#475 = EDGE_LOOP('',(#476,#484,#485,#493));
#476 = ORIENTED_EDGE('',*,*,#477,.F.);
#477 = EDGE_CURVE('',#447,#478,#480,.T.);
#478 = VERTEX_POINT('',#479);
#479 = CARTESIAN_POINT('',(11.35,0.200000059605,4.));
#480 = LINE('',#481,#482);
#481 = CARTESIAN_POINT('',(11.35,-1.924999970198,4.));
#482 = VECTOR('',#483,1.);
#483 = DIRECTION('',(-2.22044604925E-16,1.,0.));
#484 = ORIENTED_EDGE('',*,*,#463,.T.);
#485 = ORIENTED_EDGE('',*,*,#486,.F.);
#486 = EDGE_CURVE('',#487,#456,#489,.T.);
#487 = VERTEX_POINT('',#488);
#488 = CARTESIAN_POINT('',(11.55,0.200000059605,4.));
#489 = LINE('',#490,#491);
#490 = CARTESIAN_POINT('',(11.55,0.200000059605,4.));
#491 = VECTOR('',#492,1.);
#492 = DIRECTION('',(2.22044604925E-16,-1.,0.));
#493 = ORIENTED_EDGE('',*,*,#494,.F.);
#494 = EDGE_CURVE('',#478,#487,#495,.T.);
#495 = LINE('',#496,#497);
#496 = CARTESIAN_POINT('',(11.35,0.200000059605,4.));
#497 = VECTOR('',#498,1.);
#498 = DIRECTION('',(1.,2.22044604925E-16,0.));
#499 = PLANE('',#500);
#500 = AXIS2_PLACEMENT_3D('',#501,#502,#503);
#501 = CARTESIAN_POINT('',(11.35,0.200000059605,4.));
#502 = DIRECTION('',(0.,0.,1.));
#503 = DIRECTION('',(2.22044604925E-16,-1.,0.));
#504 = ADVANCED_FACE('',(#505),#530,.T.);
#505 = FACE_BOUND('',#506,.T.);
#506 = EDGE_LOOP('',(#507,#515,#516,#524));
#507 = ORIENTED_EDGE('',*,*,#508,.F.);
#508 = EDGE_CURVE('',#478,#509,#511,.T.);
#509 = VERTEX_POINT('',#510);
#510 = CARTESIAN_POINT('',(11.35,0.200000059605,3.25));
#511 = LINE('',#512,#513);
#512 = CARTESIAN_POINT('',(11.35,0.200000059605,1.625));
#513 = VECTOR('',#514,1.);
#514 = DIRECTION('',(-1.64346021921E-31,7.401486830834E-16,-1.));
#515 = ORIENTED_EDGE('',*,*,#494,.T.);
#516 = ORIENTED_EDGE('',*,*,#517,.F.);
#517 = EDGE_CURVE('',#518,#487,#520,.T.);
#518 = VERTEX_POINT('',#519);
#519 = CARTESIAN_POINT('',(11.55,0.200000059605,3.25));
#520 = LINE('',#521,#522);
#521 = CARTESIAN_POINT('',(11.55,0.200000059605,3.25));
#522 = VECTOR('',#523,1.);
#523 = DIRECTION('',(1.64346021921E-31,-7.401486830834E-16,1.));
#524 = ORIENTED_EDGE('',*,*,#525,.F.);
#525 = EDGE_CURVE('',#509,#518,#526,.T.);
#526 = LINE('',#527,#528);
#527 = CARTESIAN_POINT('',(11.35,0.200000059605,3.25));
#528 = VECTOR('',#529,1.);
#529 = DIRECTION('',(1.,2.22044604925E-16,0.));
#530 = PLANE('',#531);
#531 = AXIS2_PLACEMENT_3D('',#532,#533,#534);
#532 = CARTESIAN_POINT('',(11.35,0.200000059605,3.25));
#533 = DIRECTION('',(-2.22044604925E-16,1.,7.401486830834E-16));
#534 = DIRECTION('',(1.64346021921E-31,-7.401486830834E-16,1.));
#535 = ADVANCED_FACE('',(#536),#561,.T.);
#536 = FACE_BOUND('',#537,.T.);
#537 = EDGE_LOOP('',(#538,#546,#547,#555));
#538 = ORIENTED_EDGE('',*,*,#539,.F.);
#539 = EDGE_CURVE('',#509,#540,#542,.T.);
#540 = VERTEX_POINT('',#541);
#541 = CARTESIAN_POINT('',(11.35,0.950000059605,3.25));
#542 = LINE('',#543,#544);
#543 = CARTESIAN_POINT('',(11.35,-1.549999970198,3.25));
#544 = VECTOR('',#545,1.);
#545 = DIRECTION('',(-2.22044604925E-16,1.,7.401486830834E-16));
#546 = ORIENTED_EDGE('',*,*,#525,.T.);
#547 = ORIENTED_EDGE('',*,*,#548,.F.);
#548 = EDGE_CURVE('',#549,#518,#551,.T.);
#549 = VERTEX_POINT('',#550);
#550 = CARTESIAN_POINT('',(11.55,0.950000059605,3.25));
#551 = LINE('',#552,#553);
#552 = CARTESIAN_POINT('',(11.55,0.950000059605,3.25));
#553 = VECTOR('',#554,1.);
#554 = DIRECTION('',(2.22044604925E-16,-1.,-7.401486830834E-16));
#555 = ORIENTED_EDGE('',*,*,#556,.F.);
#556 = EDGE_CURVE('',#540,#549,#557,.T.);
#557 = LINE('',#558,#559);
#558 = CARTESIAN_POINT('',(11.35,0.950000059605,3.25));
#559 = VECTOR('',#560,1.);
#560 = DIRECTION('',(1.,2.22044604925E-16,0.));
#561 = PLANE('',#562);
#562 = AXIS2_PLACEMENT_3D('',#563,#564,#565);
#563 = CARTESIAN_POINT('',(11.35,0.950000059605,3.25));
#564 = DIRECTION('',(1.64346021921E-31,-7.401486830834E-16,1.));
#565 = DIRECTION('',(2.22044604925E-16,-1.,-7.401486830834E-16));
#566 = ADVANCED_FACE('',(#567),#592,.T.);
#567 = FACE_BOUND('',#568,.T.);
#568 = EDGE_LOOP('',(#569,#577,#578,#586));
#569 = ORIENTED_EDGE('',*,*,#570,.F.);
#570 = EDGE_CURVE('',#540,#571,#573,.T.);
#571 = VERTEX_POINT('',#572);
#572 = CARTESIAN_POINT('',(11.35,0.950000059605,2.75));
#573 = LINE('',#574,#575);
#574 = CARTESIAN_POINT('',(11.35,0.950000059605,1.375));
#575 = VECTOR('',#576,1.);
#576 = DIRECTION('',(0.,0.,-1.));
#577 = ORIENTED_EDGE('',*,*,#556,.T.);
#578 = ORIENTED_EDGE('',*,*,#579,.F.);
#579 = EDGE_CURVE('',#580,#549,#582,.T.);
#580 = VERTEX_POINT('',#581);
#581 = CARTESIAN_POINT('',(11.55,0.950000059605,2.75));
#582 = LINE('',#583,#584);
#583 = CARTESIAN_POINT('',(11.55,0.950000059605,2.75));
#584 = VECTOR('',#585,1.);
#585 = DIRECTION('',(0.,0.,1.));
#586 = ORIENTED_EDGE('',*,*,#587,.F.);
#587 = EDGE_CURVE('',#571,#580,#588,.T.);
#588 = LINE('',#589,#590);
#589 = CARTESIAN_POINT('',(11.35,0.950000059605,2.75));
#590 = VECTOR('',#591,1.);
#591 = DIRECTION('',(1.,2.22044604925E-16,0.));
#592 = PLANE('',#593);
#593 = AXIS2_PLACEMENT_3D('',#594,#595,#596);
#594 = CARTESIAN_POINT('',(11.35,0.950000059605,2.75));
#595 = DIRECTION('',(-2.22044604925E-16,1.,0.));
#596 = DIRECTION('',(0.,0.,1.));
#597 = ADVANCED_FACE('',(#598),#623,.T.);
#598 = FACE_BOUND('',#599,.T.);
#599 = EDGE_LOOP('',(#600,#608,#609,#617));
#600 = ORIENTED_EDGE('',*,*,#601,.F.);
#601 = EDGE_CURVE('',#571,#602,#604,.T.);
#602 = VERTEX_POINT('',#603);
#603 = CARTESIAN_POINT('',(11.35,0.200000059605,2.75));
#604 = LINE('',#605,#606);
#605 = CARTESIAN_POINT('',(11.35,-1.924999970198,2.75));
#606 = VECTOR('',#607,1.);
#607 = DIRECTION('',(2.22044604925E-16,-1.,-1.480297366167E-15));
#608 = ORIENTED_EDGE('',*,*,#587,.T.);
#609 = ORIENTED_EDGE('',*,*,#610,.F.);
#610 = EDGE_CURVE('',#611,#580,#613,.T.);
#611 = VERTEX_POINT('',#612);
#612 = CARTESIAN_POINT('',(11.55,0.200000059605,2.75));
#613 = LINE('',#614,#615);
#614 = CARTESIAN_POINT('',(11.55,0.200000059605,2.75));
#615 = VECTOR('',#616,1.);
#616 = DIRECTION('',(-2.22044604925E-16,1.,1.480297366167E-15));
#617 = ORIENTED_EDGE('',*,*,#618,.F.);
#618 = EDGE_CURVE('',#602,#611,#619,.T.);
#619 = LINE('',#620,#621);
#620 = CARTESIAN_POINT('',(11.35,0.200000059605,2.75));
#621 = VECTOR('',#622,1.);
#622 = DIRECTION('',(1.,2.22044604925E-16,0.));
#623 = PLANE('',#624);
#624 = AXIS2_PLACEMENT_3D('',#625,#626,#627);
#625 = CARTESIAN_POINT('',(11.35,0.200000059605,2.75));
#626 = DIRECTION('',(-3.286920438421E-31,1.480297366167E-15,-1.));
#627 = DIRECTION('',(-2.22044604925E-16,1.,1.480297366167E-15));
#628 = ADVANCED_FACE('',(#629),#654,.T.);
#629 = FACE_BOUND('',#630,.T.);
#630 = EDGE_LOOP('',(#631,#639,#640,#648));
#631 = ORIENTED_EDGE('',*,*,#632,.F.);
#632 = EDGE_CURVE('',#602,#633,#635,.T.);
#633 = VERTEX_POINT('',#634);
#634 = CARTESIAN_POINT('',(11.35,0.200000059605,2.));
#635 = LINE('',#636,#637);
#636 = CARTESIAN_POINT('',(11.35,0.200000059605,1.));
#637 = VECTOR('',#638,1.);
#638 = DIRECTION('',(0.,0.,-1.));
#639 = ORIENTED_EDGE('',*,*,#618,.T.);
#640 = ORIENTED_EDGE('',*,*,#641,.F.);
#641 = EDGE_CURVE('',#642,#611,#644,.T.);
#642 = VERTEX_POINT('',#643);
#643 = CARTESIAN_POINT('',(11.55,0.200000059605,2.));
#644 = LINE('',#645,#646);
#645 = CARTESIAN_POINT('',(11.55,0.200000059605,2.));
#646 = VECTOR('',#647,1.);
#647 = DIRECTION('',(0.,0.,1.));
#648 = ORIENTED_EDGE('',*,*,#649,.F.);
#649 = EDGE_CURVE('',#633,#642,#650,.T.);
#650 = LINE('',#651,#652);
#651 = CARTESIAN_POINT('',(11.35,0.200000059605,2.));
#652 = VECTOR('',#653,1.);
#653 = DIRECTION('',(1.,2.22044604925E-16,0.));
#654 = PLANE('',#655);
#655 = AXIS2_PLACEMENT_3D('',#656,#657,#658);
#656 = CARTESIAN_POINT('',(11.35,0.200000059605,2.));
#657 = DIRECTION('',(-2.22044604925E-16,1.,0.));
#658 = DIRECTION('',(0.,0.,1.));
#659 = ADVANCED_FACE('',(#660),#685,.T.);
#660 = FACE_BOUND('',#661,.T.);
#661 = EDGE_LOOP('',(#662,#670,#671,#679));
#662 = ORIENTED_EDGE('',*,*,#663,.F.);
#663 = EDGE_CURVE('',#633,#664,#666,.T.);
#664 = VERTEX_POINT('',#665);
#665 = CARTESIAN_POINT('',(11.35,-0.299999940395,2.));
#666 = LINE('',#667,#668);
#667 = CARTESIAN_POINT('',(11.35,-2.174999970198,2.));
#668 = VECTOR('',#669,1.);
#669 = DIRECTION('',(2.22044604925E-16,-1.,0.));
#670 = ORIENTED_EDGE('',*,*,#649,.T.);
#671 = ORIENTED_EDGE('',*,*,#672,.F.);
#672 = EDGE_CURVE('',#673,#642,#675,.T.);
#673 = VERTEX_POINT('',#674);
#674 = CARTESIAN_POINT('',(11.55,-0.299999940395,2.));
#675 = LINE('',#676,#677);
#676 = CARTESIAN_POINT('',(11.55,-0.299999940395,2.));
#677 = VECTOR('',#678,1.);
#678 = DIRECTION('',(-2.22044604925E-16,1.,0.));
#679 = ORIENTED_EDGE('',*,*,#680,.F.);
#680 = EDGE_CURVE('',#664,#673,#681,.T.);
#681 = LINE('',#682,#683);
#682 = CARTESIAN_POINT('',(11.35,-0.299999940395,2.));
#683 = VECTOR('',#684,1.);
#684 = DIRECTION('',(1.,2.22044604925E-16,0.));
#685 = PLANE('',#686);
#686 = AXIS2_PLACEMENT_3D('',#687,#688,#689);
#687 = CARTESIAN_POINT('',(11.35,-0.299999940395,2.));
#688 = DIRECTION('',(0.,0.,-1.));
#689 = DIRECTION('',(-2.22044604925E-16,1.,0.));
#690 = ADVANCED_FACE('',(#691),#707,.T.);
#691 = FACE_BOUND('',#692,.T.);
#692 = EDGE_LOOP('',(#693,#699,#700,#706));
#693 = ORIENTED_EDGE('',*,*,#694,.F.);
#694 = EDGE_CURVE('',#664,#345,#695,.T.);
#695 = LINE('',#696,#697);
#696 = CARTESIAN_POINT('',(11.35,-0.299999940395,1.375));
#697 = VECTOR('',#698,1.);
#698 = DIRECTION('',(0.,0.,1.));
#699 = ORIENTED_EDGE('',*,*,#680,.T.);
#700 = ORIENTED_EDGE('',*,*,#701,.F.);
#701 = EDGE_CURVE('',#355,#673,#702,.T.);
#702 = LINE('',#703,#704);
#703 = CARTESIAN_POINT('',(11.55,-0.299999940395,2.75));
#704 = VECTOR('',#705,1.);
#705 = DIRECTION('',(0.,0.,-1.));
#706 = ORIENTED_EDGE('',*,*,#354,.F.);
#707 = PLANE('',#708);
#708 = AXIS2_PLACEMENT_3D('',#709,#710,#711);
#709 = CARTESIAN_POINT('',(11.35,-0.299999940395,2.75));
#710 = DIRECTION('',(2.22044604925E-16,-1.,0.));
#711 = DIRECTION('',(0.,0.,-1.));
#712 = ADVANCED_FACE('',(#713),#727,.T.);
#713 = FACE_BOUND('',#714,.T.);
#714 = EDGE_LOOP('',(#715,#716,#717,#718,#719,#720,#721,#722,#723,#724,
    #725,#726));
#715 = ORIENTED_EDGE('',*,*,#701,.T.);
#716 = ORIENTED_EDGE('',*,*,#672,.T.);
#717 = ORIENTED_EDGE('',*,*,#641,.T.);
#718 = ORIENTED_EDGE('',*,*,#610,.T.);
#719 = ORIENTED_EDGE('',*,*,#579,.T.);
#720 = ORIENTED_EDGE('',*,*,#548,.T.);
#721 = ORIENTED_EDGE('',*,*,#517,.T.);
#722 = ORIENTED_EDGE('',*,*,#486,.T.);
#723 = ORIENTED_EDGE('',*,*,#455,.T.);
#724 = ORIENTED_EDGE('',*,*,#424,.T.);
#725 = ORIENTED_EDGE('',*,*,#393,.T.);
#726 = ORIENTED_EDGE('',*,*,#362,.T.);
#727 = PLANE('',#728);
#728 = AXIS2_PLACEMENT_3D('',#729,#730,#731);
#729 = CARTESIAN_POINT('',(11.55,-4.999994039536E-02,3.));
#730 = DIRECTION('',(1.,2.22044604925E-16,0.));
#731 = DIRECTION('',(0.,0.,-1.));
#732 = ADVANCED_FACE('',(#733),#767,.T.);
#733 = FACE_BOUND('',#734,.T.);
#734 = EDGE_LOOP('',(#735,#745,#753,#761));
#735 = ORIENTED_EDGE('',*,*,#736,.F.);
#736 = EDGE_CURVE('',#737,#739,#741,.T.);
#737 = VERTEX_POINT('',#738);
#738 = CARTESIAN_POINT('',(-4.150000230968,0.950000059605,3.200000044703
    ));
#739 = VERTEX_POINT('',#740);
#740 = CARTESIAN_POINT('',(-4.150000230968,-1.049999940395,
    3.200000044703));
#741 = LINE('',#742,#743);
#742 = CARTESIAN_POINT('',(-4.150000230968,0.250000029802,3.200000044703
    ));
#743 = VECTOR('',#744,1.);
#744 = DIRECTION('',(2.22044604925E-16,-1.,0.));
#745 = ORIENTED_EDGE('',*,*,#746,.T.);
#746 = EDGE_CURVE('',#737,#747,#749,.T.);
#747 = VERTEX_POINT('',#748);
#748 = CARTESIAN_POINT('',(-4.350000230968,0.950000059605,3.200000044703
    ));
#749 = LINE('',#750,#751);
#750 = CARTESIAN_POINT('',(-4.150000230968,0.950000059605,3.200000044703
    ));
#751 = VECTOR('',#752,1.);
#752 = DIRECTION('',(-1.,-2.22044604925E-16,0.));
#753 = ORIENTED_EDGE('',*,*,#754,.F.);
#754 = EDGE_CURVE('',#755,#747,#757,.T.);
#755 = VERTEX_POINT('',#756);
#756 = CARTESIAN_POINT('',(-4.350000230968,-1.049999940395,
    3.200000044703));
#757 = LINE('',#758,#759);
#758 = CARTESIAN_POINT('',(-4.350000230968,-1.049999940395,
    3.200000044703));
#759 = VECTOR('',#760,1.);
#760 = DIRECTION('',(-2.22044604925E-16,1.,0.));
#761 = ORIENTED_EDGE('',*,*,#762,.F.);
#762 = EDGE_CURVE('',#739,#755,#763,.T.);
#763 = LINE('',#764,#765);
#764 = CARTESIAN_POINT('',(-4.150000230968,-1.049999940395,
    3.200000044703));
#765 = VECTOR('',#766,1.);
#766 = DIRECTION('',(-1.,-2.22044604925E-16,0.));
#767 = PLANE('',#768);
#768 = AXIS2_PLACEMENT_3D('',#769,#770,#771);
#769 = CARTESIAN_POINT('',(-4.150000230968,-1.049999940395,
    3.200000044703));
#770 = DIRECTION('',(0.,0.,1.));
#771 = DIRECTION('',(-2.22044604925E-16,1.,0.));
#772 = ADVANCED_FACE('',(#773),#798,.T.);
#773 = FACE_BOUND('',#774,.T.);
#774 = EDGE_LOOP('',(#775,#783,#784,#792));
#775 = ORIENTED_EDGE('',*,*,#776,.F.);
#776 = EDGE_CURVE('',#739,#777,#779,.T.);
#777 = VERTEX_POINT('',#778);
#778 = CARTESIAN_POINT('',(-4.150000230968,-1.049999940395,
    3.000000044703));
#779 = LINE('',#780,#781);
#780 = CARTESIAN_POINT('',(-4.150000230968,-1.049999940395,
    1.500000022352));
#781 = VECTOR('',#782,1.);
#782 = DIRECTION('',(0.,0.,-1.));
#783 = ORIENTED_EDGE('',*,*,#762,.T.);
#784 = ORIENTED_EDGE('',*,*,#785,.F.);
#785 = EDGE_CURVE('',#786,#755,#788,.T.);
#786 = VERTEX_POINT('',#787);
#787 = CARTESIAN_POINT('',(-4.350000230968,-1.049999940395,
    3.000000044703));
#788 = LINE('',#789,#790);
#789 = CARTESIAN_POINT('',(-4.350000230968,-1.049999940395,
    3.000000044703));
#790 = VECTOR('',#791,1.);
#791 = DIRECTION('',(0.,0.,1.));
#792 = ORIENTED_EDGE('',*,*,#793,.F.);
#793 = EDGE_CURVE('',#777,#786,#794,.T.);
#794 = LINE('',#795,#796);
#795 = CARTESIAN_POINT('',(-4.150000230968,-1.049999940395,
    3.000000044703));
#796 = VECTOR('',#797,1.);
#797 = DIRECTION('',(-1.,-2.22044604925E-16,0.));
#798 = PLANE('',#799);
#799 = AXIS2_PLACEMENT_3D('',#800,#801,#802);
#800 = CARTESIAN_POINT('',(-4.150000230968,-1.049999940395,
    3.000000044703));
#801 = DIRECTION('',(2.22044604925E-16,-1.,0.));
#802 = DIRECTION('',(0.,0.,1.));
#803 = ADVANCED_FACE('',(#804),#829,.T.);
#804 = FACE_BOUND('',#805,.T.);
#805 = EDGE_LOOP('',(#806,#814,#815,#823));
#806 = ORIENTED_EDGE('',*,*,#807,.F.);
#807 = EDGE_CURVE('',#777,#808,#810,.T.);
#808 = VERTEX_POINT('',#809);
#809 = CARTESIAN_POINT('',(-4.150000230968,0.950000059605,3.000000044703
    ));
#810 = LINE('',#811,#812);
#811 = CARTESIAN_POINT('',(-4.150000230968,1.250000029802,3.000000044703
    ));
#812 = VECTOR('',#813,1.);
#813 = DIRECTION('',(-2.22044604925E-16,1.,0.));
#814 = ORIENTED_EDGE('',*,*,#793,.T.);
#815 = ORIENTED_EDGE('',*,*,#816,.F.);
#816 = EDGE_CURVE('',#817,#786,#819,.T.);
#817 = VERTEX_POINT('',#818);
#818 = CARTESIAN_POINT('',(-4.350000230968,0.950000059605,3.000000044703
    ));
#819 = LINE('',#820,#821);
#820 = CARTESIAN_POINT('',(-4.350000230968,0.950000059605,3.000000044703
    ));
#821 = VECTOR('',#822,1.);
#822 = DIRECTION('',(2.22044604925E-16,-1.,0.));
#823 = ORIENTED_EDGE('',*,*,#824,.F.);
#824 = EDGE_CURVE('',#808,#817,#825,.T.);
#825 = LINE('',#826,#827);
#826 = CARTESIAN_POINT('',(-4.150000230968,0.950000059605,3.000000044703
    ));
#827 = VECTOR('',#828,1.);
#828 = DIRECTION('',(-1.,-2.22044604925E-16,0.));
#829 = PLANE('',#830);
#830 = AXIS2_PLACEMENT_3D('',#831,#832,#833);
#831 = CARTESIAN_POINT('',(-4.150000230968,0.950000059605,3.000000044703
    ));
#832 = DIRECTION('',(0.,0.,-1.));
#833 = DIRECTION('',(2.22044604925E-16,-1.,0.));
#834 = ADVANCED_FACE('',(#835),#851,.T.);
#835 = FACE_BOUND('',#836,.T.);
#836 = EDGE_LOOP('',(#837,#843,#844,#850));
#837 = ORIENTED_EDGE('',*,*,#838,.F.);
#838 = EDGE_CURVE('',#808,#737,#839,.T.);
#839 = LINE('',#840,#841);
#840 = CARTESIAN_POINT('',(-4.150000230968,0.950000059605,1.600000022352
    ));
#841 = VECTOR('',#842,1.);
#842 = DIRECTION('',(0.,0.,1.));
#843 = ORIENTED_EDGE('',*,*,#824,.T.);
#844 = ORIENTED_EDGE('',*,*,#845,.F.);
#845 = EDGE_CURVE('',#747,#817,#846,.T.);
#846 = LINE('',#847,#848);
#847 = CARTESIAN_POINT('',(-4.350000230968,0.950000059605,3.200000044703
    ));
#848 = VECTOR('',#849,1.);
#849 = DIRECTION('',(0.,0.,-1.));
#850 = ORIENTED_EDGE('',*,*,#746,.F.);
#851 = PLANE('',#852);
#852 = AXIS2_PLACEMENT_3D('',#853,#854,#855);
#853 = CARTESIAN_POINT('',(-4.150000230968,0.950000059605,3.200000044703
    ));
#854 = DIRECTION('',(-2.22044604925E-16,1.,0.));
#855 = DIRECTION('',(0.,0.,-1.));
#856 = ADVANCED_FACE('',(#857),#863,.T.);
#857 = FACE_BOUND('',#858,.T.);
#858 = EDGE_LOOP('',(#859,#860,#861,#862));
#859 = ORIENTED_EDGE('',*,*,#845,.T.);
#860 = ORIENTED_EDGE('',*,*,#816,.T.);
#861 = ORIENTED_EDGE('',*,*,#785,.T.);
#862 = ORIENTED_EDGE('',*,*,#754,.T.);
#863 = PLANE('',#864);
#864 = AXIS2_PLACEMENT_3D('',#865,#866,#867);
#865 = CARTESIAN_POINT('',(-4.350000230968,-4.999994039536E-02,
    3.100000044703));
#866 = DIRECTION('',(-1.,-2.22044604925E-16,0.));
#867 = DIRECTION('',(0.,0.,1.));
#868 = ADVANCED_FACE('',(#869),#905,.F.);
#869 = FACE_BOUND('',#870,.F.);
#870 = EDGE_LOOP('',(#871,#881,#888,#889,#898));
#871 = ORIENTED_EDGE('',*,*,#872,.T.);
#872 = EDGE_CURVE('',#873,#875,#877,.T.);
#873 = VERTEX_POINT('',#874);
#874 = CARTESIAN_POINT('',(7.199999884516,-2.15,3.));
#875 = VERTEX_POINT('',#876);
#876 = CARTESIAN_POINT('',(7.199999884516,-2.15,5.7));
#877 = LINE('',#878,#879);
#878 = CARTESIAN_POINT('',(7.199999884516,-2.15,5.7));
#879 = VECTOR('',#880,1.);
#880 = DIRECTION('',(0.,0.,1.));
#881 = ORIENTED_EDGE('',*,*,#882,.T.);
#882 = EDGE_CURVE('',#875,#875,#883,.T.);
#883 = CIRCLE('',#884,2.15);
#884 = AXIS2_PLACEMENT_3D('',#885,#886,#887);
#885 = CARTESIAN_POINT('',(7.199999884516,-1.110223024625E-15,5.7));
#886 = DIRECTION('',(0.,0.,-1.));
#887 = DIRECTION('',(-2.22044604925E-16,1.,0.));
#888 = ORIENTED_EDGE('',*,*,#872,.F.);
#889 = ORIENTED_EDGE('',*,*,#890,.T.);
#890 = EDGE_CURVE('',#873,#891,#893,.T.);
#891 = VERTEX_POINT('',#892);
#892 = CARTESIAN_POINT('',(7.199999884516,2.15,3.));
#893 = CIRCLE('',#894,2.15);
#894 = AXIS2_PLACEMENT_3D('',#895,#896,#897);
#895 = CARTESIAN_POINT('',(7.199999884516,-1.110223024625E-15,3.));
#896 = DIRECTION('',(0.,0.,1.));
#897 = DIRECTION('',(2.22044604925E-16,-1.,0.));
#898 = ORIENTED_EDGE('',*,*,#899,.T.);
#899 = EDGE_CURVE('',#891,#873,#900,.T.);
#900 = CIRCLE('',#901,2.15);
#901 = AXIS2_PLACEMENT_3D('',#902,#903,#904);
#902 = CARTESIAN_POINT('',(7.199999884516,-1.110223024625E-15,3.));
#903 = DIRECTION('',(0.,0.,1.));
#904 = DIRECTION('',(2.22044604925E-16,-1.,0.));
#905 = CYLINDRICAL_SURFACE('',#906,2.15);
#906 = AXIS2_PLACEMENT_3D('',#907,#908,#909);
#907 = CARTESIAN_POINT('',(7.199999884516,-1.110223024625E-15,5.7));
#908 = DIRECTION('',(0.,0.,1.));
#909 = DIRECTION('',(-2.22044604925E-16,1.,0.));
#910 = ADVANCED_FACE('',(#911),#947,.F.);
#911 = FACE_BOUND('',#912,.F.);
#912 = EDGE_LOOP('',(#913,#923,#930,#931,#940));
#913 = ORIENTED_EDGE('',*,*,#914,.T.);
#914 = EDGE_CURVE('',#915,#917,#919,.T.);
#915 = VERTEX_POINT('',#916);
#916 = CARTESIAN_POINT('',(-1.154839971794E-07,-2.15,3.));
#917 = VERTEX_POINT('',#918);
#918 = CARTESIAN_POINT('',(-1.154839979201E-07,-2.15,5.7));
#919 = LINE('',#920,#921);
#920 = CARTESIAN_POINT('',(-1.154839971794E-07,-2.15,5.7));
#921 = VECTOR('',#922,1.);
#922 = DIRECTION('',(0.,0.,1.));
#923 = ORIENTED_EDGE('',*,*,#924,.T.);
#924 = EDGE_CURVE('',#917,#917,#925,.T.);
#925 = CIRCLE('',#926,2.15);
#926 = AXIS2_PLACEMENT_3D('',#927,#928,#929);
#927 = CARTESIAN_POINT('',(-1.154839979201E-07,-3.330669073875E-15,5.7)
  );
#928 = DIRECTION('',(0.,0.,-1.));
#929 = DIRECTION('',(-2.22044604925E-16,1.,0.));
#930 = ORIENTED_EDGE('',*,*,#914,.F.);
#931 = ORIENTED_EDGE('',*,*,#932,.T.);
#932 = EDGE_CURVE('',#915,#933,#935,.T.);
#933 = VERTEX_POINT('',#934);
#934 = CARTESIAN_POINT('',(-1.154840001405E-07,2.15,3.));
#935 = CIRCLE('',#936,2.15);
#936 = AXIS2_PLACEMENT_3D('',#937,#938,#939);
#937 = CARTESIAN_POINT('',(-1.154839979201E-07,-3.330669073875E-15,3.));
#938 = DIRECTION('',(0.,0.,1.));
#939 = DIRECTION('',(2.22044604925E-16,-1.,0.));
#940 = ORIENTED_EDGE('',*,*,#941,.T.);
#941 = EDGE_CURVE('',#933,#915,#942,.T.);
#942 = CIRCLE('',#943,2.15);
#943 = AXIS2_PLACEMENT_3D('',#944,#945,#946);
#944 = CARTESIAN_POINT('',(-1.154839979201E-07,-3.330669073875E-15,3.));
#945 = DIRECTION('',(0.,0.,1.));
#946 = DIRECTION('',(2.22044604925E-16,-1.,0.));
#947 = CYLINDRICAL_SURFACE('',#948,2.15);
#948 = AXIS2_PLACEMENT_3D('',#949,#950,#951);
#949 = CARTESIAN_POINT('',(-1.154839979201E-07,-3.330669073875E-15,5.7)
  );
#950 = DIRECTION('',(0.,0.,1.));
#951 = DIRECTION('',(-2.22044604925E-16,1.,0.));
#952 = ADVANCED_FACE('',(#953),#980,.F.);
#953 = FACE_BOUND('',#954,.F.);
#954 = EDGE_LOOP('',(#955,#965,#972,#973));
#955 = ORIENTED_EDGE('',*,*,#956,.T.);
#956 = EDGE_CURVE('',#957,#959,#961,.T.);
#957 = VERTEX_POINT('',#958);
#958 = CARTESIAN_POINT('',(-1.154839979201E-07,-2.25,15.7));
#959 = VERTEX_POINT('',#960);
#960 = CARTESIAN_POINT('',(-1.154839979201E-07,-2.25,5.7));
#961 = LINE('',#962,#963);
#962 = CARTESIAN_POINT('',(-1.15483997696E-07,-2.25,15.7));
#963 = VECTOR('',#964,1.);
#964 = DIRECTION('',(0.,0.,-1.));
#965 = ORIENTED_EDGE('',*,*,#966,.F.);
#966 = EDGE_CURVE('',#959,#959,#967,.T.);
#967 = CIRCLE('',#968,2.25);
#968 = AXIS2_PLACEMENT_3D('',#969,#970,#971);
#969 = CARTESIAN_POINT('',(-1.154839979201E-07,-3.330669073875E-15,5.7)
  );
#970 = DIRECTION('',(0.,0.,-1.));
#971 = DIRECTION('',(-2.22044604925E-16,1.,0.));
#972 = ORIENTED_EDGE('',*,*,#956,.F.);
#973 = ORIENTED_EDGE('',*,*,#974,.T.);
#974 = EDGE_CURVE('',#957,#957,#975,.T.);
#975 = CIRCLE('',#976,2.25);
#976 = AXIS2_PLACEMENT_3D('',#977,#978,#979);
#977 = CARTESIAN_POINT('',(-1.154839979201E-07,-3.330669073875E-15,15.7)
  );
#978 = DIRECTION('',(0.,0.,-1.));
#979 = DIRECTION('',(-2.22044604925E-16,1.,0.));
#980 = CYLINDRICAL_SURFACE('',#981,2.25);
#981 = AXIS2_PLACEMENT_3D('',#982,#983,#984);
#982 = CARTESIAN_POINT('',(-1.154839979201E-07,-3.330669073875E-15,15.7)
  );
#983 = DIRECTION('',(0.,0.,-1.));
#984 = DIRECTION('',(-2.22044604925E-16,1.,0.));
#985 = ADVANCED_FACE('',(#986,#989),#992,.T.);
#986 = FACE_BOUND('',#987,.T.);
#987 = EDGE_LOOP('',(#988));
#988 = ORIENTED_EDGE('',*,*,#966,.F.);
#989 = FACE_BOUND('',#990,.T.);
#990 = EDGE_LOOP('',(#991));
#991 = ORIENTED_EDGE('',*,*,#924,.T.);
#992 = PLANE('',#993);
#993 = AXIS2_PLACEMENT_3D('',#994,#995,#996);
#994 = CARTESIAN_POINT('',(-1.154839979201E-07,-3.330669073875E-15,5.7)
  );
#995 = DIRECTION('',(0.,0.,1.));
#996 = DIRECTION('',(-2.22044604925E-16,1.,0.));
#997 = ADVANCED_FACE('',(#998),#1025,.F.);
#998 = FACE_BOUND('',#999,.F.);
#999 = EDGE_LOOP('',(#1000,#1010,#1017,#1018));
#1000 = ORIENTED_EDGE('',*,*,#1001,.T.);
#1001 = EDGE_CURVE('',#1002,#1004,#1006,.T.);
#1002 = VERTEX_POINT('',#1003);
#1003 = CARTESIAN_POINT('',(7.199999884516,-2.25,15.7));
#1004 = VERTEX_POINT('',#1005);
#1005 = CARTESIAN_POINT('',(7.199999884516,-2.25,5.7));
#1006 = LINE('',#1007,#1008);
#1007 = CARTESIAN_POINT('',(7.199999884516,-2.25,15.7));
#1008 = VECTOR('',#1009,1.);
#1009 = DIRECTION('',(0.,0.,-1.));
#1010 = ORIENTED_EDGE('',*,*,#1011,.F.);
#1011 = EDGE_CURVE('',#1004,#1004,#1012,.T.);
#1012 = CIRCLE('',#1013,2.25);
#1013 = AXIS2_PLACEMENT_3D('',#1014,#1015,#1016);
#1014 = CARTESIAN_POINT('',(7.199999884516,-1.110223024625E-15,5.7));
#1015 = DIRECTION('',(0.,0.,-1.));
#1016 = DIRECTION('',(-2.22044604925E-16,1.,0.));
#1017 = ORIENTED_EDGE('',*,*,#1001,.F.);
#1018 = ORIENTED_EDGE('',*,*,#1019,.T.);
#1019 = EDGE_CURVE('',#1002,#1002,#1020,.T.);
#1020 = CIRCLE('',#1021,2.25);
#1021 = AXIS2_PLACEMENT_3D('',#1022,#1023,#1024);
#1022 = CARTESIAN_POINT('',(7.199999884516,-1.110223024625E-15,15.7));
#1023 = DIRECTION('',(0.,0.,-1.));
#1024 = DIRECTION('',(-2.22044604925E-16,1.,0.));
#1025 = CYLINDRICAL_SURFACE('',#1026,2.25);
#1026 = AXIS2_PLACEMENT_3D('',#1027,#1028,#1029);
#1027 = CARTESIAN_POINT('',(7.199999884516,-1.110223024625E-15,15.7));
#1028 = DIRECTION('',(0.,0.,-1.));
#1029 = DIRECTION('',(-2.22044604925E-16,1.,0.));
#1030 = ADVANCED_FACE('',(#1031,#1034),#1037,.T.);
#1031 = FACE_BOUND('',#1032,.T.);
#1032 = EDGE_LOOP('',(#1033));
#1033 = ORIENTED_EDGE('',*,*,#1011,.F.);
#1034 = FACE_BOUND('',#1035,.T.);
#1035 = EDGE_LOOP('',(#1036));
#1036 = ORIENTED_EDGE('',*,*,#882,.T.);
#1037 = PLANE('',#1038);
#1038 = AXIS2_PLACEMENT_3D('',#1039,#1040,#1041);
#1039 = CARTESIAN_POINT('',(7.199999884516,-1.110223024625E-15,5.7));
#1040 = DIRECTION('',(0.,0.,1.));
#1041 = DIRECTION('',(-2.22044604925E-16,1.,0.));
#1042 = ADVANCED_FACE('',(#1043),#1070,.F.);
#1043 = FACE_BOUND('',#1044,.F.);
#1044 = EDGE_LOOP('',(#1045,#1055,#1062,#1063));
#1045 = ORIENTED_EDGE('',*,*,#1046,.T.);
#1046 = EDGE_CURVE('',#1047,#1049,#1051,.T.);
#1047 = VERTEX_POINT('',#1048);
#1048 = CARTESIAN_POINT('',(-1.154840001405E-07,3.,0.));
#1049 = VERTEX_POINT('',#1050);
#1050 = CARTESIAN_POINT('',(-1.154840001405E-07,3.,3.));
#1051 = LINE('',#1052,#1053);
#1052 = CARTESIAN_POINT('',(-1.154839989536E-07,3.,0.));
#1053 = VECTOR('',#1054,1.);
#1054 = DIRECTION('',(0.,0.,1.));
#1055 = ORIENTED_EDGE('',*,*,#1056,.F.);
#1056 = EDGE_CURVE('',#1049,#1049,#1057,.T.);
#1057 = CIRCLE('',#1058,3.);
#1058 = AXIS2_PLACEMENT_3D('',#1059,#1060,#1061);
#1059 = CARTESIAN_POINT('',(-1.154839979201E-07,-3.330669073875E-15,3.)
  );
#1060 = DIRECTION('',(0.,0.,1.));
#1061 = DIRECTION('',(2.22044604925E-16,-1.,0.));
#1062 = ORIENTED_EDGE('',*,*,#1046,.F.);
#1063 = ORIENTED_EDGE('',*,*,#1064,.T.);
#1064 = EDGE_CURVE('',#1047,#1047,#1065,.T.);
#1065 = CIRCLE('',#1066,3.);
#1066 = AXIS2_PLACEMENT_3D('',#1067,#1068,#1069);
#1067 = CARTESIAN_POINT('',(-1.154839979201E-07,-3.330669073875E-15,0.)
  );
#1068 = DIRECTION('',(0.,0.,1.));
#1069 = DIRECTION('',(2.22044604925E-16,-1.,0.));
#1070 = CYLINDRICAL_SURFACE('',#1071,3.);
#1071 = AXIS2_PLACEMENT_3D('',#1072,#1073,#1074);
#1072 = CARTESIAN_POINT('',(-1.154839979201E-07,-3.330669073875E-15,0.)
  );
#1073 = DIRECTION('',(0.,0.,1.));
#1074 = DIRECTION('',(2.22044604925E-16,-1.,0.));
#1075 = ADVANCED_FACE('',(#1076,#1079),#1083,.T.);
#1076 = FACE_BOUND('',#1077,.T.);
#1077 = EDGE_LOOP('',(#1078));
#1078 = ORIENTED_EDGE('',*,*,#1056,.F.);
#1079 = FACE_BOUND('',#1080,.T.);
#1080 = EDGE_LOOP('',(#1081,#1082));
#1081 = ORIENTED_EDGE('',*,*,#941,.T.);
#1082 = ORIENTED_EDGE('',*,*,#932,.T.);
#1083 = PLANE('',#1084);
#1084 = AXIS2_PLACEMENT_3D('',#1085,#1086,#1087);
#1085 = CARTESIAN_POINT('',(-1.154839979201E-07,-3.330669073875E-15,3.)
  );
#1086 = DIRECTION('',(0.,0.,-1.));
#1087 = DIRECTION('',(2.22044604925E-16,-1.,0.));
#1088 = ADVANCED_FACE('',(#1089),#1116,.F.);
#1089 = FACE_BOUND('',#1090,.F.);
#1090 = EDGE_LOOP('',(#1091,#1101,#1108,#1109));
#1091 = ORIENTED_EDGE('',*,*,#1092,.T.);
#1092 = EDGE_CURVE('',#1093,#1095,#1097,.T.);
#1093 = VERTEX_POINT('',#1094);
#1094 = CARTESIAN_POINT('',(7.199999884516,3.,0.));
#1095 = VERTEX_POINT('',#1096);
#1096 = CARTESIAN_POINT('',(7.199999884516,3.,3.));
#1097 = LINE('',#1098,#1099);
#1098 = CARTESIAN_POINT('',(7.199999884516,3.,0.));
#1099 = VECTOR('',#1100,1.);
#1100 = DIRECTION('',(0.,0.,1.));
#1101 = ORIENTED_EDGE('',*,*,#1102,.F.);
#1102 = EDGE_CURVE('',#1095,#1095,#1103,.T.);
#1103 = CIRCLE('',#1104,3.);
#1104 = AXIS2_PLACEMENT_3D('',#1105,#1106,#1107);
#1105 = CARTESIAN_POINT('',(7.199999884516,-1.110223024625E-15,3.));
#1106 = DIRECTION('',(0.,0.,1.));
#1107 = DIRECTION('',(2.22044604925E-16,-1.,0.));
#1108 = ORIENTED_EDGE('',*,*,#1092,.F.);
#1109 = ORIENTED_EDGE('',*,*,#1110,.T.);
#1110 = EDGE_CURVE('',#1093,#1093,#1111,.T.);
#1111 = CIRCLE('',#1112,3.);
#1112 = AXIS2_PLACEMENT_3D('',#1113,#1114,#1115);
#1113 = CARTESIAN_POINT('',(7.199999884516,-1.110223024625E-15,0.));
#1114 = DIRECTION('',(0.,0.,1.));
#1115 = DIRECTION('',(2.22044604925E-16,-1.,0.));
#1116 = CYLINDRICAL_SURFACE('',#1117,3.);
#1117 = AXIS2_PLACEMENT_3D('',#1118,#1119,#1120);
#1118 = CARTESIAN_POINT('',(7.199999884516,-1.110223024625E-15,0.));
#1119 = DIRECTION('',(0.,0.,1.));
#1120 = DIRECTION('',(2.22044604925E-16,-1.,0.));
#1121 = ADVANCED_FACE('',(#1122,#1125),#1129,.T.);
#1122 = FACE_BOUND('',#1123,.T.);
#1123 = EDGE_LOOP('',(#1124));
#1124 = ORIENTED_EDGE('',*,*,#1102,.F.);
#1125 = FACE_BOUND('',#1126,.T.);
#1126 = EDGE_LOOP('',(#1127,#1128));
#1127 = ORIENTED_EDGE('',*,*,#899,.T.);
#1128 = ORIENTED_EDGE('',*,*,#890,.T.);
#1129 = PLANE('',#1130);
#1130 = AXIS2_PLACEMENT_3D('',#1131,#1132,#1133);
#1131 = CARTESIAN_POINT('',(7.199999884516,-1.110223024625E-15,3.));
#1132 = DIRECTION('',(0.,0.,-1.));
#1133 = DIRECTION('',(2.22044604925E-16,-1.,0.));
#1134 = ADVANCED_FACE('',(#1135),#1169,.T.);
#1135 = FACE_BOUND('',#1136,.T.);
#1136 = EDGE_LOOP('',(#1137,#1147,#1155,#1163));
#1137 = ORIENTED_EDGE('',*,*,#1138,.F.);
#1138 = EDGE_CURVE('',#1139,#1141,#1143,.T.);
#1139 = VERTEX_POINT('',#1140);
#1140 = CARTESIAN_POINT('',(4.248604327841,2.3,15.7));
#1141 = VERTEX_POINT('',#1142);
#1142 = CARTESIAN_POINT('',(4.248604327841,-1.7,15.7));
#1143 = LINE('',#1144,#1145);
#1144 = CARTESIAN_POINT('',(4.248604327841,-0.85,15.7));
#1145 = VECTOR('',#1146,1.);
#1146 = DIRECTION('',(2.22044604925E-16,-1.,0.));
#1147 = ORIENTED_EDGE('',*,*,#1148,.T.);
#1148 = EDGE_CURVE('',#1139,#1149,#1151,.T.);
#1149 = VERTEX_POINT('',#1150);
#1150 = CARTESIAN_POINT('',(4.248604327841,2.3,16.7));
#1151 = LINE('',#1152,#1153);
#1152 = CARTESIAN_POINT('',(4.248604327841,2.3,15.7));
#1153 = VECTOR('',#1154,1.);
#1154 = DIRECTION('',(0.,0.,1.));
#1155 = ORIENTED_EDGE('',*,*,#1156,.F.);
#1156 = EDGE_CURVE('',#1157,#1149,#1159,.T.);
#1157 = VERTEX_POINT('',#1158);
#1158 = CARTESIAN_POINT('',(4.248604327841,-1.7,16.7));
#1159 = LINE('',#1160,#1161);
#1160 = CARTESIAN_POINT('',(4.248604327841,-1.7,16.7));
#1161 = VECTOR('',#1162,1.);
#1162 = DIRECTION('',(-2.22044604925E-16,1.,0.));
#1163 = ORIENTED_EDGE('',*,*,#1164,.F.);
#1164 = EDGE_CURVE('',#1141,#1157,#1165,.T.);
#1165 = LINE('',#1166,#1167);
#1166 = CARTESIAN_POINT('',(4.248604327841,-1.7,15.7));
#1167 = VECTOR('',#1168,1.);
#1168 = DIRECTION('',(0.,0.,1.));
#1169 = PLANE('',#1170);
#1170 = AXIS2_PLACEMENT_3D('',#1171,#1172,#1173);
#1171 = CARTESIAN_POINT('',(4.248604327841,-1.7,15.7));
#1172 = DIRECTION('',(1.,2.22044604925E-16,0.));
#1173 = DIRECTION('',(-2.22044604925E-16,1.,0.));
#1174 = ADVANCED_FACE('',(#1175),#1200,.T.);
#1175 = FACE_BOUND('',#1176,.T.);
#1176 = EDGE_LOOP('',(#1177,#1185,#1186,#1194));
#1177 = ORIENTED_EDGE('',*,*,#1178,.F.);
#1178 = EDGE_CURVE('',#1141,#1179,#1181,.T.);
#1179 = VERTEX_POINT('',#1180);
#1180 = CARTESIAN_POINT('',(2.948604327841,-1.7,15.7));
#1181 = LINE('',#1182,#1183);
#1182 = CARTESIAN_POINT('',(3.274302106178,-1.7,15.7));
#1183 = VECTOR('',#1184,1.);
#1184 = DIRECTION('',(-1.,-2.22044604925E-16,0.));
#1185 = ORIENTED_EDGE('',*,*,#1164,.T.);
#1186 = ORIENTED_EDGE('',*,*,#1187,.F.);
#1187 = EDGE_CURVE('',#1188,#1157,#1190,.T.);
#1188 = VERTEX_POINT('',#1189);
#1189 = CARTESIAN_POINT('',(2.948604327841,-1.7,16.7));
#1190 = LINE('',#1191,#1192);
#1191 = CARTESIAN_POINT('',(2.948604327841,-1.7,16.7));
#1192 = VECTOR('',#1193,1.);
#1193 = DIRECTION('',(1.,2.22044604925E-16,0.));
#1194 = ORIENTED_EDGE('',*,*,#1195,.F.);
#1195 = EDGE_CURVE('',#1179,#1188,#1196,.T.);
#1196 = LINE('',#1197,#1198);
#1197 = CARTESIAN_POINT('',(2.948604327841,-1.7,15.7));
#1198 = VECTOR('',#1199,1.);
#1199 = DIRECTION('',(0.,0.,1.));
#1200 = PLANE('',#1201);
#1201 = AXIS2_PLACEMENT_3D('',#1202,#1203,#1204);
#1202 = CARTESIAN_POINT('',(2.948604327841,-1.7,15.7));
#1203 = DIRECTION('',(2.22044604925E-16,-1.,0.));
#1204 = DIRECTION('',(1.,2.22044604925E-16,0.));
#1205 = ADVANCED_FACE('',(#1206),#1231,.T.);
#1206 = FACE_BOUND('',#1207,.T.);
#1207 = EDGE_LOOP('',(#1208,#1216,#1217,#1225));
#1208 = ORIENTED_EDGE('',*,*,#1209,.F.);
#1209 = EDGE_CURVE('',#1179,#1210,#1212,.T.);
#1210 = VERTEX_POINT('',#1211);
#1211 = CARTESIAN_POINT('',(2.948604327841,2.3,15.7));
#1212 = LINE('',#1213,#1214);
#1213 = CARTESIAN_POINT('',(2.948604327841,1.15,15.7));
#1214 = VECTOR('',#1215,1.);
#1215 = DIRECTION('',(-2.22044604925E-16,1.,0.));
#1216 = ORIENTED_EDGE('',*,*,#1195,.T.);
#1217 = ORIENTED_EDGE('',*,*,#1218,.F.);
#1218 = EDGE_CURVE('',#1219,#1188,#1221,.T.);
#1219 = VERTEX_POINT('',#1220);
#1220 = CARTESIAN_POINT('',(2.948604327841,2.3,16.7));
#1221 = LINE('',#1222,#1223);
#1222 = CARTESIAN_POINT('',(2.948604327841,2.3,16.7));
#1223 = VECTOR('',#1224,1.);
#1224 = DIRECTION('',(2.22044604925E-16,-1.,0.));
#1225 = ORIENTED_EDGE('',*,*,#1226,.F.);
#1226 = EDGE_CURVE('',#1210,#1219,#1227,.T.);
#1227 = LINE('',#1228,#1229);
#1228 = CARTESIAN_POINT('',(2.948604327841,2.3,15.7));
#1229 = VECTOR('',#1230,1.);
#1230 = DIRECTION('',(0.,0.,1.));
#1231 = PLANE('',#1232);
#1232 = AXIS2_PLACEMENT_3D('',#1233,#1234,#1235);
#1233 = CARTESIAN_POINT('',(2.948604327841,2.3,15.7));
#1234 = DIRECTION('',(-1.,-2.22044604925E-16,0.));
#1235 = DIRECTION('',(2.22044604925E-16,-1.,0.));
#1236 = ADVANCED_FACE('',(#1237),#1253,.T.);
#1237 = FACE_BOUND('',#1238,.T.);
#1238 = EDGE_LOOP('',(#1239,#1245,#1246,#1252));
#1239 = ORIENTED_EDGE('',*,*,#1240,.F.);
#1240 = EDGE_CURVE('',#1210,#1139,#1241,.T.);
#1241 = LINE('',#1242,#1243);
#1242 = CARTESIAN_POINT('',(3.924302106179,2.3,15.7));
#1243 = VECTOR('',#1244,1.);
#1244 = DIRECTION('',(1.,2.22044604925E-16,0.));
#1245 = ORIENTED_EDGE('',*,*,#1226,.T.);
#1246 = ORIENTED_EDGE('',*,*,#1247,.F.);
#1247 = EDGE_CURVE('',#1149,#1219,#1248,.T.);
#1248 = LINE('',#1249,#1250);
#1249 = CARTESIAN_POINT('',(4.248604327841,2.3,16.7));
#1250 = VECTOR('',#1251,1.);
#1251 = DIRECTION('',(-1.,-2.22044604925E-16,0.));
#1252 = ORIENTED_EDGE('',*,*,#1148,.F.);
#1253 = PLANE('',#1254);
#1254 = AXIS2_PLACEMENT_3D('',#1255,#1256,#1257);
#1255 = CARTESIAN_POINT('',(4.248604327841,2.3,15.7));
#1256 = DIRECTION('',(-2.22044604925E-16,1.,0.));
#1257 = DIRECTION('',(-1.,-2.22044604925E-16,0.));
#1258 = ADVANCED_FACE('',(#1259),#1265,.T.);
#1259 = FACE_BOUND('',#1260,.T.);
#1260 = EDGE_LOOP('',(#1261,#1262,#1263,#1264));
#1261 = ORIENTED_EDGE('',*,*,#1247,.T.);
#1262 = ORIENTED_EDGE('',*,*,#1218,.T.);
#1263 = ORIENTED_EDGE('',*,*,#1187,.T.);
#1264 = ORIENTED_EDGE('',*,*,#1156,.T.);
#1265 = PLANE('',#1266);
#1266 = AXIS2_PLACEMENT_3D('',#1267,#1268,#1269);
#1267 = CARTESIAN_POINT('',(3.598604327841,0.3,16.7));
#1268 = DIRECTION('',(0.,0.,1.));
#1269 = DIRECTION('',(-2.22044604925E-16,1.,0.));
#1270 = ADVANCED_FACE('',(#1271),#1305,.F.);
#1271 = FACE_BOUND('',#1272,.T.);
#1272 = EDGE_LOOP('',(#1273,#1283,#1291,#1299));
#1273 = ORIENTED_EDGE('',*,*,#1274,.F.);
#1274 = EDGE_CURVE('',#1275,#1277,#1279,.T.);
#1275 = VERTEX_POINT('',#1276);
#1276 = CARTESIAN_POINT('',(4.6,-3.3,15.7));
#1277 = VERTEX_POINT('',#1278);
#1278 = CARTESIAN_POINT('',(4.6,-3.3,8.));
#1279 = LINE('',#1280,#1281);
#1280 = CARTESIAN_POINT('',(4.6,-3.3,11.85));
#1281 = VECTOR('',#1282,1.);
#1282 = DIRECTION('',(0.,0.,-1.));
#1283 = ORIENTED_EDGE('',*,*,#1284,.F.);
#1284 = EDGE_CURVE('',#1285,#1275,#1287,.T.);
#1285 = VERTEX_POINT('',#1286);
#1286 = CARTESIAN_POINT('',(4.6,-2.3,15.7));
#1287 = LINE('',#1288,#1289);
#1288 = CARTESIAN_POINT('',(4.6,-1.65,15.7));
#1289 = VECTOR('',#1290,1.);
#1290 = DIRECTION('',(2.22044604925E-16,-1.,0.));
#1291 = ORIENTED_EDGE('',*,*,#1292,.T.);
#1292 = EDGE_CURVE('',#1285,#1293,#1295,.T.);
#1293 = VERTEX_POINT('',#1294);
#1294 = CARTESIAN_POINT('',(4.6,-2.3,8.));
#1295 = LINE('',#1296,#1297);
#1296 = CARTESIAN_POINT('',(4.6,-2.3,15.7));
#1297 = VECTOR('',#1298,1.);
#1298 = DIRECTION('',(0.,0.,-1.));
#1299 = ORIENTED_EDGE('',*,*,#1300,.F.);
#1300 = EDGE_CURVE('',#1277,#1293,#1301,.T.);
#1301 = LINE('',#1302,#1303);
#1302 = CARTESIAN_POINT('',(4.6,-3.3,8.));
#1303 = VECTOR('',#1304,1.);
#1304 = DIRECTION('',(-2.22044604925E-16,1.,0.));
#1305 = PLANE('',#1306);
#1306 = AXIS2_PLACEMENT_3D('',#1307,#1308,#1309);
#1307 = CARTESIAN_POINT('',(4.6,-3.3,15.7));
#1308 = DIRECTION('',(1.,2.22044604925E-16,0.));
#1309 = DIRECTION('',(0.,0.,-1.));
#1310 = ADVANCED_FACE('',(#1311),#1345,.F.);
#1311 = FACE_BOUND('',#1312,.T.);
#1312 = EDGE_LOOP('',(#1313,#1323,#1331,#1339));
#1313 = ORIENTED_EDGE('',*,*,#1314,.F.);
#1314 = EDGE_CURVE('',#1315,#1317,#1319,.T.);
#1315 = VERTEX_POINT('',#1316);
#1316 = CARTESIAN_POINT('',(2.6,-3.3,8.));
#1317 = VERTEX_POINT('',#1318);
#1318 = CARTESIAN_POINT('',(2.6,-3.3,15.7));
#1319 = LINE('',#1320,#1321);
#1320 = CARTESIAN_POINT('',(2.6,-3.3,8.));
#1321 = VECTOR('',#1322,1.);
#1322 = DIRECTION('',(0.,0.,1.));
#1323 = ORIENTED_EDGE('',*,*,#1324,.T.);
#1324 = EDGE_CURVE('',#1315,#1325,#1327,.T.);
#1325 = VERTEX_POINT('',#1326);
#1326 = CARTESIAN_POINT('',(2.6,-2.3,8.));
#1327 = LINE('',#1328,#1329);
#1328 = CARTESIAN_POINT('',(2.6,-3.3,8.));
#1329 = VECTOR('',#1330,1.);
#1330 = DIRECTION('',(-2.22044604925E-16,1.,0.));
#1331 = ORIENTED_EDGE('',*,*,#1332,.T.);
#1332 = EDGE_CURVE('',#1325,#1333,#1335,.T.);
#1333 = VERTEX_POINT('',#1334);
#1334 = CARTESIAN_POINT('',(2.6,-2.3,15.7));
#1335 = LINE('',#1336,#1337);
#1336 = CARTESIAN_POINT('',(2.6,-2.3,8.));
#1337 = VECTOR('',#1338,1.);
#1338 = DIRECTION('',(0.,0.,1.));
#1339 = ORIENTED_EDGE('',*,*,#1340,.F.);
#1340 = EDGE_CURVE('',#1317,#1333,#1341,.T.);
#1341 = LINE('',#1342,#1343);
#1342 = CARTESIAN_POINT('',(2.6,-1.65,15.7));
#1343 = VECTOR('',#1344,1.);
#1344 = DIRECTION('',(-2.22044604925E-16,1.,0.));
#1345 = PLANE('',#1346);
#1346 = AXIS2_PLACEMENT_3D('',#1347,#1348,#1349);
#1347 = CARTESIAN_POINT('',(2.6,-3.3,8.));
#1348 = DIRECTION('',(-1.,-2.22044604925E-16,0.));
#1349 = DIRECTION('',(0.,0.,1.));
#1350 = ADVANCED_FACE('',(#1351),#1367,.F.);
#1351 = FACE_BOUND('',#1352,.T.);
#1352 = EDGE_LOOP('',(#1353,#1354,#1360,#1361));
#1353 = ORIENTED_EDGE('',*,*,#1332,.F.);
#1354 = ORIENTED_EDGE('',*,*,#1355,.F.);
#1355 = EDGE_CURVE('',#1293,#1325,#1356,.T.);
#1356 = LINE('',#1357,#1358);
#1357 = CARTESIAN_POINT('',(4.6,-2.3,8.));
#1358 = VECTOR('',#1359,1.);
#1359 = DIRECTION('',(-1.,-1.978640359166E-16,0.));
#1360 = ORIENTED_EDGE('',*,*,#1292,.F.);
#1361 = ORIENTED_EDGE('',*,*,#1362,.F.);
#1362 = EDGE_CURVE('',#1333,#1285,#1363,.T.);
#1363 = LINE('',#1364,#1365);
#1364 = CARTESIAN_POINT('',(3.599999942258,-2.3,15.7));
#1365 = VECTOR('',#1366,1.);
#1366 = DIRECTION('',(1.,2.22044604925E-16,0.));
#1367 = PLANE('',#1368);
#1368 = AXIS2_PLACEMENT_3D('',#1369,#1370,#1371);
#1369 = CARTESIAN_POINT('',(3.6,-2.3,11.85));
#1370 = DIRECTION('',(-2.22044604925E-16,1.,0.));
#1371 = DIRECTION('',(0.,0.,-1.));
#1372 = ADVANCED_FACE('',(#1373,#1432,#1435,#1438),#1444,.T.);
#1373 = FACE_BOUND('',#1374,.T.);
#1374 = EDGE_LOOP('',(#1375,#1376,#1377,#1378,#1386,#1394,#1402,#1410,
    #1418,#1426));
#1375 = ORIENTED_EDGE('',*,*,#1340,.T.);
#1376 = ORIENTED_EDGE('',*,*,#1362,.T.);
#1377 = ORIENTED_EDGE('',*,*,#1284,.T.);
#1378 = ORIENTED_EDGE('',*,*,#1379,.T.);
#1379 = EDGE_CURVE('',#1275,#1380,#1382,.T.);
#1380 = VERTEX_POINT('',#1381);
#1381 = CARTESIAN_POINT('',(10.6,-3.3,15.7));
#1382 = LINE('',#1383,#1384);
#1383 = CARTESIAN_POINT('',(-0.878462564674,-3.3,15.7));
#1384 = VECTOR('',#1385,1.);
#1385 = DIRECTION('',(1.,1.978640359166E-16,0.));
#1386 = ORIENTED_EDGE('',*,*,#1387,.T.);
#1387 = EDGE_CURVE('',#1380,#1388,#1390,.T.);
#1388 = VERTEX_POINT('',#1389);
#1389 = CARTESIAN_POINT('',(10.6,3.3,15.7));
#1390 = LINE('',#1391,#1392);
#1391 = CARTESIAN_POINT('',(10.6,-3.3,15.7));
#1392 = VECTOR('',#1393,1.);
#1393 = DIRECTION('',(-2.22044604925E-16,1.,0.));
#1394 = ORIENTED_EDGE('',*,*,#1395,.T.);
#1395 = EDGE_CURVE('',#1388,#1396,#1398,.T.);
#1396 = VERTEX_POINT('',#1397);
#1397 = CARTESIAN_POINT('',(-0.878462737987,3.3,15.7));
#1398 = LINE('',#1399,#1400);
#1399 = CARTESIAN_POINT('',(10.6,3.3,15.7));
#1400 = VECTOR('',#1401,1.);
#1401 = DIRECTION('',(-1.,-2.22044604925E-16,0.));
#1402 = ORIENTED_EDGE('',*,*,#1403,.T.);
#1403 = EDGE_CURVE('',#1396,#1404,#1406,.T.);
#1404 = VERTEX_POINT('',#1405);
#1405 = CARTESIAN_POINT('',(-3.400000230968,1.198718787161,15.7));
#1406 = LINE('',#1407,#1408);
#1407 = CARTESIAN_POINT('',(-0.878462737987,3.3,15.7));
#1408 = VECTOR('',#1409,1.);
#1409 = DIRECTION('',(-0.768221284289,-0.640184394035,0.));
#1410 = ORIENTED_EDGE('',*,*,#1411,.T.);
#1411 = EDGE_CURVE('',#1404,#1412,#1414,.T.);
#1412 = VERTEX_POINT('',#1413);
#1413 = CARTESIAN_POINT('',(-3.400000230968,-1.198718773198,15.7));
#1414 = LINE('',#1415,#1416);
#1415 = CARTESIAN_POINT('',(-3.400000230968,1.198718787161,15.7));
#1416 = VECTOR('',#1417,1.);
#1417 = DIRECTION('',(1.148219319948E-15,-1.,0.));
#1418 = ORIENTED_EDGE('',*,*,#1419,.T.);
#1419 = EDGE_CURVE('',#1412,#1420,#1422,.T.);
#1420 = VERTEX_POINT('',#1421);
#1421 = CARTESIAN_POINT('',(-0.878462564674,-3.3,15.7));
#1422 = LINE('',#1423,#1424);
#1423 = CARTESIAN_POINT('',(-3.400000230968,-1.198718773198,15.7));
#1424 = VECTOR('',#1425,1.);
#1425 = DIRECTION('',(0.768221303837,-0.640184370577,0.));
#1426 = ORIENTED_EDGE('',*,*,#1427,.T.);
#1427 = EDGE_CURVE('',#1420,#1317,#1428,.T.);
#1428 = LINE('',#1429,#1430);
#1429 = CARTESIAN_POINT('',(-0.878462564674,-3.3,15.7));
#1430 = VECTOR('',#1431,1.);
#1431 = DIRECTION('',(1.,1.978640359166E-16,0.));
#1432 = FACE_BOUND('',#1433,.T.);
#1433 = EDGE_LOOP('',(#1434));
#1434 = ORIENTED_EDGE('',*,*,#974,.T.);
#1435 = FACE_BOUND('',#1436,.T.);
#1436 = EDGE_LOOP('',(#1437));
#1437 = ORIENTED_EDGE('',*,*,#1019,.T.);
#1438 = FACE_BOUND('',#1439,.T.);
#1439 = EDGE_LOOP('',(#1440,#1441,#1442,#1443));
#1440 = ORIENTED_EDGE('',*,*,#1138,.T.);
#1441 = ORIENTED_EDGE('',*,*,#1178,.T.);
#1442 = ORIENTED_EDGE('',*,*,#1209,.T.);
#1443 = ORIENTED_EDGE('',*,*,#1240,.T.);
#1444 = PLANE('',#1445);
#1445 = AXIS2_PLACEMENT_3D('',#1446,#1447,#1448);
#1446 = CARTESIAN_POINT('',(3.599999884516,-1.665334536938E-15,15.7));
#1447 = DIRECTION('',(0.,0.,1.));
#1448 = DIRECTION('',(-2.22044604925E-16,1.,0.));
#1449 = ADVANCED_FACE('',(#1450),#1468,.T.);
#1450 = FACE_BOUND('',#1451,.T.);
#1451 = EDGE_LOOP('',(#1452,#1453,#1461,#1467));
#1452 = ORIENTED_EDGE('',*,*,#1274,.T.);
#1453 = ORIENTED_EDGE('',*,*,#1454,.F.);
#1454 = EDGE_CURVE('',#1455,#1277,#1457,.T.);
#1455 = VERTEX_POINT('',#1456);
#1456 = CARTESIAN_POINT('',(10.6,-3.3,8.));
#1457 = LINE('',#1458,#1459);
#1458 = CARTESIAN_POINT('',(1.360768659921,-3.3,8.));
#1459 = VECTOR('',#1460,1.);
#1460 = DIRECTION('',(-1.,-1.978640359166E-16,0.));
#1461 = ORIENTED_EDGE('',*,*,#1462,.T.);
#1462 = EDGE_CURVE('',#1455,#1380,#1463,.T.);
#1463 = LINE('',#1464,#1465);
#1464 = CARTESIAN_POINT('',(10.6,-3.3,8.));
#1465 = VECTOR('',#1466,1.);
#1466 = DIRECTION('',(0.,0.,1.));
#1467 = ORIENTED_EDGE('',*,*,#1379,.F.);
#1468 = PLANE('',#1469);
#1469 = AXIS2_PLACEMENT_3D('',#1470,#1471,#1472);
#1470 = CARTESIAN_POINT('',(-0.878462564674,-3.3,8.));
#1471 = DIRECTION('',(1.978640359166E-16,-1.,0.));
#1472 = DIRECTION('',(1.,1.978640359166E-16,0.));
#1473 = ADVANCED_FACE('',(#1474),#1499,.T.);
#1474 = FACE_BOUND('',#1475,.T.);
#1475 = EDGE_LOOP('',(#1476,#1486,#1492,#1493));
#1476 = ORIENTED_EDGE('',*,*,#1477,.F.);
#1477 = EDGE_CURVE('',#1478,#1480,#1482,.T.);
#1478 = VERTEX_POINT('',#1479);
#1479 = CARTESIAN_POINT('',(-0.878462564674,-3.3,8.));
#1480 = VERTEX_POINT('',#1481);
#1481 = CARTESIAN_POINT('',(-3.400000230968,-1.198718773198,8.));
#1482 = LINE('',#1483,#1484);
#1483 = CARTESIAN_POINT('',(-1.629193203399,-2.674391182561,8.));
#1484 = VECTOR('',#1485,1.);
#1485 = DIRECTION('',(-0.768221303837,0.640184370577,0.));
#1486 = ORIENTED_EDGE('',*,*,#1487,.T.);
#1487 = EDGE_CURVE('',#1478,#1420,#1488,.T.);
#1488 = LINE('',#1489,#1490);
#1489 = CARTESIAN_POINT('',(-0.878462564674,-3.3,8.));
#1490 = VECTOR('',#1491,1.);
#1491 = DIRECTION('',(0.,0.,1.));
#1492 = ORIENTED_EDGE('',*,*,#1419,.F.);
#1493 = ORIENTED_EDGE('',*,*,#1494,.F.);
#1494 = EDGE_CURVE('',#1480,#1412,#1495,.T.);
#1495 = LINE('',#1496,#1497);
#1496 = CARTESIAN_POINT('',(-3.400000230968,-1.198718773198,8.));
#1497 = VECTOR('',#1498,1.);
#1498 = DIRECTION('',(0.,0.,1.));
#1499 = PLANE('',#1500);
#1500 = AXIS2_PLACEMENT_3D('',#1501,#1502,#1503);
#1501 = CARTESIAN_POINT('',(-3.400000230968,-1.198718773198,8.));
#1502 = DIRECTION('',(-0.640184370577,-0.768221303837,0.));
#1503 = DIRECTION('',(0.768221303837,-0.640184370577,0.));
#1504 = ADVANCED_FACE('',(#1505),#1523,.T.);
#1505 = FACE_BOUND('',#1506,.T.);
#1506 = EDGE_LOOP('',(#1507,#1515,#1516,#1517));
#1507 = ORIENTED_EDGE('',*,*,#1508,.F.);
#1508 = EDGE_CURVE('',#1480,#1509,#1511,.T.);
#1509 = VERTEX_POINT('',#1510);
#1510 = CARTESIAN_POINT('',(-3.400000230968,1.198718787161,8.));
#1511 = LINE('',#1512,#1513);
#1512 = CARTESIAN_POINT('',(-3.400000230968,0.59935939358,8.));
#1513 = VECTOR('',#1514,1.);
#1514 = DIRECTION('',(-1.148219319948E-15,1.,0.));
#1515 = ORIENTED_EDGE('',*,*,#1494,.T.);
#1516 = ORIENTED_EDGE('',*,*,#1411,.F.);
#1517 = ORIENTED_EDGE('',*,*,#1518,.F.);
#1518 = EDGE_CURVE('',#1509,#1404,#1519,.T.);
#1519 = LINE('',#1520,#1521);
#1520 = CARTESIAN_POINT('',(-3.400000230968,1.198718787161,8.));
#1521 = VECTOR('',#1522,1.);
#1522 = DIRECTION('',(0.,0.,1.));
#1523 = PLANE('',#1524);
#1524 = AXIS2_PLACEMENT_3D('',#1525,#1526,#1527);
#1525 = CARTESIAN_POINT('',(-3.400000230968,1.198718787161,8.));
#1526 = DIRECTION('',(-1.,-1.148219319948E-15,0.));
#1527 = DIRECTION('',(1.148219319948E-15,-1.,0.));
#1528 = ADVANCED_FACE('',(#1529),#1547,.T.);
#1529 = FACE_BOUND('',#1530,.T.);
#1530 = EDGE_LOOP('',(#1531,#1539,#1540,#1541));
#1531 = ORIENTED_EDGE('',*,*,#1532,.F.);
#1532 = EDGE_CURVE('',#1509,#1533,#1535,.T.);
#1533 = VERTEX_POINT('',#1534);
#1534 = CARTESIAN_POINT('',(-0.878462737987,3.3,8.));
#1535 = LINE('',#1536,#1537);
#1536 = CARTESIAN_POINT('',(-0.368424568763,3.725031801353,8.));
#1537 = VECTOR('',#1538,1.);
#1538 = DIRECTION('',(0.768221284289,0.640184394035,0.));
#1539 = ORIENTED_EDGE('',*,*,#1518,.T.);
#1540 = ORIENTED_EDGE('',*,*,#1403,.F.);
#1541 = ORIENTED_EDGE('',*,*,#1542,.F.);
#1542 = EDGE_CURVE('',#1533,#1396,#1543,.T.);
#1543 = LINE('',#1544,#1545);
#1544 = CARTESIAN_POINT('',(-0.878462737987,3.3,8.));
#1545 = VECTOR('',#1546,1.);
#1546 = DIRECTION('',(0.,0.,1.));
#1547 = PLANE('',#1548);
#1548 = AXIS2_PLACEMENT_3D('',#1549,#1550,#1551);
#1549 = CARTESIAN_POINT('',(-0.878462737987,3.3,8.));
#1550 = DIRECTION('',(-0.640184394035,0.768221284289,0.));
#1551 = DIRECTION('',(-0.768221284289,-0.640184394035,0.));
#1552 = ADVANCED_FACE('',(#1553),#1571,.T.);
#1553 = FACE_BOUND('',#1554,.T.);
#1554 = EDGE_LOOP('',(#1555,#1563,#1564,#1565));
#1555 = ORIENTED_EDGE('',*,*,#1556,.F.);
#1556 = EDGE_CURVE('',#1533,#1557,#1559,.T.);
#1557 = VERTEX_POINT('',#1558);
#1558 = CARTESIAN_POINT('',(10.6,3.3,8.));
#1559 = LINE('',#1560,#1561);
#1560 = CARTESIAN_POINT('',(7.099999942258,3.3,8.));
#1561 = VECTOR('',#1562,1.);
#1562 = DIRECTION('',(1.,2.22044604925E-16,0.));
#1563 = ORIENTED_EDGE('',*,*,#1542,.T.);
#1564 = ORIENTED_EDGE('',*,*,#1395,.F.);
#1565 = ORIENTED_EDGE('',*,*,#1566,.F.);
#1566 = EDGE_CURVE('',#1557,#1388,#1567,.T.);
#1567 = LINE('',#1568,#1569);
#1568 = CARTESIAN_POINT('',(10.6,3.3,8.));
#1569 = VECTOR('',#1570,1.);
#1570 = DIRECTION('',(0.,0.,1.));
#1571 = PLANE('',#1572);
#1572 = AXIS2_PLACEMENT_3D('',#1573,#1574,#1575);
#1573 = CARTESIAN_POINT('',(10.6,3.3,8.));
#1574 = DIRECTION('',(-2.22044604925E-16,1.,0.));
#1575 = DIRECTION('',(-1.,-2.22044604925E-16,0.));
#1576 = ADVANCED_FACE('',(#1577),#1588,.T.);
#1577 = FACE_BOUND('',#1578,.T.);
#1578 = EDGE_LOOP('',(#1579,#1585,#1586,#1587));
#1579 = ORIENTED_EDGE('',*,*,#1580,.F.);
#1580 = EDGE_CURVE('',#1557,#1455,#1581,.T.);
#1581 = LINE('',#1582,#1583);
#1582 = CARTESIAN_POINT('',(10.6,-1.65,8.));
#1583 = VECTOR('',#1584,1.);
#1584 = DIRECTION('',(2.22044604925E-16,-1.,0.));
#1585 = ORIENTED_EDGE('',*,*,#1566,.T.);
#1586 = ORIENTED_EDGE('',*,*,#1387,.F.);
#1587 = ORIENTED_EDGE('',*,*,#1462,.F.);
#1588 = PLANE('',#1589);
#1589 = AXIS2_PLACEMENT_3D('',#1590,#1591,#1592);
#1590 = CARTESIAN_POINT('',(10.6,-3.3,8.));
#1591 = DIRECTION('',(1.,2.22044604925E-16,0.));
#1592 = DIRECTION('',(-2.22044604925E-16,1.,0.));
#1593 = ADVANCED_FACE('',(#1594),#1605,.T.);
#1594 = FACE_BOUND('',#1595,.T.);
#1595 = EDGE_LOOP('',(#1596,#1597,#1598,#1599));
#1596 = ORIENTED_EDGE('',*,*,#1314,.T.);
#1597 = ORIENTED_EDGE('',*,*,#1427,.F.);
#1598 = ORIENTED_EDGE('',*,*,#1487,.F.);
#1599 = ORIENTED_EDGE('',*,*,#1600,.F.);
#1600 = EDGE_CURVE('',#1315,#1478,#1601,.T.);
#1601 = LINE('',#1602,#1603);
#1602 = CARTESIAN_POINT('',(1.360768659921,-3.3,8.));
#1603 = VECTOR('',#1604,1.);
#1604 = DIRECTION('',(-1.,-1.978640359166E-16,0.));
#1605 = PLANE('',#1606);
#1606 = AXIS2_PLACEMENT_3D('',#1607,#1608,#1609);
#1607 = CARTESIAN_POINT('',(-0.878462564674,-3.3,8.));
#1608 = DIRECTION('',(1.978640359166E-16,-1.,0.));
#1609 = DIRECTION('',(1.,1.978640359166E-16,0.));
#1610 = ADVANCED_FACE('',(#1611,#1645),#1651,.T.);
#1611 = FACE_BOUND('',#1612,.T.);
#1612 = EDGE_LOOP('',(#1613,#1623,#1631,#1639));
#1613 = ORIENTED_EDGE('',*,*,#1614,.F.);
#1614 = EDGE_CURVE('',#1615,#1617,#1619,.T.);
#1615 = VERTEX_POINT('',#1616);
#1616 = CARTESIAN_POINT('',(11.35,-4.05,0.));
#1617 = VERTEX_POINT('',#1618);
#1618 = CARTESIAN_POINT('',(-1.15,-4.05,0.));
#1619 = LINE('',#1620,#1621);
#1620 = CARTESIAN_POINT('',(11.35,-4.05,0.));
#1621 = VECTOR('',#1622,1.);
#1622 = DIRECTION('',(-1.,-2.22044604925E-16,0.));
#1623 = ORIENTED_EDGE('',*,*,#1624,.T.);
#1624 = EDGE_CURVE('',#1615,#1625,#1627,.T.);
#1625 = VERTEX_POINT('',#1626);
#1626 = CARTESIAN_POINT('',(11.35,-4.05,8.));
#1627 = LINE('',#1628,#1629);
#1628 = CARTESIAN_POINT('',(11.35,-4.05,0.));
#1629 = VECTOR('',#1630,1.);
#1630 = DIRECTION('',(0.,0.,1.));
#1631 = ORIENTED_EDGE('',*,*,#1632,.F.);
#1632 = EDGE_CURVE('',#1633,#1625,#1635,.T.);
#1633 = VERTEX_POINT('',#1634);
#1634 = CARTESIAN_POINT('',(-1.15,-4.05,8.));
#1635 = LINE('',#1636,#1637);
#1636 = CARTESIAN_POINT('',(11.35,-4.05,8.));
#1637 = VECTOR('',#1638,1.);
#1638 = DIRECTION('',(1.,2.22044604925E-16,0.));
#1639 = ORIENTED_EDGE('',*,*,#1640,.F.);
#1640 = EDGE_CURVE('',#1617,#1633,#1641,.T.);
#1641 = LINE('',#1642,#1643);
#1642 = CARTESIAN_POINT('',(-1.15,-4.05,0.));
#1643 = VECTOR('',#1644,1.);
#1644 = DIRECTION('',(0.,0.,1.));
#1645 = FACE_BOUND('',#1646,.T.);
#1646 = EDGE_LOOP('',(#1647,#1648,#1649,#1650));
#1647 = ORIENTED_EDGE('',*,*,#208,.T.);
#1648 = ORIENTED_EDGE('',*,*,#310,.T.);
#1649 = ORIENTED_EDGE('',*,*,#279,.T.);
#1650 = ORIENTED_EDGE('',*,*,#248,.T.);
#1651 = PLANE('',#1652);
#1652 = AXIS2_PLACEMENT_3D('',#1653,#1654,#1655);
#1653 = CARTESIAN_POINT('',(-1.15,-4.05,0.));
#1654 = DIRECTION('',(2.22044604925E-16,-1.,0.));
#1655 = DIRECTION('',(1.,2.22044604925E-16,0.));
#1656 = ADVANCED_FACE('',(#1657),#1682,.T.);
#1657 = FACE_BOUND('',#1658,.T.);
#1658 = EDGE_LOOP('',(#1659,#1667,#1668,#1676));
#1659 = ORIENTED_EDGE('',*,*,#1660,.T.);
#1660 = EDGE_CURVE('',#1661,#1617,#1663,.T.);
#1661 = VERTEX_POINT('',#1662);
#1662 = CARTESIAN_POINT('',(-4.150000230968,-1.55,0.));
#1663 = LINE('',#1664,#1665);
#1664 = CARTESIAN_POINT('',(-4.150000230968,-1.55,0.));
#1665 = VECTOR('',#1666,1.);
#1666 = DIRECTION('',(0.768221303837,-0.640184370577,0.));
#1667 = ORIENTED_EDGE('',*,*,#1640,.T.);
#1668 = ORIENTED_EDGE('',*,*,#1669,.F.);
#1669 = EDGE_CURVE('',#1670,#1633,#1672,.T.);
#1670 = VERTEX_POINT('',#1671);
#1671 = CARTESIAN_POINT('',(-4.150000230968,-1.55,8.));
#1672 = LINE('',#1673,#1674);
#1673 = CARTESIAN_POINT('',(-4.150000230968,-1.55,8.));
#1674 = VECTOR('',#1675,1.);
#1675 = DIRECTION('',(0.768221303837,-0.640184370577,0.));
#1676 = ORIENTED_EDGE('',*,*,#1677,.F.);
#1677 = EDGE_CURVE('',#1661,#1670,#1678,.T.);
#1678 = LINE('',#1679,#1680);
#1679 = CARTESIAN_POINT('',(-4.150000230968,-1.55,0.));
#1680 = VECTOR('',#1681,1.);
#1681 = DIRECTION('',(0.,0.,1.));
#1682 = PLANE('',#1683);
#1683 = AXIS2_PLACEMENT_3D('',#1684,#1685,#1686);
#1684 = CARTESIAN_POINT('',(-4.150000230968,-1.55,0.));
#1685 = DIRECTION('',(-0.640184370577,-0.768221303837,0.));
#1686 = DIRECTION('',(0.768221303837,-0.640184370577,0.));
#1687 = ADVANCED_FACE('',(#1688,#1713),#1719,.T.);
#1688 = FACE_BOUND('',#1689,.T.);
#1689 = EDGE_LOOP('',(#1690,#1698,#1699,#1707));
#1690 = ORIENTED_EDGE('',*,*,#1691,.T.);
#1691 = EDGE_CURVE('',#1692,#1661,#1694,.T.);
#1692 = VERTEX_POINT('',#1693);
#1693 = CARTESIAN_POINT('',(-4.150000230968,1.55,0.));
#1694 = LINE('',#1695,#1696);
#1695 = CARTESIAN_POINT('',(-4.150000230968,1.55,0.));
#1696 = VECTOR('',#1697,1.);
#1697 = DIRECTION('',(2.22044604925E-16,-1.,0.));
#1698 = ORIENTED_EDGE('',*,*,#1677,.T.);
#1699 = ORIENTED_EDGE('',*,*,#1700,.F.);
#1700 = EDGE_CURVE('',#1701,#1670,#1703,.T.);
#1701 = VERTEX_POINT('',#1702);
#1702 = CARTESIAN_POINT('',(-4.150000230968,1.55,8.));
#1703 = LINE('',#1704,#1705);
#1704 = CARTESIAN_POINT('',(-4.150000230968,1.55,8.));
#1705 = VECTOR('',#1706,1.);
#1706 = DIRECTION('',(2.22044604925E-16,-1.,0.));
#1707 = ORIENTED_EDGE('',*,*,#1708,.F.);
#1708 = EDGE_CURVE('',#1692,#1701,#1709,.T.);
#1709 = LINE('',#1710,#1711);
#1710 = CARTESIAN_POINT('',(-4.150000230968,1.55,0.));
#1711 = VECTOR('',#1712,1.);
#1712 = DIRECTION('',(0.,0.,1.));
#1713 = FACE_BOUND('',#1714,.T.);
#1714 = EDGE_LOOP('',(#1715,#1716,#1717,#1718));
#1715 = ORIENTED_EDGE('',*,*,#736,.T.);
#1716 = ORIENTED_EDGE('',*,*,#776,.T.);
#1717 = ORIENTED_EDGE('',*,*,#807,.T.);
#1718 = ORIENTED_EDGE('',*,*,#838,.T.);
#1719 = PLANE('',#1720);
#1720 = AXIS2_PLACEMENT_3D('',#1721,#1722,#1723);
#1721 = CARTESIAN_POINT('',(-4.150000230968,1.55,0.));
#1722 = DIRECTION('',(-1.,-2.22044604925E-16,0.));
#1723 = DIRECTION('',(2.22044604925E-16,-1.,0.));
#1724 = ADVANCED_FACE('',(#1725),#1750,.T.);
#1725 = FACE_BOUND('',#1726,.T.);
#1726 = EDGE_LOOP('',(#1727,#1735,#1736,#1744));
#1727 = ORIENTED_EDGE('',*,*,#1728,.T.);
#1728 = EDGE_CURVE('',#1729,#1692,#1731,.T.);
#1729 = VERTEX_POINT('',#1730);
#1730 = CARTESIAN_POINT('',(-1.150000186265,4.05,0.));
#1731 = LINE('',#1732,#1733);
#1732 = CARTESIAN_POINT('',(-1.150000186265,4.05,0.));
#1733 = VECTOR('',#1734,1.);
#1734 = DIRECTION('',(-0.768221284289,-0.640184394035,0.));
#1735 = ORIENTED_EDGE('',*,*,#1708,.T.);
#1736 = ORIENTED_EDGE('',*,*,#1737,.F.);
#1737 = EDGE_CURVE('',#1738,#1701,#1740,.T.);
#1738 = VERTEX_POINT('',#1739);
#1739 = CARTESIAN_POINT('',(-1.150000186265,4.05,8.));
#1740 = LINE('',#1741,#1742);
#1741 = CARTESIAN_POINT('',(-1.150000186265,4.05,8.));
#1742 = VECTOR('',#1743,1.);
#1743 = DIRECTION('',(-0.768221284289,-0.640184394035,0.));
#1744 = ORIENTED_EDGE('',*,*,#1745,.F.);
#1745 = EDGE_CURVE('',#1729,#1738,#1746,.T.);
#1746 = LINE('',#1747,#1748);
#1747 = CARTESIAN_POINT('',(-1.150000186265,4.05,0.));
#1748 = VECTOR('',#1749,1.);
#1749 = DIRECTION('',(0.,0.,1.));
#1750 = PLANE('',#1751);
#1751 = AXIS2_PLACEMENT_3D('',#1752,#1753,#1754);
#1752 = CARTESIAN_POINT('',(-1.150000186265,4.05,0.));
#1753 = DIRECTION('',(-0.640184394035,0.768221284289,0.));
#1754 = DIRECTION('',(-0.768221284289,-0.640184394035,0.));
#1755 = ADVANCED_FACE('',(#1756,#1781),#1787,.T.);
#1756 = FACE_BOUND('',#1757,.T.);
#1757 = EDGE_LOOP('',(#1758,#1766,#1767,#1775));
#1758 = ORIENTED_EDGE('',*,*,#1759,.T.);
#1759 = EDGE_CURVE('',#1760,#1729,#1762,.T.);
#1760 = VERTEX_POINT('',#1761);
#1761 = CARTESIAN_POINT('',(11.35,4.05,0.));
#1762 = LINE('',#1763,#1764);
#1763 = CARTESIAN_POINT('',(11.35,4.05,0.));
#1764 = VECTOR('',#1765,1.);
#1765 = DIRECTION('',(-1.,-2.22044604925E-16,0.));
#1766 = ORIENTED_EDGE('',*,*,#1745,.T.);
#1767 = ORIENTED_EDGE('',*,*,#1768,.F.);
#1768 = EDGE_CURVE('',#1769,#1738,#1771,.T.);
#1769 = VERTEX_POINT('',#1770);
#1770 = CARTESIAN_POINT('',(11.35,4.05,8.));
#1771 = LINE('',#1772,#1773);
#1772 = CARTESIAN_POINT('',(11.35,4.05,8.));
#1773 = VECTOR('',#1774,1.);
#1774 = DIRECTION('',(-1.,-2.22044604925E-16,0.));
#1775 = ORIENTED_EDGE('',*,*,#1776,.F.);
#1776 = EDGE_CURVE('',#1760,#1769,#1777,.T.);
#1777 = LINE('',#1778,#1779);
#1778 = CARTESIAN_POINT('',(11.35,4.05,0.));
#1779 = VECTOR('',#1780,1.);
#1780 = DIRECTION('',(0.,0.,1.));
#1781 = FACE_BOUND('',#1782,.T.);
#1782 = EDGE_LOOP('',(#1783,#1784,#1785,#1786));
#1783 = ORIENTED_EDGE('',*,*,#72,.T.);
#1784 = ORIENTED_EDGE('',*,*,#174,.T.);
#1785 = ORIENTED_EDGE('',*,*,#143,.T.);
#1786 = ORIENTED_EDGE('',*,*,#112,.T.);
#1787 = PLANE('',#1788);
#1788 = AXIS2_PLACEMENT_3D('',#1789,#1790,#1791);
#1789 = CARTESIAN_POINT('',(11.35,4.05,0.));
#1790 = DIRECTION('',(-2.22044604925E-16,1.,0.));
#1791 = DIRECTION('',(-1.,-2.22044604925E-16,0.));
#1792 = ADVANCED_FACE('',(#1793,#1809),#1823,.T.);
#1793 = FACE_BOUND('',#1794,.T.);
#1794 = EDGE_LOOP('',(#1795,#1801,#1802,#1808));
#1795 = ORIENTED_EDGE('',*,*,#1796,.T.);
#1796 = EDGE_CURVE('',#1615,#1760,#1797,.T.);
#1797 = LINE('',#1798,#1799);
#1798 = CARTESIAN_POINT('',(11.35,-4.05,0.));
#1799 = VECTOR('',#1800,1.);
#1800 = DIRECTION('',(-2.22044604925E-16,1.,0.));
#1801 = ORIENTED_EDGE('',*,*,#1776,.T.);
#1802 = ORIENTED_EDGE('',*,*,#1803,.F.);
#1803 = EDGE_CURVE('',#1625,#1769,#1804,.T.);
#1804 = LINE('',#1805,#1806);
#1805 = CARTESIAN_POINT('',(11.35,-4.05,8.));
#1806 = VECTOR('',#1807,1.);
#1807 = DIRECTION('',(-2.22044604925E-16,1.,0.));
#1808 = ORIENTED_EDGE('',*,*,#1624,.F.);
#1809 = FACE_BOUND('',#1810,.T.);
#1810 = EDGE_LOOP('',(#1811,#1812,#1813,#1814,#1815,#1816,#1817,#1818,
    #1819,#1820,#1821,#1822));
#1811 = ORIENTED_EDGE('',*,*,#344,.T.);
#1812 = ORIENTED_EDGE('',*,*,#384,.T.);
#1813 = ORIENTED_EDGE('',*,*,#415,.T.);
#1814 = ORIENTED_EDGE('',*,*,#446,.T.);
#1815 = ORIENTED_EDGE('',*,*,#477,.T.);
#1816 = ORIENTED_EDGE('',*,*,#508,.T.);
#1817 = ORIENTED_EDGE('',*,*,#539,.T.);
#1818 = ORIENTED_EDGE('',*,*,#570,.T.);
#1819 = ORIENTED_EDGE('',*,*,#601,.T.);
#1820 = ORIENTED_EDGE('',*,*,#632,.T.);
#1821 = ORIENTED_EDGE('',*,*,#663,.T.);
#1822 = ORIENTED_EDGE('',*,*,#694,.T.);
#1823 = PLANE('',#1824);
#1824 = AXIS2_PLACEMENT_3D('',#1825,#1826,#1827);
#1825 = CARTESIAN_POINT('',(11.35,-4.05,0.));
#1826 = DIRECTION('',(1.,2.22044604925E-16,0.));
#1827 = DIRECTION('',(-2.22044604925E-16,1.,0.));
#1828 = ADVANCED_FACE('',(#1829,#1837),#1849,.T.);
#1829 = FACE_BOUND('',#1830,.T.);
#1830 = EDGE_LOOP('',(#1831,#1832,#1833,#1834,#1835,#1836));
#1831 = ORIENTED_EDGE('',*,*,#1803,.T.);
#1832 = ORIENTED_EDGE('',*,*,#1768,.T.);
#1833 = ORIENTED_EDGE('',*,*,#1737,.T.);
#1834 = ORIENTED_EDGE('',*,*,#1700,.T.);
#1835 = ORIENTED_EDGE('',*,*,#1669,.T.);
#1836 = ORIENTED_EDGE('',*,*,#1632,.T.);
#1837 = FACE_BOUND('',#1838,.T.);
#1838 = EDGE_LOOP('',(#1839,#1840,#1841,#1842,#1843,#1844,#1845,#1846,
    #1847,#1848));
#1839 = ORIENTED_EDGE('',*,*,#1477,.T.);
#1840 = ORIENTED_EDGE('',*,*,#1508,.T.);
#1841 = ORIENTED_EDGE('',*,*,#1532,.T.);
#1842 = ORIENTED_EDGE('',*,*,#1556,.T.);
#1843 = ORIENTED_EDGE('',*,*,#1580,.T.);
#1844 = ORIENTED_EDGE('',*,*,#1454,.T.);
#1845 = ORIENTED_EDGE('',*,*,#1300,.T.);
#1846 = ORIENTED_EDGE('',*,*,#1355,.T.);
#1847 = ORIENTED_EDGE('',*,*,#1324,.F.);
#1848 = ORIENTED_EDGE('',*,*,#1600,.T.);
#1849 = PLANE('',#1850);
#1850 = AXIS2_PLACEMENT_3D('',#1851,#1852,#1853);
#1851 = CARTESIAN_POINT('',(3.599999884516,-1.665334536938E-15,8.));
#1852 = DIRECTION('',(0.,0.,1.));
#1853 = DIRECTION('',(-2.22044604925E-16,1.,0.));
#1854 = ADVANCED_FACE('',(#1855,#1863,#1866),#1869,.F.);
#1855 = FACE_BOUND('',#1856,.T.);
#1856 = EDGE_LOOP('',(#1857,#1858,#1859,#1860,#1861,#1862));
#1857 = ORIENTED_EDGE('',*,*,#1796,.F.);
#1858 = ORIENTED_EDGE('',*,*,#1614,.T.);
#1859 = ORIENTED_EDGE('',*,*,#1660,.F.);
#1860 = ORIENTED_EDGE('',*,*,#1691,.F.);
#1861 = ORIENTED_EDGE('',*,*,#1728,.F.);
#1862 = ORIENTED_EDGE('',*,*,#1759,.F.);
#1863 = FACE_BOUND('',#1864,.T.);
#1864 = EDGE_LOOP('',(#1865));
#1865 = ORIENTED_EDGE('',*,*,#1064,.T.);
#1866 = FACE_BOUND('',#1867,.T.);
#1867 = EDGE_LOOP('',(#1868));
#1868 = ORIENTED_EDGE('',*,*,#1110,.T.);
#1869 = PLANE('',#1870);
#1870 = AXIS2_PLACEMENT_3D('',#1871,#1872,#1873);
#1871 = CARTESIAN_POINT('',(3.599999884516,-1.665334536938E-15,0.));
#1872 = DIRECTION('',(0.,0.,1.));
#1873 = DIRECTION('',(-2.22044604925E-16,1.,0.));
#1874 = MANIFOLD_SOLID_BREP('',#1875);
#1875 = CLOSED_SHELL('',(#1876,#1943,#1962,#1994,#2026,#2043,#2060,#2097
    ,#2117,#2152));
#1876 = ADVANCED_FACE('',(#1877),#1938,.F.);
#1877 = FACE_BOUND('',#1878,.F.);
#1878 = EDGE_LOOP('',(#1879,#1890,#1898,#1907,#1914,#1915,#1923,#1932));
#1879 = ORIENTED_EDGE('',*,*,#1880,.F.);
#1880 = EDGE_CURVE('',#1881,#1883,#1885,.T.);
#1881 = VERTEX_POINT('',#1882);
#1882 = CARTESIAN_POINT('',(7.199999884516,1.5,-1.5));
#1883 = VERTEX_POINT('',#1884);
#1884 = CARTESIAN_POINT('',(7.199999884516,-1.5,-1.5));
#1885 = CIRCLE('',#1886,1.5);
#1886 = AXIS2_PLACEMENT_3D('',#1887,#1888,#1889);
#1887 = CARTESIAN_POINT('',(7.199999884516,-1.110223024625E-15,-1.5));
#1888 = DIRECTION('',(0.,0.,-1.));
#1889 = DIRECTION('',(2.22044604925E-16,-1.,0.));
#1890 = ORIENTED_EDGE('',*,*,#1891,.T.);
#1891 = EDGE_CURVE('',#1881,#1892,#1894,.T.);
#1892 = VERTEX_POINT('',#1893);
#1893 = CARTESIAN_POINT('',(7.199999884516,1.5,1.5));
#1894 = LINE('',#1895,#1896);
#1895 = CARTESIAN_POINT('',(7.199999884516,1.5,-1.5));
#1896 = VECTOR('',#1897,1.);
#1897 = DIRECTION('',(0.,0.,1.));
#1898 = ORIENTED_EDGE('',*,*,#1899,.F.);
#1899 = EDGE_CURVE('',#1900,#1892,#1902,.T.);
#1900 = VERTEX_POINT('',#1901);
#1901 = CARTESIAN_POINT('',(7.199999884516,-1.5,1.5));
#1902 = CIRCLE('',#1903,1.5);
#1903 = AXIS2_PLACEMENT_3D('',#1904,#1905,#1906);
#1904 = CARTESIAN_POINT('',(7.199999884516,-1.110223024625E-15,1.5));
#1905 = DIRECTION('',(0.,0.,1.));
#1906 = DIRECTION('',(2.22044604925E-16,-1.,0.));
#1907 = ORIENTED_EDGE('',*,*,#1908,.F.);
#1908 = EDGE_CURVE('',#1892,#1900,#1909,.T.);
#1909 = CIRCLE('',#1910,1.5);
#1910 = AXIS2_PLACEMENT_3D('',#1911,#1912,#1913);
#1911 = CARTESIAN_POINT('',(7.199999884516,-1.110223024625E-15,1.5));
#1912 = DIRECTION('',(0.,0.,1.));
#1913 = DIRECTION('',(2.22044604925E-16,-1.,0.));
#1914 = ORIENTED_EDGE('',*,*,#1891,.F.);
#1915 = ORIENTED_EDGE('',*,*,#1916,.F.);
#1916 = EDGE_CURVE('',#1917,#1881,#1919,.T.);
#1917 = VERTEX_POINT('',#1918);
#1918 = CARTESIAN_POINT('',(7.199999884516,1.5,-4.5));
#1919 = LINE('',#1920,#1921);
#1920 = CARTESIAN_POINT('',(7.199999884516,1.5,-1.5));
#1921 = VECTOR('',#1922,1.);
#1922 = DIRECTION('',(0.,0.,1.));
#1923 = ORIENTED_EDGE('',*,*,#1924,.T.);
#1924 = EDGE_CURVE('',#1917,#1925,#1927,.T.);
#1925 = VERTEX_POINT('',#1926);
#1926 = CARTESIAN_POINT('',(7.199999884516,-1.5,-4.5));
#1927 = CIRCLE('',#1928,1.5);
#1928 = AXIS2_PLACEMENT_3D('',#1929,#1930,#1931);
#1929 = CARTESIAN_POINT('',(7.199999884516,-1.110223024625E-15,-4.5));
#1930 = DIRECTION('',(0.,0.,1.));
#1931 = DIRECTION('',(2.22044604925E-16,-1.,0.));
#1932 = ORIENTED_EDGE('',*,*,#1933,.F.);
#1933 = EDGE_CURVE('',#1883,#1925,#1934,.T.);
#1934 = LINE('',#1935,#1936);
#1935 = CARTESIAN_POINT('',(7.199999884516,-1.5,-1.5));
#1936 = VECTOR('',#1937,1.);
#1937 = DIRECTION('',(0.,0.,-1.));
#1938 = CYLINDRICAL_SURFACE('',#1939,1.5);
#1939 = AXIS2_PLACEMENT_3D('',#1940,#1941,#1942);
#1940 = CARTESIAN_POINT('',(7.199999884516,-1.110223024625E-15,-1.5));
#1941 = DIRECTION('',(0.,0.,1.));
#1942 = DIRECTION('',(2.22044604925E-16,-1.,0.));
#1943 = ADVANCED_FACE('',(#1944),#1957,.F.);
#1944 = FACE_BOUND('',#1945,.F.);
#1945 = EDGE_LOOP('',(#1946,#1954,#1955,#1956));
#1946 = ORIENTED_EDGE('',*,*,#1947,.T.);
#1947 = EDGE_CURVE('',#1892,#1948,#1950,.T.);
#1948 = VERTEX_POINT('',#1949);
#1949 = CARTESIAN_POINT('',(7.199999884516,-1.110223024625E-15,
    2.401290928541));
#1950 = LINE('',#1951,#1952);
#1951 = CARTESIAN_POINT('',(7.199999884516,0.75,1.950645464271));
#1952 = VECTOR('',#1953,1.);
#1953 = DIRECTION('',(2.953020937529E-16,-0.857167300702,0.51503807491)
  );
#1954 = ORIENTED_EDGE('',*,*,#1947,.F.);
#1955 = ORIENTED_EDGE('',*,*,#1908,.T.);
#1956 = ORIENTED_EDGE('',*,*,#1899,.T.);
#1957 = CONICAL_SURFACE('',#1958,0.75,1.029744258677);
#1958 = AXIS2_PLACEMENT_3D('',#1959,#1960,#1961);
#1959 = CARTESIAN_POINT('',(7.199999884516,-1.110223024625E-15,
    1.950645464271));
#1960 = DIRECTION('',(0.,0.,-1.));
#1961 = DIRECTION('',(2.22044604925E-16,-1.,0.));
#1962 = ADVANCED_FACE('',(#1963),#1989,.T.);
#1963 = FACE_BOUND('',#1964,.T.);
#1964 = EDGE_LOOP('',(#1965,#1973,#1982,#1988));
#1965 = ORIENTED_EDGE('',*,*,#1966,.T.);
#1966 = EDGE_CURVE('',#1925,#1967,#1969,.T.);
#1967 = VERTEX_POINT('',#1968);
#1968 = CARTESIAN_POINT('',(7.199999884516,-2.15,-4.5));
#1969 = LINE('',#1970,#1971);
#1970 = CARTESIAN_POINT('',(7.199999884516,1.075,-4.5));
#1971 = VECTOR('',#1972,1.);
#1972 = DIRECTION('',(2.22044604925E-16,-1.,0.));
#1973 = ORIENTED_EDGE('',*,*,#1974,.T.);
#1974 = EDGE_CURVE('',#1967,#1975,#1977,.T.);
#1975 = VERTEX_POINT('',#1976);
#1976 = CARTESIAN_POINT('',(7.199999884516,2.15,-4.5));
#1977 = CIRCLE('',#1978,2.15);
#1978 = AXIS2_PLACEMENT_3D('',#1979,#1980,#1981);
#1979 = CARTESIAN_POINT('',(7.199999884516,-1.110223024625E-15,-4.5));
#1980 = DIRECTION('',(0.,0.,-1.));
#1981 = DIRECTION('',(2.22044604925E-16,-1.,0.));
#1982 = ORIENTED_EDGE('',*,*,#1983,.T.);
#1983 = EDGE_CURVE('',#1975,#1917,#1984,.T.);
#1984 = LINE('',#1985,#1986);
#1985 = CARTESIAN_POINT('',(7.199999884516,1.075,-4.5));
#1986 = VECTOR('',#1987,1.);
#1987 = DIRECTION('',(2.22044604925E-16,-1.,0.));
#1988 = ORIENTED_EDGE('',*,*,#1924,.T.);
#1989 = PLANE('',#1990);
#1990 = AXIS2_PLACEMENT_3D('',#1991,#1992,#1993);
#1991 = CARTESIAN_POINT('',(7.199999884516,-1.110223024625E-15,-4.5));
#1992 = DIRECTION('',(0.,0.,-1.));
#1993 = DIRECTION('',(2.22044604925E-16,-1.,0.));
#1994 = ADVANCED_FACE('',(#1995),#2021,.F.);
#1995 = FACE_BOUND('',#1996,.T.);
#1996 = EDGE_LOOP('',(#1997,#1998,#2006,#2015));
#1997 = ORIENTED_EDGE('',*,*,#1880,.F.);
#1998 = ORIENTED_EDGE('',*,*,#1999,.F.);
#1999 = EDGE_CURVE('',#2000,#1881,#2002,.T.);
#2000 = VERTEX_POINT('',#2001);
#2001 = CARTESIAN_POINT('',(7.199999884516,2.15,-1.5));
#2002 = LINE('',#2003,#2004);
#2003 = CARTESIAN_POINT('',(7.199999884516,2.15,-1.5));
#2004 = VECTOR('',#2005,1.);
#2005 = DIRECTION('',(2.22044604925E-16,-1.,0.));
#2006 = ORIENTED_EDGE('',*,*,#2007,.F.);
#2007 = EDGE_CURVE('',#2008,#2000,#2010,.T.);
#2008 = VERTEX_POINT('',#2009);
#2009 = CARTESIAN_POINT('',(7.199999884516,-2.15,-1.5));
#2010 = CIRCLE('',#2011,2.15);
#2011 = AXIS2_PLACEMENT_3D('',#2012,#2013,#2014);
#2012 = CARTESIAN_POINT('',(7.199999884516,-1.110223024625E-15,-1.5));
#2013 = DIRECTION('',(0.,0.,1.));
#2014 = DIRECTION('',(2.22044604925E-16,-1.,0.));
#2015 = ORIENTED_EDGE('',*,*,#2016,.F.);
#2016 = EDGE_CURVE('',#1883,#2008,#2017,.T.);
#2017 = LINE('',#2018,#2019);
#2018 = CARTESIAN_POINT('',(7.199999884516,2.15,-1.5));
#2019 = VECTOR('',#2020,1.);
#2020 = DIRECTION('',(2.22044604925E-16,-1.,0.));
#2021 = PLANE('',#2022);
#2022 = AXIS2_PLACEMENT_3D('',#2023,#2024,#2025);
#2023 = CARTESIAN_POINT('',(9.399999835342,2.15,-1.5));
#2024 = DIRECTION('',(0.,0.,1.));
#2025 = DIRECTION('',(-1.,-2.22044604925E-16,0.));
#2026 = ADVANCED_FACE('',(#2027),#2038,.F.);
#2027 = FACE_BOUND('',#2028,.T.);
#2028 = EDGE_LOOP('',(#2029,#2030,#2031,#2037));
#2029 = ORIENTED_EDGE('',*,*,#1933,.F.);
#2030 = ORIENTED_EDGE('',*,*,#2016,.T.);
#2031 = ORIENTED_EDGE('',*,*,#2032,.F.);
#2032 = EDGE_CURVE('',#1967,#2008,#2033,.T.);
#2033 = LINE('',#2034,#2035);
#2034 = CARTESIAN_POINT('',(7.199999884516,-2.15,3.));
#2035 = VECTOR('',#2036,1.);
#2036 = DIRECTION('',(0.,0.,1.));
#2037 = ORIENTED_EDGE('',*,*,#1966,.F.);
#2038 = PLANE('',#2039);
#2039 = AXIS2_PLACEMENT_3D('',#2040,#2041,#2042);
#2040 = CARTESIAN_POINT('',(7.199999884516,2.15,-1.5));
#2041 = DIRECTION('',(-1.,-2.22044604925E-16,0.));
#2042 = DIRECTION('',(-0.,0.,-1.));
#2043 = ADVANCED_FACE('',(#2044),#2055,.F.);
#2044 = FACE_BOUND('',#2045,.T.);
#2045 = EDGE_LOOP('',(#2046,#2047,#2048,#2054));
#2046 = ORIENTED_EDGE('',*,*,#1916,.F.);
#2047 = ORIENTED_EDGE('',*,*,#1983,.F.);
#2048 = ORIENTED_EDGE('',*,*,#2049,.F.);
#2049 = EDGE_CURVE('',#2000,#1975,#2050,.T.);
#2050 = LINE('',#2051,#2052);
#2051 = CARTESIAN_POINT('',(7.199999884516,2.15,3.));
#2052 = VECTOR('',#2053,1.);
#2053 = DIRECTION('',(0.,0.,-1.));
#2054 = ORIENTED_EDGE('',*,*,#1999,.T.);
#2055 = PLANE('',#2056);
#2056 = AXIS2_PLACEMENT_3D('',#2057,#2058,#2059);
#2057 = CARTESIAN_POINT('',(7.199999884516,2.15,-1.5));
#2058 = DIRECTION('',(-1.,-2.22044604925E-16,0.));
#2059 = DIRECTION('',(-0.,0.,-1.));
#2060 = ADVANCED_FACE('',(#2061,#2072),#2092,.T.);
#2061 = FACE_BOUND('',#2062,.T.);
#2062 = EDGE_LOOP('',(#2063));
#2063 = ORIENTED_EDGE('',*,*,#2064,.T.);
#2064 = EDGE_CURVE('',#2065,#2065,#2067,.T.);
#2065 = VERTEX_POINT('',#2066);
#2066 = CARTESIAN_POINT('',(7.199999884516,-2.15,15.7));
#2067 = CIRCLE('',#2068,2.15);
#2068 = AXIS2_PLACEMENT_3D('',#2069,#2070,#2071);
#2069 = CARTESIAN_POINT('',(7.199999884516,-1.110223024625E-15,15.7));
#2070 = DIRECTION('',(0.,0.,1.));
#2071 = DIRECTION('',(-2.22044604925E-16,1.,0.));
#2072 = FACE_BOUND('',#2073,.T.);
#2073 = EDGE_LOOP('',(#2074,#2085));
#2074 = ORIENTED_EDGE('',*,*,#2075,.T.);
#2075 = EDGE_CURVE('',#2076,#2078,#2080,.T.);
#2076 = VERTEX_POINT('',#2077);
#2077 = CARTESIAN_POINT('',(7.199999884516,1.75,15.7));
#2078 = VERTEX_POINT('',#2079);
#2079 = CARTESIAN_POINT('',(7.199999884516,-1.75,15.7));
#2080 = CIRCLE('',#2081,1.75);
#2081 = AXIS2_PLACEMENT_3D('',#2082,#2083,#2084);
#2082 = CARTESIAN_POINT('',(7.199999884516,-1.110223024625E-15,15.7));
#2083 = DIRECTION('',(0.,0.,-1.));
#2084 = DIRECTION('',(-2.22044604925E-16,1.,0.));
#2085 = ORIENTED_EDGE('',*,*,#2086,.T.);
#2086 = EDGE_CURVE('',#2078,#2076,#2087,.T.);
#2087 = CIRCLE('',#2088,1.75);
#2088 = AXIS2_PLACEMENT_3D('',#2089,#2090,#2091);
#2089 = CARTESIAN_POINT('',(7.199999884516,-1.110223024625E-15,15.7));
#2090 = DIRECTION('',(0.,0.,-1.));
#2091 = DIRECTION('',(-2.22044604925E-16,1.,0.));
#2092 = PLANE('',#2093);
#2093 = AXIS2_PLACEMENT_3D('',#2094,#2095,#2096);
#2094 = CARTESIAN_POINT('',(7.199999884516,-1.110223024625E-15,15.7));
#2095 = DIRECTION('',(0.,0.,1.));
#2096 = DIRECTION('',(-2.22044604925E-16,1.,0.));
#2097 = ADVANCED_FACE('',(#2098),#2112,.T.);
#2098 = FACE_BOUND('',#2099,.T.);
#2099 = EDGE_LOOP('',(#2100,#2101,#2107,#2108,#2109,#2110,#2111));
#2100 = ORIENTED_EDGE('',*,*,#2064,.F.);
#2101 = ORIENTED_EDGE('',*,*,#2102,.T.);
#2102 = EDGE_CURVE('',#2065,#2008,#2103,.T.);
#2103 = LINE('',#2104,#2105);
#2104 = CARTESIAN_POINT('',(7.199999884516,-2.15,5.7));
#2105 = VECTOR('',#2106,1.);
#2106 = DIRECTION('',(0.,0.,-1.));
#2107 = ORIENTED_EDGE('',*,*,#2007,.T.);
#2108 = ORIENTED_EDGE('',*,*,#2049,.T.);
#2109 = ORIENTED_EDGE('',*,*,#1974,.F.);
#2110 = ORIENTED_EDGE('',*,*,#2032,.T.);
#2111 = ORIENTED_EDGE('',*,*,#2102,.F.);
#2112 = CYLINDRICAL_SURFACE('',#2113,2.15);
#2113 = AXIS2_PLACEMENT_3D('',#2114,#2115,#2116);
#2114 = CARTESIAN_POINT('',(7.199999884516,-1.110223024625E-15,5.7));
#2115 = DIRECTION('',(0.,0.,1.));
#2116 = DIRECTION('',(-2.22044604925E-16,1.,0.));
#2117 = ADVANCED_FACE('',(#2118),#2147,.F.);
#2118 = FACE_BOUND('',#2119,.F.);
#2119 = EDGE_LOOP('',(#2120,#2128,#2137,#2144,#2145,#2146));
#2120 = ORIENTED_EDGE('',*,*,#2121,.T.);
#2121 = EDGE_CURVE('',#2078,#2122,#2124,.T.);
#2122 = VERTEX_POINT('',#2123);
#2123 = CARTESIAN_POINT('',(7.199999884516,-1.75,5.7));
#2124 = LINE('',#2125,#2126);
#2125 = CARTESIAN_POINT('',(7.199999884516,-1.75,10.7));
#2126 = VECTOR('',#2127,1.);
#2127 = DIRECTION('',(0.,0.,-1.));
#2128 = ORIENTED_EDGE('',*,*,#2129,.F.);
#2129 = EDGE_CURVE('',#2130,#2122,#2132,.T.);
#2130 = VERTEX_POINT('',#2131);
#2131 = CARTESIAN_POINT('',(7.199999884516,1.75,5.7));
#2132 = CIRCLE('',#2133,1.75);
#2133 = AXIS2_PLACEMENT_3D('',#2134,#2135,#2136);
#2134 = CARTESIAN_POINT('',(7.199999884516,-1.110223024625E-15,5.7));
#2135 = DIRECTION('',(0.,0.,-1.));
#2136 = DIRECTION('',(-2.22044604925E-16,1.,0.));
#2137 = ORIENTED_EDGE('',*,*,#2138,.F.);
#2138 = EDGE_CURVE('',#2122,#2130,#2139,.T.);
#2139 = CIRCLE('',#2140,1.75);
#2140 = AXIS2_PLACEMENT_3D('',#2141,#2142,#2143);
#2141 = CARTESIAN_POINT('',(7.199999884516,-1.110223024625E-15,5.7));
#2142 = DIRECTION('',(0.,0.,-1.));
#2143 = DIRECTION('',(-2.22044604925E-16,1.,0.));
#2144 = ORIENTED_EDGE('',*,*,#2121,.F.);
#2145 = ORIENTED_EDGE('',*,*,#2086,.T.);
#2146 = ORIENTED_EDGE('',*,*,#2075,.T.);
#2147 = CYLINDRICAL_SURFACE('',#2148,1.75);
#2148 = AXIS2_PLACEMENT_3D('',#2149,#2150,#2151);
#2149 = CARTESIAN_POINT('',(7.199999884516,-1.110223024625E-15,10.7));
#2150 = DIRECTION('',(0.,0.,-1.));
#2151 = DIRECTION('',(-2.22044604925E-16,1.,0.));
#2152 = ADVANCED_FACE('',(#2153),#2166,.F.);
#2153 = FACE_BOUND('',#2154,.F.);
#2154 = EDGE_LOOP('',(#2155,#2163,#2164,#2165));
#2155 = ORIENTED_EDGE('',*,*,#2156,.T.);
#2156 = EDGE_CURVE('',#2122,#2157,#2159,.T.);
#2157 = VERTEX_POINT('',#2158);
#2158 = CARTESIAN_POINT('',(7.199999884516,-1.110223024625E-15,
    4.648493916702));
#2159 = LINE('',#2160,#2161);
#2160 = CARTESIAN_POINT('',(7.199999884516,-0.875,5.174246958351));
#2161 = VECTOR('',#2162,1.);
#2162 = DIRECTION('',(-8.535665552519E-17,0.857167300702,-0.51503807491)
  );
#2163 = ORIENTED_EDGE('',*,*,#2156,.F.);
#2164 = ORIENTED_EDGE('',*,*,#2138,.T.);
#2165 = ORIENTED_EDGE('',*,*,#2129,.T.);
#2166 = CONICAL_SURFACE('',#2167,0.875,1.029744258677);
#2167 = AXIS2_PLACEMENT_3D('',#2168,#2169,#2170);
#2168 = CARTESIAN_POINT('',(7.199999884516,-1.110223024625E-15,
    5.174246958351));
#2169 = DIRECTION('',(0.,0.,1.));
#2170 = DIRECTION('',(-2.22044604925E-16,1.,0.));
#2171 = MANIFOLD_SOLID_BREP('',#2172);
#2172 = CLOSED_SHELL('',(#2173,#2215,#2250,#2291,#2315,#2340,#2357,#2394
    ,#2414,#2449));
#2173 = ADVANCED_FACE('',(#2174),#2210,.T.);
#2174 = FACE_BOUND('',#2175,.T.);
#2175 = EDGE_LOOP('',(#2176,#2186,#2195,#2203));
#2176 = ORIENTED_EDGE('',*,*,#2177,.T.);
#2177 = EDGE_CURVE('',#2178,#2180,#2182,.T.);
#2178 = VERTEX_POINT('',#2179);
#2179 = CARTESIAN_POINT('',(-1.154839979201E-07,-2.15,-4.5));
#2180 = VERTEX_POINT('',#2181);
#2181 = CARTESIAN_POINT('',(-1.154839979201E-07,-1.5,-4.5));
#2182 = LINE('',#2183,#2184);
#2183 = CARTESIAN_POINT('',(-1.154840001405E-07,1.075,-4.5));
#2184 = VECTOR('',#2185,1.);
#2185 = DIRECTION('',(-2.22044604925E-16,1.,0.));
#2186 = ORIENTED_EDGE('',*,*,#2187,.T.);
#2187 = EDGE_CURVE('',#2180,#2188,#2190,.T.);
#2188 = VERTEX_POINT('',#2189);
#2189 = CARTESIAN_POINT('',(-1.154840001405E-07,1.5,-4.5));
#2190 = CIRCLE('',#2191,1.5);
#2191 = AXIS2_PLACEMENT_3D('',#2192,#2193,#2194);
#2192 = CARTESIAN_POINT('',(-1.154839979201E-07,-3.330669073875E-15,-4.5
    ));
#2193 = DIRECTION('',(0.,0.,1.));
#2194 = DIRECTION('',(2.22044604925E-16,-1.,0.));
#2195 = ORIENTED_EDGE('',*,*,#2196,.T.);
#2196 = EDGE_CURVE('',#2188,#2197,#2199,.T.);
#2197 = VERTEX_POINT('',#2198);
#2198 = CARTESIAN_POINT('',(-1.154840001405E-07,2.15,-4.5));
#2199 = LINE('',#2200,#2201);
#2200 = CARTESIAN_POINT('',(-1.154840001405E-07,1.075,-4.5));
#2201 = VECTOR('',#2202,1.);
#2202 = DIRECTION('',(-2.22044604925E-16,1.,0.));
#2203 = ORIENTED_EDGE('',*,*,#2204,.T.);
#2204 = EDGE_CURVE('',#2197,#2178,#2205,.T.);
#2205 = CIRCLE('',#2206,2.15);
#2206 = AXIS2_PLACEMENT_3D('',#2207,#2208,#2209);
#2207 = CARTESIAN_POINT('',(-1.154839979201E-07,-3.330669073875E-15,-4.5
    ));
#2208 = DIRECTION('',(0.,0.,-1.));
#2209 = DIRECTION('',(2.22044604925E-16,-1.,0.));
#2210 = PLANE('',#2211);
#2211 = AXIS2_PLACEMENT_3D('',#2212,#2213,#2214);
#2212 = CARTESIAN_POINT('',(-1.154839979201E-07,-3.330669073875E-15,-4.5
    ));
#2213 = DIRECTION('',(0.,0.,-1.));
#2214 = DIRECTION('',(2.22044604925E-16,-1.,0.));
#2215 = ADVANCED_FACE('',(#2216),#2245,.F.);
#2216 = FACE_BOUND('',#2217,.F.);
#2217 = EDGE_LOOP('',(#2218,#2228,#2229,#2238));
#2218 = ORIENTED_EDGE('',*,*,#2219,.T.);
#2219 = EDGE_CURVE('',#2220,#2222,#2224,.T.);
#2220 = VERTEX_POINT('',#2221);
#2221 = CARTESIAN_POINT('',(-1.154839984368E-07,1.5,1.5));
#2222 = VERTEX_POINT('',#2223);
#2223 = CARTESIAN_POINT('',(-1.154839979201E-07,-3.330669073875E-15,
    2.401290928541));
#2224 = LINE('',#2225,#2226);
#2225 = CARTESIAN_POINT('',(-1.154839981784E-07,0.75,1.950645464271));
#2226 = VECTOR('',#2227,1.);
#2227 = DIRECTION('',(2.953020937529E-16,-0.857167300702,0.51503807491)
  );
#2228 = ORIENTED_EDGE('',*,*,#2219,.F.);
#2229 = ORIENTED_EDGE('',*,*,#2230,.T.);
#2230 = EDGE_CURVE('',#2220,#2231,#2233,.T.);
#2231 = VERTEX_POINT('',#2232);
#2232 = CARTESIAN_POINT('',(-1.154839979201E-07,-1.5,1.5));
#2233 = CIRCLE('',#2234,1.5);
#2234 = AXIS2_PLACEMENT_3D('',#2235,#2236,#2237);
#2235 = CARTESIAN_POINT('',(-1.154839979201E-07,-3.330669073875E-15,1.5)
  );
#2236 = DIRECTION('',(0.,0.,1.));
#2237 = DIRECTION('',(2.22044604925E-16,-1.,0.));
#2238 = ORIENTED_EDGE('',*,*,#2239,.T.);
#2239 = EDGE_CURVE('',#2231,#2220,#2240,.T.);
#2240 = CIRCLE('',#2241,1.5);
#2241 = AXIS2_PLACEMENT_3D('',#2242,#2243,#2244);
#2242 = CARTESIAN_POINT('',(-1.154839979201E-07,-3.330669073875E-15,1.5)
  );
#2243 = DIRECTION('',(0.,0.,1.));
#2244 = DIRECTION('',(2.22044604925E-16,-1.,0.));
#2245 = CONICAL_SURFACE('',#2246,0.75,1.029744258677);
#2246 = AXIS2_PLACEMENT_3D('',#2247,#2248,#2249);
#2247 = CARTESIAN_POINT('',(-1.154839979201E-07,-3.330669073875E-15,
    1.950645464271));
#2248 = DIRECTION('',(0.,0.,-1.));
#2249 = DIRECTION('',(2.22044604925E-16,-1.,0.));
#2250 = ADVANCED_FACE('',(#2251),#2286,.F.);
#2251 = FACE_BOUND('',#2252,.F.);
#2252 = EDGE_LOOP('',(#2253,#2254,#2262,#2268,#2269,#2270,#2271,#2280));
#2253 = ORIENTED_EDGE('',*,*,#2187,.T.);
#2254 = ORIENTED_EDGE('',*,*,#2255,.F.);
#2255 = EDGE_CURVE('',#2256,#2188,#2258,.T.);
#2256 = VERTEX_POINT('',#2257);
#2257 = CARTESIAN_POINT('',(-1.154840001405E-07,1.5,-1.5));
#2258 = LINE('',#2259,#2260);
#2259 = CARTESIAN_POINT('',(-1.154840001405E-07,1.5,-1.5));
#2260 = VECTOR('',#2261,1.);
#2261 = DIRECTION('',(0.,0.,-1.));
#2262 = ORIENTED_EDGE('',*,*,#2263,.T.);
#2263 = EDGE_CURVE('',#2256,#2220,#2264,.T.);
#2264 = LINE('',#2265,#2266);
#2265 = CARTESIAN_POINT('',(-1.154839984368E-07,1.5,-1.5));
#2266 = VECTOR('',#2267,1.);
#2267 = DIRECTION('',(0.,0.,1.));
#2268 = ORIENTED_EDGE('',*,*,#2239,.F.);
#2269 = ORIENTED_EDGE('',*,*,#2230,.F.);
#2270 = ORIENTED_EDGE('',*,*,#2263,.F.);
#2271 = ORIENTED_EDGE('',*,*,#2272,.F.);
#2272 = EDGE_CURVE('',#2273,#2256,#2275,.T.);
#2273 = VERTEX_POINT('',#2274);
#2274 = CARTESIAN_POINT('',(-1.154839979201E-07,-1.5,-1.5));
#2275 = CIRCLE('',#2276,1.5);
#2276 = AXIS2_PLACEMENT_3D('',#2277,#2278,#2279);
#2277 = CARTESIAN_POINT('',(-1.154839979201E-07,-3.330669073875E-15,-1.5
    ));
#2278 = DIRECTION('',(0.,0.,-1.));
#2279 = DIRECTION('',(2.22044604925E-16,-1.,0.));
#2280 = ORIENTED_EDGE('',*,*,#2281,.F.);
#2281 = EDGE_CURVE('',#2180,#2273,#2282,.T.);
#2282 = LINE('',#2283,#2284);
#2283 = CARTESIAN_POINT('',(-1.154839979201E-07,-1.5,-1.5));
#2284 = VECTOR('',#2285,1.);
#2285 = DIRECTION('',(0.,0.,1.));
#2286 = CYLINDRICAL_SURFACE('',#2287,1.5);
#2287 = AXIS2_PLACEMENT_3D('',#2288,#2289,#2290);
#2288 = CARTESIAN_POINT('',(-1.154839979201E-07,-3.330669073875E-15,-1.5
    ));
#2289 = DIRECTION('',(0.,0.,1.));
#2290 = DIRECTION('',(2.22044604925E-16,-1.,0.));
#2291 = ADVANCED_FACE('',(#2292),#2310,.F.);
#2292 = FACE_BOUND('',#2293,.T.);
#2293 = EDGE_LOOP('',(#2294,#2295,#2296,#2304));
#2294 = ORIENTED_EDGE('',*,*,#2281,.F.);
#2295 = ORIENTED_EDGE('',*,*,#2177,.F.);
#2296 = ORIENTED_EDGE('',*,*,#2297,.F.);
#2297 = EDGE_CURVE('',#2298,#2178,#2300,.T.);
#2298 = VERTEX_POINT('',#2299);
#2299 = CARTESIAN_POINT('',(-1.154839979201E-07,-2.15,-1.5));
#2300 = LINE('',#2301,#2302);
#2301 = CARTESIAN_POINT('',(-1.154839979201E-07,-2.15,3.));
#2302 = VECTOR('',#2303,1.);
#2303 = DIRECTION('',(0.,0.,-1.));
#2304 = ORIENTED_EDGE('',*,*,#2305,.F.);
#2305 = EDGE_CURVE('',#2273,#2298,#2306,.T.);
#2306 = LINE('',#2307,#2308);
#2307 = CARTESIAN_POINT('',(-1.154840001405E-07,2.15,-1.5));
#2308 = VECTOR('',#2309,1.);
#2309 = DIRECTION('',(2.22044604925E-16,-1.,0.));
#2310 = PLANE('',#2311);
#2311 = AXIS2_PLACEMENT_3D('',#2312,#2313,#2314);
#2312 = CARTESIAN_POINT('',(-1.154840001405E-07,2.15,-4.5));
#2313 = DIRECTION('',(1.,2.22044604925E-16,0.));
#2314 = DIRECTION('',(0.,-0.,1.));
#2315 = ADVANCED_FACE('',(#2316),#2335,.F.);
#2316 = FACE_BOUND('',#2317,.T.);
#2317 = EDGE_LOOP('',(#2318,#2319,#2320,#2329));
#2318 = ORIENTED_EDGE('',*,*,#2272,.F.);
#2319 = ORIENTED_EDGE('',*,*,#2305,.T.);
#2320 = ORIENTED_EDGE('',*,*,#2321,.F.);
#2321 = EDGE_CURVE('',#2322,#2298,#2324,.T.);
#2322 = VERTEX_POINT('',#2323);
#2323 = CARTESIAN_POINT('',(-1.154840001405E-07,2.15,-1.5));
#2324 = CIRCLE('',#2325,2.15);
#2325 = AXIS2_PLACEMENT_3D('',#2326,#2327,#2328);
#2326 = CARTESIAN_POINT('',(-1.154839979201E-07,-3.330669073875E-15,-1.5
    ));
#2327 = DIRECTION('',(0.,0.,1.));
#2328 = DIRECTION('',(2.22044604925E-16,-1.,0.));
#2329 = ORIENTED_EDGE('',*,*,#2330,.T.);
#2330 = EDGE_CURVE('',#2322,#2256,#2331,.T.);
#2331 = LINE('',#2332,#2333);
#2332 = CARTESIAN_POINT('',(-1.154840001405E-07,2.15,-1.5));
#2333 = VECTOR('',#2334,1.);
#2334 = DIRECTION('',(2.22044604925E-16,-1.,0.));
#2335 = PLANE('',#2336);
#2336 = AXIS2_PLACEMENT_3D('',#2337,#2338,#2339);
#2337 = CARTESIAN_POINT('',(-1.154840001405E-07,2.15,-1.5));
#2338 = DIRECTION('',(0.,0.,1.));
#2339 = DIRECTION('',(-1.,-2.22044604925E-16,0.));
#2340 = ADVANCED_FACE('',(#2341),#2352,.F.);
#2341 = FACE_BOUND('',#2342,.T.);
#2342 = EDGE_LOOP('',(#2343,#2344,#2345,#2351));
#2343 = ORIENTED_EDGE('',*,*,#2255,.F.);
#2344 = ORIENTED_EDGE('',*,*,#2330,.F.);
#2345 = ORIENTED_EDGE('',*,*,#2346,.F.);
#2346 = EDGE_CURVE('',#2197,#2322,#2347,.T.);
#2347 = LINE('',#2348,#2349);
#2348 = CARTESIAN_POINT('',(-1.154840001405E-07,2.15,3.));
#2349 = VECTOR('',#2350,1.);
#2350 = DIRECTION('',(0.,0.,1.));
#2351 = ORIENTED_EDGE('',*,*,#2196,.F.);
#2352 = PLANE('',#2353);
#2353 = AXIS2_PLACEMENT_3D('',#2354,#2355,#2356);
#2354 = CARTESIAN_POINT('',(-1.154840001405E-07,2.15,-4.5));
#2355 = DIRECTION('',(1.,2.22044604925E-16,0.));
#2356 = DIRECTION('',(0.,-0.,1.));
#2357 = ADVANCED_FACE('',(#2358,#2369),#2389,.T.);
#2358 = FACE_BOUND('',#2359,.T.);
#2359 = EDGE_LOOP('',(#2360));
#2360 = ORIENTED_EDGE('',*,*,#2361,.T.);
#2361 = EDGE_CURVE('',#2362,#2362,#2364,.T.);
#2362 = VERTEX_POINT('',#2363);
#2363 = CARTESIAN_POINT('',(-1.154839979201E-07,-2.15,15.7));
#2364 = CIRCLE('',#2365,2.15);
#2365 = AXIS2_PLACEMENT_3D('',#2366,#2367,#2368);
#2366 = CARTESIAN_POINT('',(-1.154839979201E-07,-3.330669073875E-15,15.7
    ));
#2367 = DIRECTION('',(0.,0.,1.));
#2368 = DIRECTION('',(-2.22044604925E-16,1.,0.));
#2369 = FACE_BOUND('',#2370,.T.);
#2370 = EDGE_LOOP('',(#2371,#2382));
#2371 = ORIENTED_EDGE('',*,*,#2372,.T.);
#2372 = EDGE_CURVE('',#2373,#2375,#2377,.T.);
#2373 = VERTEX_POINT('',#2374);
#2374 = CARTESIAN_POINT('',(-1.154840001405E-07,1.75,15.7));
#2375 = VERTEX_POINT('',#2376);
#2376 = CARTESIAN_POINT('',(-1.154839977458E-07,-1.75,15.7));
#2377 = CIRCLE('',#2378,1.75);
#2378 = AXIS2_PLACEMENT_3D('',#2379,#2380,#2381);
#2379 = CARTESIAN_POINT('',(-1.154839979201E-07,-3.330669073875E-15,15.7
    ));
#2380 = DIRECTION('',(0.,0.,-1.));
#2381 = DIRECTION('',(-2.22044604925E-16,1.,0.));
#2382 = ORIENTED_EDGE('',*,*,#2383,.T.);
#2383 = EDGE_CURVE('',#2375,#2373,#2384,.T.);
#2384 = CIRCLE('',#2385,1.75);
#2385 = AXIS2_PLACEMENT_3D('',#2386,#2387,#2388);
#2386 = CARTESIAN_POINT('',(-1.154839979201E-07,-3.330669073875E-15,15.7
    ));
#2387 = DIRECTION('',(0.,0.,-1.));
#2388 = DIRECTION('',(-2.22044604925E-16,1.,0.));
#2389 = PLANE('',#2390);
#2390 = AXIS2_PLACEMENT_3D('',#2391,#2392,#2393);
#2391 = CARTESIAN_POINT('',(-1.154839979201E-07,-3.330669073875E-15,15.7
    ));
#2392 = DIRECTION('',(0.,0.,1.));
#2393 = DIRECTION('',(-2.22044604925E-16,1.,0.));
#2394 = ADVANCED_FACE('',(#2395),#2409,.T.);
#2395 = FACE_BOUND('',#2396,.T.);
#2396 = EDGE_LOOP('',(#2397,#2398,#2404,#2405,#2406,#2407,#2408));
#2397 = ORIENTED_EDGE('',*,*,#2361,.F.);
#2398 = ORIENTED_EDGE('',*,*,#2399,.T.);
#2399 = EDGE_CURVE('',#2362,#2298,#2400,.T.);
#2400 = LINE('',#2401,#2402);
#2401 = CARTESIAN_POINT('',(-1.154839971794E-07,-2.15,5.7));
#2402 = VECTOR('',#2403,1.);
#2403 = DIRECTION('',(0.,0.,-1.));
#2404 = ORIENTED_EDGE('',*,*,#2297,.T.);
#2405 = ORIENTED_EDGE('',*,*,#2204,.F.);
#2406 = ORIENTED_EDGE('',*,*,#2346,.T.);
#2407 = ORIENTED_EDGE('',*,*,#2321,.T.);
#2408 = ORIENTED_EDGE('',*,*,#2399,.F.);
#2409 = CYLINDRICAL_SURFACE('',#2410,2.15);
#2410 = AXIS2_PLACEMENT_3D('',#2411,#2412,#2413);
#2411 = CARTESIAN_POINT('',(-1.154839979201E-07,-3.330669073875E-15,5.7)
  );
#2412 = DIRECTION('',(0.,0.,1.));
#2413 = DIRECTION('',(-2.22044604925E-16,1.,0.));
#2414 = ADVANCED_FACE('',(#2415),#2444,.F.);
#2415 = FACE_BOUND('',#2416,.F.);
#2416 = EDGE_LOOP('',(#2417,#2425,#2434,#2441,#2442,#2443));
#2417 = ORIENTED_EDGE('',*,*,#2418,.T.);
#2418 = EDGE_CURVE('',#2375,#2419,#2421,.T.);
#2419 = VERTEX_POINT('',#2420);
#2420 = CARTESIAN_POINT('',(-1.154839977458E-07,-1.75,5.7));
#2421 = LINE('',#2422,#2423);
#2422 = CARTESIAN_POINT('',(-1.154839977458E-07,-1.75,10.7));
#2423 = VECTOR('',#2424,1.);
#2424 = DIRECTION('',(0.,0.,-1.));
#2425 = ORIENTED_EDGE('',*,*,#2426,.F.);
#2426 = EDGE_CURVE('',#2427,#2419,#2429,.T.);
#2427 = VERTEX_POINT('',#2428);
#2428 = CARTESIAN_POINT('',(-1.154840001405E-07,1.75,5.7));
#2429 = CIRCLE('',#2430,1.75);
#2430 = AXIS2_PLACEMENT_3D('',#2431,#2432,#2433);
#2431 = CARTESIAN_POINT('',(-1.154839979201E-07,-3.330669073875E-15,5.7)
  );
#2432 = DIRECTION('',(0.,0.,-1.));
#2433 = DIRECTION('',(-2.22044604925E-16,1.,0.));
#2434 = ORIENTED_EDGE('',*,*,#2435,.F.);
#2435 = EDGE_CURVE('',#2419,#2427,#2436,.T.);
#2436 = CIRCLE('',#2437,1.75);
#2437 = AXIS2_PLACEMENT_3D('',#2438,#2439,#2440);
#2438 = CARTESIAN_POINT('',(-1.154839979201E-07,-3.330669073875E-15,5.7)
  );
#2439 = DIRECTION('',(0.,0.,-1.));
#2440 = DIRECTION('',(-2.22044604925E-16,1.,0.));
#2441 = ORIENTED_EDGE('',*,*,#2418,.F.);
#2442 = ORIENTED_EDGE('',*,*,#2383,.T.);
#2443 = ORIENTED_EDGE('',*,*,#2372,.T.);
#2444 = CYLINDRICAL_SURFACE('',#2445,1.75);
#2445 = AXIS2_PLACEMENT_3D('',#2446,#2447,#2448);
#2446 = CARTESIAN_POINT('',(-1.154839979201E-07,-3.330669073875E-15,10.7
    ));
#2447 = DIRECTION('',(0.,0.,-1.));
#2448 = DIRECTION('',(-2.22044604925E-16,1.,0.));
#2449 = ADVANCED_FACE('',(#2450),#2463,.F.);
#2450 = FACE_BOUND('',#2451,.F.);
#2451 = EDGE_LOOP('',(#2452,#2460,#2461,#2462));
#2452 = ORIENTED_EDGE('',*,*,#2453,.T.);
#2453 = EDGE_CURVE('',#2419,#2454,#2456,.T.);
#2454 = VERTEX_POINT('',#2455);
#2455 = CARTESIAN_POINT('',(-1.154839979201E-07,-3.330669073875E-15,
    4.648493916702));
#2456 = LINE('',#2457,#2458);
#2457 = CARTESIAN_POINT('',(-1.154839978329E-07,-0.875,5.174246958351));
#2458 = VECTOR('',#2459,1.);
#2459 = DIRECTION('',(-8.535665552519E-17,0.857167300702,-0.51503807491)
  );
#2460 = ORIENTED_EDGE('',*,*,#2453,.F.);
#2461 = ORIENTED_EDGE('',*,*,#2435,.T.);
#2462 = ORIENTED_EDGE('',*,*,#2426,.T.);
#2463 = CONICAL_SURFACE('',#2464,0.875,1.029744258677);
#2464 = AXIS2_PLACEMENT_3D('',#2465,#2466,#2467);
#2465 = CARTESIAN_POINT('',(-1.154839979201E-07,-3.330669073875E-15,
    5.174246958351));
#2466 = DIRECTION('',(0.,0.,1.));
#2467 = DIRECTION('',(-2.22044604925E-16,1.,0.));
#2468 = ( GEOMETRIC_REPRESENTATION_CONTEXT(3) 
GLOBAL_UNCERTAINTY_ASSIGNED_CONTEXT((#2472)) 
GLOBAL_UNIT_ASSIGNED_CONTEXT((#2469,#2470,#2471)) REPRESENTATION_CONTEXT
('Context #1','3D Context with UNIT and UNCERTAINTY') );
#2469 = ( LENGTH_UNIT() NAMED_UNIT(*) SI_UNIT(.MILLI.,.METRE.) );
#2470 = ( NAMED_UNIT(*) PLANE_ANGLE_UNIT() SI_UNIT($,.RADIAN.) );
#2471 = ( NAMED_UNIT(*) SI_UNIT($,.STERADIAN.) SOLID_ANGLE_UNIT() );
#2472 = UNCERTAINTY_MEASURE_WITH_UNIT(LENGTH_MEASURE(1.E-07),#2469,
  'distance_accuracy_value','confusion accuracy');
#2473 = SHAPE_DEFINITION_REPRESENTATION(#2474,#65);
#2474 = PRODUCT_DEFINITION_SHAPE('','',#2475);
#2475 = PRODUCT_DEFINITION('design','',#2476,#2479);
#2476 = PRODUCT_DEFINITION_FORMATION('','',#2477);
#2477 = PRODUCT('AMASS_XT60-F_1x02_P7.2mm_Vertical',
  'AMASS_XT60-F_1x02_P7.2mm_Vertical','',(#2478));
#2478 = PRODUCT_CONTEXT('',#2,'mechanical');
#2479 = PRODUCT_DEFINITION_CONTEXT('part definition',#2,'design');
#2480 = CONTEXT_DEPENDENT_SHAPE_REPRESENTATION(#2481,#2483);
#2481 = ( REPRESENTATION_RELATIONSHIP('','',#65,#10) 
REPRESENTATION_RELATIONSHIP_WITH_TRANSFORMATION(#2482) 
SHAPE_REPRESENTATION_RELATIONSHIP() );
#2482 = ITEM_DEFINED_TRANSFORMATION('','',#11,#15);
#2483 = PRODUCT_DEFINITION_SHAPE('Placement','Placement of an item',
  #2484);
#2484 = NEXT_ASSEMBLY_USAGE_OCCURRENCE('1','','',#5,#2475,$);
#2485 = PRODUCT_RELATED_PRODUCT_CATEGORY('part',$,(#2477));
#2486 = ADVANCED_BREP_SHAPE_REPRESENTATION('',(#11,#2487),#3852);
#2487 = MANIFOLD_SOLID_BREP('',#2488);
#2488 = CLOSED_SHELL('',(#2489,#2532,#2558,#2631,#2710,#2750,#2829,#2854
    ,#2879,#2935,#2991,#3016,#3041,#3106,#3179,#3265,#3282,#3313,#3325,
    #3342,#3354,#3372,#3384,#3402,#3414,#3445,#3497,#3529,#3554,#3579,
    #3611,#3636,#3661,#3678,#3695,#3743,#3784,#3802,#3814,#3826,#3842));
#2489 = ADVANCED_FACE('',(#2490),#2527,.T.);
#2490 = FACE_BOUND('',#2491,.T.);
#2491 = EDGE_LOOP('',(#2492,#2511,#2519,#2526));
#2492 = ORIENTED_EDGE('',*,*,#2493,.T.);
#2493 = EDGE_CURVE('',#2494,#2494,#2496,.T.);
#2494 = VERTEX_POINT('',#2495);
#2495 = CARTESIAN_POINT('',(-3.15,3.857637417314E-16,1.903268122105));
#2496 = ( BOUNDED_CURVE() B_SPLINE_CURVE(13,(#2497,#2498,#2499,#2500,
    #2501,#2502,#2503,#2504,#2505,#2506,#2507,#2508,#2509,#2510),
.UNSPECIFIED.,.T.,.F.) B_SPLINE_CURVE_WITH_KNOTS((1,13,13,1),(
    -19.79203371761,3.914259941243E-16,19.792033717616,39.584067435232),
.UNSPECIFIED.) CURVE() GEOMETRIC_REPRESENTATION_ITEM() 
RATIONAL_B_SPLINE_CURVE((1.,1.,1.000000000001,0.999999999998,
    1.000000000004,0.999999999994,1.000000000007,0.999999999994,
    1.000000000005,0.999999999997,1.000000000001,1.,1.,1.)) 
REPRESENTATION_ITEM('') );
#2497 = CARTESIAN_POINT('',(-3.15,3.857637417314E-16,1.903268122105));
#2498 = CARTESIAN_POINT('',(-3.150000000001,1.500440617323,
    1.903268122105));
#2499 = CARTESIAN_POINT('',(-2.374522784297,3.035482525996,
    1.903268122105));
#2500 = CARTESIAN_POINT('',(-0.778699260131,4.133102804313,
    1.903268122105));
#2501 = CARTESIAN_POINT('',(1.417356467597,4.301676360907,1.903268122105
    ));
#2502 = CARTESIAN_POINT('',(3.314487228419,3.131786890306,1.903268122105
    ));
#2503 = CARTESIAN_POINT('',(4.70583335723,1.424009627085,1.903268122105)
  );
#2504 = CARTESIAN_POINT('',(4.705833357256,-1.424009627103,
    1.903268122105));
#2505 = CARTESIAN_POINT('',(3.314487228412,-3.131786890273,
    1.903268122105));
#2506 = CARTESIAN_POINT('',(1.41735646759,-4.301676360937,1.903268122105
    ));
#2507 = CARTESIAN_POINT('',(-0.778699260121,-4.133102804298,
    1.903268122105));
#2508 = CARTESIAN_POINT('',(-2.374522784302,-3.035482526,1.903268122105)
  );
#2509 = CARTESIAN_POINT('',(-3.149999999999,-1.500440617323,
    1.903268122105));
#2510 = CARTESIAN_POINT('',(-3.15,3.857637417314E-16,1.903268122105));
#2511 = ORIENTED_EDGE('',*,*,#2512,.F.);
#2512 = EDGE_CURVE('',#2513,#2494,#2515,.T.);
#2513 = VERTEX_POINT('',#2514);
#2514 = CARTESIAN_POINT('',(-3.15,3.857637417314E-16,1.07));
#2515 = LINE('',#2516,#2517);
#2516 = CARTESIAN_POINT('',(-3.15,3.857637417314E-16,0.65));
#2517 = VECTOR('',#2518,1.);
#2518 = DIRECTION('',(0.,0.,1.));
#2519 = ORIENTED_EDGE('',*,*,#2520,.F.);
#2520 = EDGE_CURVE('',#2513,#2513,#2521,.T.);
#2521 = CIRCLE('',#2522,3.15);
#2522 = AXIS2_PLACEMENT_3D('',#2523,#2524,#2525);
#2523 = CARTESIAN_POINT('',(0.,0.,1.07));
#2524 = DIRECTION('',(0.,0.,-1.));
#2525 = DIRECTION('',(-1.,1.224646799147E-16,0.));
#2526 = ORIENTED_EDGE('',*,*,#2512,.T.);
#2527 = CYLINDRICAL_SURFACE('',#2528,3.15);
#2528 = AXIS2_PLACEMENT_3D('',#2529,#2530,#2531);
#2529 = CARTESIAN_POINT('',(0.,0.,0.65));
#2530 = DIRECTION('',(0.,0.,1.));
#2531 = DIRECTION('',(-1.,1.224646799147E-16,0.));
#2532 = ADVANCED_FACE('',(#2533),#2553,.T.);
#2533 = FACE_BOUND('',#2534,.T.);
#2534 = EDGE_LOOP('',(#2535,#2536,#2545,#2552));
#2535 = ORIENTED_EDGE('',*,*,#2520,.T.);
#2536 = ORIENTED_EDGE('',*,*,#2537,.T.);
#2537 = EDGE_CURVE('',#2513,#2538,#2540,.T.);
#2538 = VERTEX_POINT('',#2539);
#2539 = CARTESIAN_POINT('',(-2.73,3.343285761672E-16,0.65));
#2540 = CIRCLE('',#2541,0.42);
#2541 = AXIS2_PLACEMENT_3D('',#2542,#2543,#2544);
#2542 = CARTESIAN_POINT('',(-2.73,3.343285761672E-16,1.07));
#2543 = DIRECTION('',(-1.224646799147E-16,-1.,-0.));
#2544 = DIRECTION('',(-1.,1.224646799147E-16,0.));
#2545 = ORIENTED_EDGE('',*,*,#2546,.F.);
#2546 = EDGE_CURVE('',#2538,#2538,#2547,.T.);
#2547 = CIRCLE('',#2548,2.73);
#2548 = AXIS2_PLACEMENT_3D('',#2549,#2550,#2551);
#2549 = CARTESIAN_POINT('',(0.,0.,0.65));
#2550 = DIRECTION('',(0.,0.,-1.));
#2551 = DIRECTION('',(-1.,1.224646799147E-16,0.));
#2552 = ORIENTED_EDGE('',*,*,#2537,.F.);
#2553 = TOROIDAL_SURFACE('',#2554,2.73,0.42);
#2554 = AXIS2_PLACEMENT_3D('',#2555,#2556,#2557);
#2555 = CARTESIAN_POINT('',(0.,0.,1.07));
#2556 = DIRECTION('',(0.,0.,-1.));
#2557 = DIRECTION('',(-1.,1.224646799147E-16,0.));
#2558 = ADVANCED_FACE('',(#2559),#2588,.T.);
#2559 = FACE_BOUND('',#2560,.T.);
#2560 = EDGE_LOOP('',(#2561,#2569,#2586,#2587));
#2561 = ORIENTED_EDGE('',*,*,#2562,.T.);
#2562 = EDGE_CURVE('',#2494,#2563,#2565,.T.);
#2563 = VERTEX_POINT('',#2564);
#2564 = CARTESIAN_POINT('',(-3.121363636364,3.822567986248E-16,
    1.934637686762));
#2565 = ( BOUNDED_CURVE() B_SPLINE_CURVE(2,(#2566,#2567,#2568),
.UNSPECIFIED.,.F.,.F.) B_SPLINE_CURVE_WITH_KNOTS((3,3),(0.,
19.792033717616),.PIECEWISE_BEZIER_KNOTS.) CURVE() 
GEOMETRIC_REPRESENTATION_ITEM() RATIONAL_B_SPLINE_CURVE((1.,
0.738548945876,1.)) REPRESENTATION_ITEM('') );
#2566 = CARTESIAN_POINT('',(-3.15,3.857637417314E-16,1.903268122105));
#2567 = CARTESIAN_POINT('',(-3.15,1.195445924144E-15,1.932023556374));
#2568 = CARTESIAN_POINT('',(-3.121363636364,3.822567986248E-16,
    1.934637686762));
#2569 = ORIENTED_EDGE('',*,*,#2570,.T.);
#2570 = EDGE_CURVE('',#2563,#2563,#2571,.T.);
#2571 = ( BOUNDED_CURVE() B_SPLINE_CURVE(13,(#2572,#2573,#2574,#2575,
    #2576,#2577,#2578,#2579,#2580,#2581,#2582,#2583,#2584,#2585),
.UNSPECIFIED.,.T.,.F.) B_SPLINE_CURVE_WITH_KNOTS((1,13,13,1),(
    -19.79203371761,3.914259941243E-16,19.792033717616,39.584067435232),
.UNSPECIFIED.) CURVE() GEOMETRIC_REPRESENTATION_ITEM() 
RATIONAL_B_SPLINE_CURVE((1.,1.,1.000000000001,0.999999999998,
    1.000000000004,0.999999999994,1.000000000007,0.999999999994,
    1.000000000005,0.999999999997,1.000000000001,1.,1.,1.)) 
REPRESENTATION_ITEM('') );
#2572 = CARTESIAN_POINT('',(-3.121363636364,3.822567986248E-16,
    1.934637686762));
#2573 = CARTESIAN_POINT('',(-3.121363636365,1.486800248075,
    1.934637686762));
#2574 = CARTESIAN_POINT('',(-2.35293621353,3.007887230305,1.934637686762
    ));
#2575 = CARTESIAN_POINT('',(-0.771620175949,4.095529142455,
    1.934637686762));
#2576 = CARTESIAN_POINT('',(1.404471408801,4.262570212172,1.934637686762
    ));
#2577 = CARTESIAN_POINT('',(3.284355526343,3.103316100395,1.934637686762
    ));
#2578 = CARTESIAN_POINT('',(4.663053053981,1.411064085019,1.934637686762
    ));
#2579 = CARTESIAN_POINT('',(4.663053054011,-1.411064085037,
    1.934637686762));
#2580 = CARTESIAN_POINT('',(3.284355526332,-3.103316100363,
    1.934637686762));
#2581 = CARTESIAN_POINT('',(1.404471408797,-4.2625702122,1.934637686762)
  );
#2582 = CARTESIAN_POINT('',(-0.77162017594,-4.095529142442,
    1.934637686762));
#2583 = CARTESIAN_POINT('',(-2.352936213535,-3.007887230309,
    1.934637686762));
#2584 = CARTESIAN_POINT('',(-3.121363636363,-1.486800248074,
    1.934637686762));
#2585 = CARTESIAN_POINT('',(-3.121363636364,3.822567986248E-16,
    1.934637686762));
#2586 = ORIENTED_EDGE('',*,*,#2562,.F.);
#2587 = ORIENTED_EDGE('',*,*,#2493,.F.);
#2588 = ( BOUNDED_SURFACE() B_SPLINE_SURFACE(2,13,(
    (#2589,#2590,#2591,#2592,#2593,#2594,#2595,#2596,#2597,#2598,#2599
      ,#2600,#2601,#2602)
    ,(#2603,#2604,#2605,#2606,#2607,#2608,#2609,#2610,#2611,#2612,#2613
      ,#2614,#2615,#2616)
    ,(#2617,#2618,#2619,#2620,#2621,#2622,#2623,#2624,#2625,#2626,#2627
      ,#2628,#2629,#2630
)),.UNSPECIFIED.,.F.,.T.,.F.) B_SPLINE_SURFACE_WITH_KNOTS((3,3),(1,13,13
    ,1),(0.,19.792033717616),(-19.79203371761,3.914259941243E-16,
    19.792033717616,39.584067435232),.UNSPECIFIED.) 
GEOMETRIC_REPRESENTATION_ITEM() RATIONAL_B_SPLINE_SURFACE((
    (1.,1.,1.000000000001,0.999999999998,1.000000000004,0.999999999994
      ,1.000000000007,0.999999999994,1.000000000005,0.999999999997
      ,1.000000000001,1.,1.,1.)
    ,(0.738548945876,0.738548945876,0.738548945876,0.738548945875
      ,0.738548945878,0.738548945873,0.738548945879,0.738548945873
      ,0.738548945878,0.738548945875,0.738548945877,0.738548945876
      ,0.738548945876,0.738548945876)
    ,(1.,1.,1.000000000001,0.999999999998,1.000000000004,0.999999999994
      ,1.000000000007,0.999999999994,1.000000000005,0.999999999997
,1.000000000001,1.,1.,1.))) REPRESENTATION_ITEM('') SURFACE() );
#2589 = CARTESIAN_POINT('',(-3.15,3.857637417314E-16,1.903268122105));
#2590 = CARTESIAN_POINT('',(-3.150000000001,1.500440617323,
    1.903268122105));
#2591 = CARTESIAN_POINT('',(-2.374522784297,3.035482525996,
    1.903268122105));
#2592 = CARTESIAN_POINT('',(-0.778699260131,4.133102804313,
    1.903268122105));
#2593 = CARTESIAN_POINT('',(1.417356467597,4.301676360907,1.903268122105
    ));
#2594 = CARTESIAN_POINT('',(3.314487228419,3.131786890306,1.903268122105
    ));
#2595 = CARTESIAN_POINT('',(4.70583335723,1.424009627085,1.903268122105)
  );
#2596 = CARTESIAN_POINT('',(4.705833357256,-1.424009627103,
    1.903268122105));
#2597 = CARTESIAN_POINT('',(3.314487228412,-3.131786890273,
    1.903268122105));
#2598 = CARTESIAN_POINT('',(1.41735646759,-4.301676360937,1.903268122105
    ));
#2599 = CARTESIAN_POINT('',(-0.778699260121,-4.133102804298,
    1.903268122105));
#2600 = CARTESIAN_POINT('',(-2.374522784302,-3.035482526,1.903268122105)
  );
#2601 = CARTESIAN_POINT('',(-3.149999999999,-1.500440617323,
    1.903268122105));
#2602 = CARTESIAN_POINT('',(-3.15,3.857637417314E-16,1.903268122105));
#2603 = CARTESIAN_POINT('',(-3.15,1.195445924144E-15,1.932023556374));
#2604 = CARTESIAN_POINT('',(-3.150000000001,1.500440617323,
    1.932023556374));
#2605 = CARTESIAN_POINT('',(-2.374522784297,3.035482525998,
    1.932023556374));
#2606 = CARTESIAN_POINT('',(-0.778699260131,4.133102804308,
    1.932023556374));
#2607 = CARTESIAN_POINT('',(1.4173564676,4.301676360916,1.932023556374)
  );
#2608 = CARTESIAN_POINT('',(3.314487228412,3.131786890296,1.932023556374
    ));
#2609 = CARTESIAN_POINT('',(4.705833357241,1.424009627092,1.932023556374
    ));
#2610 = CARTESIAN_POINT('',(4.705833357246,-1.424009627104,
    1.932023556374));
#2611 = CARTESIAN_POINT('',(3.314487228417,-3.131786890276,
    1.932023556374));
#2612 = CARTESIAN_POINT('',(1.417356467589,-4.301676360933,
    1.932023556374));
#2613 = CARTESIAN_POINT('',(-0.778699260122,-4.1331028043,1.932023556374
    ));
#2614 = CARTESIAN_POINT('',(-2.374522784301,-3.035482526,1.932023556374)
  );
#2615 = CARTESIAN_POINT('',(-3.15,-1.500440617323,1.932023556374));
#2616 = CARTESIAN_POINT('',(-3.15,1.195445924144E-15,1.932023556374));
#2617 = CARTESIAN_POINT('',(-3.121363636364,3.822567986248E-16,
    1.934637686762));
#2618 = CARTESIAN_POINT('',(-3.121363636365,1.486800248075,
    1.934637686762));
#2619 = CARTESIAN_POINT('',(-2.35293621353,3.007887230305,1.934637686762
    ));
#2620 = CARTESIAN_POINT('',(-0.771620175949,4.095529142455,
    1.934637686762));
#2621 = CARTESIAN_POINT('',(1.404471408801,4.262570212172,1.934637686762
    ));
#2622 = CARTESIAN_POINT('',(3.284355526343,3.103316100395,1.934637686762
    ));
#2623 = CARTESIAN_POINT('',(4.663053053981,1.411064085019,1.934637686762
    ));
#2624 = CARTESIAN_POINT('',(4.663053054011,-1.411064085037,
    1.934637686762));
#2625 = CARTESIAN_POINT('',(3.284355526332,-3.103316100363,
    1.934637686762));
#2626 = CARTESIAN_POINT('',(1.404471408797,-4.2625702122,1.934637686762)
  );
#2627 = CARTESIAN_POINT('',(-0.77162017594,-4.095529142442,
    1.934637686762));
#2628 = CARTESIAN_POINT('',(-2.352936213535,-3.007887230309,
    1.934637686762));
#2629 = CARTESIAN_POINT('',(-3.121363636363,-1.486800248074,
    1.934637686762));
#2630 = CARTESIAN_POINT('',(-3.121363636364,3.822567986248E-16,
    1.934637686762));
#2631 = ADVANCED_FACE('',(#2632,#2702),#2705,.T.);
#2632 = FACE_BOUND('',#2633,.T.);
#2633 = EDGE_LOOP('',(#2634,#2644,#2653,#2661,#2670,#2678,#2687,#2695));
#2634 = ORIENTED_EDGE('',*,*,#2635,.T.);
#2635 = EDGE_CURVE('',#2636,#2638,#2640,.T.);
#2636 = VERTEX_POINT('',#2637);
#2637 = CARTESIAN_POINT('',(-3.3,0.576628129734,0.65));
#2638 = VERTEX_POINT('',#2639);
#2639 = CARTESIAN_POINT('',(-3.3,-0.576628129734,0.65));
#2640 = LINE('',#2641,#2642);
#2641 = CARTESIAN_POINT('',(-3.3,1.15,0.65));
#2642 = VECTOR('',#2643,1.);
#2643 = DIRECTION('',(-1.224646799147E-16,-1.,0.));
#2644 = ORIENTED_EDGE('',*,*,#2645,.T.);
#2645 = EDGE_CURVE('',#2638,#2646,#2648,.T.);
#2646 = VERTEX_POINT('',#2647);
#2647 = CARTESIAN_POINT('',(-0.576628129734,-3.3,0.65));
#2648 = CIRCLE('',#2649,3.35);
#2649 = AXIS2_PLACEMENT_3D('',#2650,#2651,#2652);
#2650 = CARTESIAN_POINT('',(0.,0.,0.65));
#2651 = DIRECTION('',(0.,0.,1.));
#2652 = DIRECTION('',(-1.,1.224646799147E-16,0.));
#2653 = ORIENTED_EDGE('',*,*,#2654,.T.);
#2654 = EDGE_CURVE('',#2646,#2655,#2657,.T.);
#2655 = VERTEX_POINT('',#2656);
#2656 = CARTESIAN_POINT('',(0.576628129734,-3.3,0.65));
#2657 = LINE('',#2658,#2659);
#2658 = CARTESIAN_POINT('',(-1.15,-3.3,0.65));
#2659 = VECTOR('',#2660,1.);
#2660 = DIRECTION('',(1.,-1.224646799147E-16,0.));
#2661 = ORIENTED_EDGE('',*,*,#2662,.T.);
#2662 = EDGE_CURVE('',#2655,#2663,#2665,.T.);
#2663 = VERTEX_POINT('',#2664);
#2664 = CARTESIAN_POINT('',(3.3,-0.576628129734,0.65));
#2665 = CIRCLE('',#2666,3.35);
#2666 = AXIS2_PLACEMENT_3D('',#2667,#2668,#2669);
#2667 = CARTESIAN_POINT('',(0.,0.,0.65));
#2668 = DIRECTION('',(0.,0.,1.));
#2669 = DIRECTION('',(-1.,1.224646799147E-16,0.));
#2670 = ORIENTED_EDGE('',*,*,#2671,.T.);
#2671 = EDGE_CURVE('',#2663,#2672,#2674,.T.);
#2672 = VERTEX_POINT('',#2673);
#2673 = CARTESIAN_POINT('',(3.3,0.576628129734,0.65));
#2674 = LINE('',#2675,#2676);
#2675 = CARTESIAN_POINT('',(3.3,-1.65,0.65));
#2676 = VECTOR('',#2677,1.);
#2677 = DIRECTION('',(1.224646799147E-16,1.,0.));
#2678 = ORIENTED_EDGE('',*,*,#2679,.T.);
#2679 = EDGE_CURVE('',#2672,#2680,#2682,.T.);
#2680 = VERTEX_POINT('',#2681);
#2681 = CARTESIAN_POINT('',(0.576628129734,3.3,0.65));
#2682 = CIRCLE('',#2683,3.35);
#2683 = AXIS2_PLACEMENT_3D('',#2684,#2685,#2686);
#2684 = CARTESIAN_POINT('',(0.,0.,0.65));
#2685 = DIRECTION('',(0.,0.,1.));
#2686 = DIRECTION('',(-1.,1.224646799147E-16,0.));
#2687 = ORIENTED_EDGE('',*,*,#2688,.T.);
#2688 = EDGE_CURVE('',#2680,#2689,#2691,.T.);
#2689 = VERTEX_POINT('',#2690);
#2690 = CARTESIAN_POINT('',(-0.576628129734,3.3,0.65));
#2691 = LINE('',#2692,#2693);
#2692 = CARTESIAN_POINT('',(1.65,3.3,0.65));
#2693 = VECTOR('',#2694,1.);
#2694 = DIRECTION('',(-1.,1.224646799147E-16,0.));
#2695 = ORIENTED_EDGE('',*,*,#2696,.T.);
#2696 = EDGE_CURVE('',#2689,#2636,#2697,.T.);
#2697 = CIRCLE('',#2698,3.35);
#2698 = AXIS2_PLACEMENT_3D('',#2699,#2700,#2701);
#2699 = CARTESIAN_POINT('',(0.,0.,0.65));
#2700 = DIRECTION('',(0.,0.,1.));
#2701 = DIRECTION('',(-1.,1.224646799147E-16,0.));
#2702 = FACE_BOUND('',#2703,.T.);
#2703 = EDGE_LOOP('',(#2704));
#2704 = ORIENTED_EDGE('',*,*,#2546,.T.);
#2705 = PLANE('',#2706);
#2706 = AXIS2_PLACEMENT_3D('',#2707,#2708,#2709);
#2707 = CARTESIAN_POINT('',(2.040955421701E-16,-6.734331626528E-17,0.65)
  );
#2708 = DIRECTION('',(0.,0.,1.));
#2709 = DIRECTION('',(-1.,1.224646799147E-16,0.));
#2710 = ADVANCED_FACE('',(#2711),#2741,.F.);
#2711 = FACE_BOUND('',#2712,.F.);
#2712 = EDGE_LOOP('',(#2713,#2722,#2723,#2724));
#2713 = ORIENTED_EDGE('',*,*,#2714,.F.);
#2714 = EDGE_CURVE('',#2563,#2715,#2717,.T.);
#2715 = VERTEX_POINT('',#2716);
#2716 = CARTESIAN_POINT('',(-3.121363636364,3.822567986248E-16,
    2.562028979904));
#2717 = CIRCLE('',#2718,0.315);
#2718 = AXIS2_PLACEMENT_3D('',#2719,#2720,#2721);
#2719 = CARTESIAN_POINT('',(-3.15,3.857637417314E-16,2.248333333333));
#2720 = DIRECTION('',(-1.224646799147E-16,-1.,-0.));
#2721 = DIRECTION('',(0.,0.,-1.));
#2722 = ORIENTED_EDGE('',*,*,#2570,.T.);
#2723 = ORIENTED_EDGE('',*,*,#2714,.T.);
#2724 = ORIENTED_EDGE('',*,*,#2725,.F.);
#2725 = EDGE_CURVE('',#2715,#2715,#2726,.T.);
#2726 = ( BOUNDED_CURVE() B_SPLINE_CURVE(13,(#2727,#2728,#2729,#2730,
    #2731,#2732,#2733,#2734,#2735,#2736,#2737,#2738,#2739,#2740),
.UNSPECIFIED.,.T.,.F.) B_SPLINE_CURVE_WITH_KNOTS((1,13,13,1),(
    -19.79203371761,3.914259941243E-16,19.792033717616,39.584067435232),
.UNSPECIFIED.) CURVE() GEOMETRIC_REPRESENTATION_ITEM() 
RATIONAL_B_SPLINE_CURVE((1.,1.,1.000000000001,0.999999999998,
    1.000000000004,0.999999999994,1.000000000007,0.999999999994,
    1.000000000005,0.999999999997,1.000000000001,1.,1.,1.)) 
REPRESENTATION_ITEM('') );
#2727 = CARTESIAN_POINT('',(-3.121363636364,3.822567986248E-16,
    2.562028979904));
#2728 = CARTESIAN_POINT('',(-3.121363636364,1.486800248075,
    2.562028979904));
#2729 = CARTESIAN_POINT('',(-2.352936213531,3.007887230306,
    2.562028979904));
#2730 = CARTESIAN_POINT('',(-0.771620175947,4.095529142455,
    2.562028979904));
#2731 = CARTESIAN_POINT('',(1.404471408799,4.262570212172,2.562028979904
    ));
#2732 = CARTESIAN_POINT('',(3.284355526347,3.103316100394,2.562028979904
    ));
#2733 = CARTESIAN_POINT('',(4.663053053976,1.411064085019,2.562028979904
    ));
#2734 = CARTESIAN_POINT('',(4.663053054016,-1.411064085037,
    2.562028979904));
#2735 = CARTESIAN_POINT('',(3.284355526329,-3.103316100364,
    2.562028979904));
#2736 = CARTESIAN_POINT('',(1.404471408799,-4.262570212199,
    2.562028979904));
#2737 = CARTESIAN_POINT('',(-0.771620175941,-4.095529142443,
    2.562028979904));
#2738 = CARTESIAN_POINT('',(-2.352936213535,-3.007887230309,
    2.562028979904));
#2739 = CARTESIAN_POINT('',(-3.121363636363,-1.486800248074,
    2.562028979904));
#2740 = CARTESIAN_POINT('',(-3.121363636364,3.822567986248E-16,
    2.562028979904));
#2741 = SURFACE_OF_REVOLUTION('',#2742,#2747);
#2742 = CIRCLE('',#2743,0.315);
#2743 = AXIS2_PLACEMENT_3D('',#2744,#2745,#2746);
#2744 = CARTESIAN_POINT('',(-3.15,3.857637417314E-16,2.248333333333));
#2745 = DIRECTION('',(-1.224646799147E-16,-1.,-0.));
#2746 = DIRECTION('',(0.,0.,-1.));
#2747 = AXIS1_PLACEMENT('',#2748,#2749);
#2748 = CARTESIAN_POINT('',(0.,0.,0.65));
#2749 = DIRECTION('',(-0.,0.,-1.));
#2750 = ADVANCED_FACE('',(#2751),#2824,.F.);
#2751 = FACE_BOUND('',#2752,.F.);
#2752 = EDGE_LOOP('',(#2753,#2763,#2771,#2779,#2785,#2786,#2794,#2802,
    #2810,#2818));
#2753 = ORIENTED_EDGE('',*,*,#2754,.F.);
#2754 = EDGE_CURVE('',#2755,#2757,#2759,.T.);
#2755 = VERTEX_POINT('',#2756);
#2756 = CARTESIAN_POINT('',(-3.3,2.3,0.15));
#2757 = VERTEX_POINT('',#2758);
#2758 = CARTESIAN_POINT('',(-3.3,0.325,0.15));
#2759 = LINE('',#2760,#2761);
#2760 = CARTESIAN_POINT('',(-3.3,2.3,0.15));
#2761 = VECTOR('',#2762,1.);
#2762 = DIRECTION('',(-1.224646799147E-16,-1.,0.));
#2763 = ORIENTED_EDGE('',*,*,#2764,.T.);
#2764 = EDGE_CURVE('',#2755,#2765,#2767,.T.);
#2765 = VERTEX_POINT('',#2766);
#2766 = CARTESIAN_POINT('',(-3.3,2.3,0.85));
#2767 = LINE('',#2768,#2769);
#2768 = CARTESIAN_POINT('',(-3.3,2.3,0.15));
#2769 = VECTOR('',#2770,1.);
#2770 = DIRECTION('',(0.,0.,1.));
#2771 = ORIENTED_EDGE('',*,*,#2772,.T.);
#2772 = EDGE_CURVE('',#2765,#2773,#2775,.T.);
#2773 = VERTEX_POINT('',#2774);
#2774 = CARTESIAN_POINT('',(-3.3,0.576628129734,0.85));
#2775 = LINE('',#2776,#2777);
#2776 = CARTESIAN_POINT('',(-3.3,3.3,0.85));
#2777 = VECTOR('',#2778,1.);
#2778 = DIRECTION('',(-1.224646799147E-16,-1.,0.));
#2779 = ORIENTED_EDGE('',*,*,#2780,.T.);
#2780 = EDGE_CURVE('',#2773,#2636,#2781,.T.);
#2781 = LINE('',#2782,#2783);
#2782 = CARTESIAN_POINT('',(-3.3,0.576628129734,0.65));
#2783 = VECTOR('',#2784,1.);
#2784 = DIRECTION('',(0.,0.,-1.));
#2785 = ORIENTED_EDGE('',*,*,#2635,.T.);
#2786 = ORIENTED_EDGE('',*,*,#2787,.F.);
#2787 = EDGE_CURVE('',#2788,#2638,#2790,.T.);
#2788 = VERTEX_POINT('',#2789);
#2789 = CARTESIAN_POINT('',(-3.3,-0.576628129734,0.85));
#2790 = LINE('',#2791,#2792);
#2791 = CARTESIAN_POINT('',(-3.3,-0.576628129734,0.65));
#2792 = VECTOR('',#2793,1.);
#2793 = DIRECTION('',(0.,0.,-1.));
#2794 = ORIENTED_EDGE('',*,*,#2795,.T.);
#2795 = EDGE_CURVE('',#2788,#2796,#2798,.T.);
#2796 = VERTEX_POINT('',#2797);
#2797 = CARTESIAN_POINT('',(-3.3,-2.3,0.85));
#2798 = LINE('',#2799,#2800);
#2799 = CARTESIAN_POINT('',(-3.3,3.3,0.85));
#2800 = VECTOR('',#2801,1.);
#2801 = DIRECTION('',(-1.224646799147E-16,-1.,0.));
#2802 = ORIENTED_EDGE('',*,*,#2803,.F.);
#2803 = EDGE_CURVE('',#2804,#2796,#2806,.T.);
#2804 = VERTEX_POINT('',#2805);
#2805 = CARTESIAN_POINT('',(-3.3,-2.3,0.15));
#2806 = LINE('',#2807,#2808);
#2807 = CARTESIAN_POINT('',(-3.3,-2.3,0.15));
#2808 = VECTOR('',#2809,1.);
#2809 = DIRECTION('',(0.,0.,1.));
#2810 = ORIENTED_EDGE('',*,*,#2811,.F.);
#2811 = EDGE_CURVE('',#2812,#2804,#2814,.T.);
#2812 = VERTEX_POINT('',#2813);
#2813 = CARTESIAN_POINT('',(-3.3,-0.325,0.15));
#2814 = LINE('',#2815,#2816);
#2815 = CARTESIAN_POINT('',(-3.3,2.3,0.15));
#2816 = VECTOR('',#2817,1.);
#2817 = DIRECTION('',(-1.224646799147E-16,-1.,0.));
#2818 = ORIENTED_EDGE('',*,*,#2819,.F.);
#2819 = EDGE_CURVE('',#2757,#2812,#2820,.T.);
#2820 = LINE('',#2821,#2822);
#2821 = CARTESIAN_POINT('',(-3.3,2.3,0.15));
#2822 = VECTOR('',#2823,1.);
#2823 = DIRECTION('',(-1.224646799147E-16,-1.,0.));
#2824 = PLANE('',#2825);
#2825 = AXIS2_PLACEMENT_3D('',#2826,#2827,#2828);
#2826 = CARTESIAN_POINT('',(-3.3,2.3,0.15));
#2827 = DIRECTION('',(1.,-1.224646799147E-16,0.));
#2828 = DIRECTION('',(-1.224646799147E-16,-1.,0.));
#2829 = ADVANCED_FACE('',(#2830),#2849,.F.);
#2830 = FACE_BOUND('',#2831,.F.);
#2831 = EDGE_LOOP('',(#2832,#2840,#2841,#2842));
#2832 = ORIENTED_EDGE('',*,*,#2833,.T.);
#2833 = EDGE_CURVE('',#2834,#2689,#2836,.T.);
#2834 = VERTEX_POINT('',#2835);
#2835 = CARTESIAN_POINT('',(-0.576628129734,3.3,0.85));
#2836 = LINE('',#2837,#2838);
#2837 = CARTESIAN_POINT('',(-0.576628129734,3.3,0.65));
#2838 = VECTOR('',#2839,1.);
#2839 = DIRECTION('',(0.,0.,-1.));
#2840 = ORIENTED_EDGE('',*,*,#2696,.T.);
#2841 = ORIENTED_EDGE('',*,*,#2780,.F.);
#2842 = ORIENTED_EDGE('',*,*,#2843,.T.);
#2843 = EDGE_CURVE('',#2773,#2834,#2844,.T.);
#2844 = CIRCLE('',#2845,3.35);
#2845 = AXIS2_PLACEMENT_3D('',#2846,#2847,#2848);
#2846 = CARTESIAN_POINT('',(0.,0.,0.85));
#2847 = DIRECTION('',(0.,0.,-1.));
#2848 = DIRECTION('',(-1.,1.224646799147E-16,0.));
#2849 = CYLINDRICAL_SURFACE('',#2850,3.35);
#2850 = AXIS2_PLACEMENT_3D('',#2851,#2852,#2853);
#2851 = CARTESIAN_POINT('',(0.,0.,0.65));
#2852 = DIRECTION('',(0.,0.,-1.));
#2853 = DIRECTION('',(-1.,1.224646799147E-16,0.));
#2854 = ADVANCED_FACE('',(#2855),#2874,.F.);
#2855 = FACE_BOUND('',#2856,.F.);
#2856 = EDGE_LOOP('',(#2857,#2865,#2872,#2873));
#2857 = ORIENTED_EDGE('',*,*,#2858,.F.);
#2858 = EDGE_CURVE('',#2859,#2646,#2861,.T.);
#2859 = VERTEX_POINT('',#2860);
#2860 = CARTESIAN_POINT('',(-0.576628129734,-3.3,0.85));
#2861 = LINE('',#2862,#2863);
#2862 = CARTESIAN_POINT('',(-0.576628129734,-3.3,0.65));
#2863 = VECTOR('',#2864,1.);
#2864 = DIRECTION('',(0.,0.,-1.));
#2865 = ORIENTED_EDGE('',*,*,#2866,.T.);
#2866 = EDGE_CURVE('',#2859,#2788,#2867,.T.);
#2867 = CIRCLE('',#2868,3.35);
#2868 = AXIS2_PLACEMENT_3D('',#2869,#2870,#2871);
#2869 = CARTESIAN_POINT('',(0.,0.,0.85));
#2870 = DIRECTION('',(0.,0.,-1.));
#2871 = DIRECTION('',(-1.,1.224646799147E-16,0.));
#2872 = ORIENTED_EDGE('',*,*,#2787,.T.);
#2873 = ORIENTED_EDGE('',*,*,#2645,.T.);
#2874 = CYLINDRICAL_SURFACE('',#2875,3.35);
#2875 = AXIS2_PLACEMENT_3D('',#2876,#2877,#2878);
#2876 = CARTESIAN_POINT('',(0.,0.,0.65));
#2877 = DIRECTION('',(0.,0.,-1.));
#2878 = DIRECTION('',(-1.,1.224646799147E-16,0.));
#2879 = ADVANCED_FACE('',(#2880),#2930,.F.);
#2880 = FACE_BOUND('',#2881,.F.);
#2881 = EDGE_LOOP('',(#2882,#2892,#2900,#2908,#2914,#2915,#2916,#2924));
#2882 = ORIENTED_EDGE('',*,*,#2883,.F.);
#2883 = EDGE_CURVE('',#2884,#2886,#2888,.T.);
#2884 = VERTEX_POINT('',#2885);
#2885 = CARTESIAN_POINT('',(2.9,3.3,0.15));
#2886 = VERTEX_POINT('',#2887);
#2887 = CARTESIAN_POINT('',(-2.3,3.3,0.15));
#2888 = LINE('',#2889,#2890);
#2889 = CARTESIAN_POINT('',(3.3,3.3,0.15));
#2890 = VECTOR('',#2891,1.);
#2891 = DIRECTION('',(-1.,1.224646799147E-16,0.));
#2892 = ORIENTED_EDGE('',*,*,#2893,.T.);
#2893 = EDGE_CURVE('',#2884,#2894,#2896,.T.);
#2894 = VERTEX_POINT('',#2895);
#2895 = CARTESIAN_POINT('',(2.9,3.3,1.15));
#2896 = LINE('',#2897,#2898);
#2897 = CARTESIAN_POINT('',(2.9,3.3,0.15));
#2898 = VECTOR('',#2899,1.);
#2899 = DIRECTION('',(0.,0.,1.));
#2900 = ORIENTED_EDGE('',*,*,#2901,.T.);
#2901 = EDGE_CURVE('',#2894,#2902,#2904,.T.);
#2902 = VERTEX_POINT('',#2903);
#2903 = CARTESIAN_POINT('',(0.576628129734,3.3,1.15));
#2904 = LINE('',#2905,#2906);
#2905 = CARTESIAN_POINT('',(3.3,3.3,1.15));
#2906 = VECTOR('',#2907,1.);
#2907 = DIRECTION('',(-1.,1.224646799147E-16,0.));
#2908 = ORIENTED_EDGE('',*,*,#2909,.T.);
#2909 = EDGE_CURVE('',#2902,#2680,#2910,.T.);
#2910 = LINE('',#2911,#2912);
#2911 = CARTESIAN_POINT('',(0.576628129734,3.3,0.65));
#2912 = VECTOR('',#2913,1.);
#2913 = DIRECTION('',(0.,0.,-1.));
#2914 = ORIENTED_EDGE('',*,*,#2688,.T.);
#2915 = ORIENTED_EDGE('',*,*,#2833,.F.);
#2916 = ORIENTED_EDGE('',*,*,#2917,.T.);
#2917 = EDGE_CURVE('',#2834,#2918,#2920,.T.);
#2918 = VERTEX_POINT('',#2919);
#2919 = CARTESIAN_POINT('',(-2.3,3.3,0.85));
#2920 = LINE('',#2921,#2922);
#2921 = CARTESIAN_POINT('',(4.041334437186E-16,3.3,0.85));
#2922 = VECTOR('',#2923,1.);
#2923 = DIRECTION('',(-1.,1.224646799147E-16,0.));
#2924 = ORIENTED_EDGE('',*,*,#2925,.F.);
#2925 = EDGE_CURVE('',#2886,#2918,#2926,.T.);
#2926 = LINE('',#2927,#2928);
#2927 = CARTESIAN_POINT('',(-2.3,3.3,0.15));
#2928 = VECTOR('',#2929,1.);
#2929 = DIRECTION('',(0.,0.,1.));
#2930 = PLANE('',#2931);
#2931 = AXIS2_PLACEMENT_3D('',#2932,#2933,#2934);
#2932 = CARTESIAN_POINT('',(3.3,3.3,0.15));
#2933 = DIRECTION('',(-1.224646799147E-16,-1.,0.));
#2934 = DIRECTION('',(-1.,1.224646799147E-16,0.));
#2935 = ADVANCED_FACE('',(#2936),#2986,.F.);
#2936 = FACE_BOUND('',#2937,.F.);
#2937 = EDGE_LOOP('',(#2938,#2948,#2956,#2964,#2970,#2971,#2972,#2980));
#2938 = ORIENTED_EDGE('',*,*,#2939,.F.);
#2939 = EDGE_CURVE('',#2940,#2942,#2944,.T.);
#2940 = VERTEX_POINT('',#2941);
#2941 = CARTESIAN_POINT('',(2.9,-3.3,0.15));
#2942 = VERTEX_POINT('',#2943);
#2943 = CARTESIAN_POINT('',(2.9,-3.3,1.15));
#2944 = LINE('',#2945,#2946);
#2945 = CARTESIAN_POINT('',(2.9,-3.3,0.15));
#2946 = VECTOR('',#2947,1.);
#2947 = DIRECTION('',(0.,0.,1.));
#2948 = ORIENTED_EDGE('',*,*,#2949,.F.);
#2949 = EDGE_CURVE('',#2950,#2940,#2952,.T.);
#2950 = VERTEX_POINT('',#2951);
#2951 = CARTESIAN_POINT('',(-2.3,-3.3,0.15));
#2952 = LINE('',#2953,#2954);
#2953 = CARTESIAN_POINT('',(-2.3,-3.3,0.15));
#2954 = VECTOR('',#2955,1.);
#2955 = DIRECTION('',(1.,-1.224646799147E-16,0.));
#2956 = ORIENTED_EDGE('',*,*,#2957,.T.);
#2957 = EDGE_CURVE('',#2950,#2958,#2960,.T.);
#2958 = VERTEX_POINT('',#2959);
#2959 = CARTESIAN_POINT('',(-2.3,-3.3,0.85));
#2960 = LINE('',#2961,#2962);
#2961 = CARTESIAN_POINT('',(-2.3,-3.3,0.15));
#2962 = VECTOR('',#2963,1.);
#2963 = DIRECTION('',(0.,0.,1.));
#2964 = ORIENTED_EDGE('',*,*,#2965,.F.);
#2965 = EDGE_CURVE('',#2859,#2958,#2966,.T.);
#2966 = LINE('',#2967,#2968);
#2967 = CARTESIAN_POINT('',(-4.041334437186E-16,-3.3,0.85));
#2968 = VECTOR('',#2969,1.);
#2969 = DIRECTION('',(-1.,1.224646799147E-16,0.));
#2970 = ORIENTED_EDGE('',*,*,#2858,.T.);
#2971 = ORIENTED_EDGE('',*,*,#2654,.T.);
#2972 = ORIENTED_EDGE('',*,*,#2973,.F.);
#2973 = EDGE_CURVE('',#2974,#2655,#2976,.T.);
#2974 = VERTEX_POINT('',#2975);
#2975 = CARTESIAN_POINT('',(0.576628129734,-3.3,1.15));
#2976 = LINE('',#2977,#2978);
#2977 = CARTESIAN_POINT('',(0.576628129734,-3.3,0.65));
#2978 = VECTOR('',#2979,1.);
#2979 = DIRECTION('',(0.,0.,-1.));
#2980 = ORIENTED_EDGE('',*,*,#2981,.T.);
#2981 = EDGE_CURVE('',#2974,#2942,#2982,.T.);
#2982 = LINE('',#2983,#2984);
#2983 = CARTESIAN_POINT('',(-2.3,-3.3,1.15));
#2984 = VECTOR('',#2985,1.);
#2985 = DIRECTION('',(1.,-1.224646799147E-16,0.));
#2986 = PLANE('',#2987);
#2987 = AXIS2_PLACEMENT_3D('',#2988,#2989,#2990);
#2988 = CARTESIAN_POINT('',(-2.3,-3.3,0.15));
#2989 = DIRECTION('',(1.224646799147E-16,1.,0.));
#2990 = DIRECTION('',(1.,-1.224646799147E-16,0.));
#2991 = ADVANCED_FACE('',(#2992),#3011,.F.);
#2992 = FACE_BOUND('',#2993,.F.);
#2993 = EDGE_LOOP('',(#2994,#3003,#3009,#3010));
#2994 = ORIENTED_EDGE('',*,*,#2995,.F.);
#2995 = EDGE_CURVE('',#2996,#2902,#2998,.T.);
#2996 = VERTEX_POINT('',#2997);
#2997 = CARTESIAN_POINT('',(3.3,0.576628129734,1.15));
#2998 = CIRCLE('',#2999,3.35);
#2999 = AXIS2_PLACEMENT_3D('',#3000,#3001,#3002);
#3000 = CARTESIAN_POINT('',(0.,0.,1.15));
#3001 = DIRECTION('',(0.,0.,1.));
#3002 = DIRECTION('',(-1.,1.224646799147E-16,0.));
#3003 = ORIENTED_EDGE('',*,*,#3004,.T.);
#3004 = EDGE_CURVE('',#2996,#2672,#3005,.T.);
#3005 = LINE('',#3006,#3007);
#3006 = CARTESIAN_POINT('',(3.3,0.576628129734,0.65));
#3007 = VECTOR('',#3008,1.);
#3008 = DIRECTION('',(0.,0.,-1.));
#3009 = ORIENTED_EDGE('',*,*,#2679,.T.);
#3010 = ORIENTED_EDGE('',*,*,#2909,.F.);
#3011 = CYLINDRICAL_SURFACE('',#3012,3.35);
#3012 = AXIS2_PLACEMENT_3D('',#3013,#3014,#3015);
#3013 = CARTESIAN_POINT('',(0.,0.,0.65));
#3014 = DIRECTION('',(0.,0.,-1.));
#3015 = DIRECTION('',(-1.,1.224646799147E-16,0.));
#3016 = ADVANCED_FACE('',(#3017),#3036,.F.);
#3017 = FACE_BOUND('',#3018,.F.);
#3018 = EDGE_LOOP('',(#3019,#3027,#3034,#3035));
#3019 = ORIENTED_EDGE('',*,*,#3020,.F.);
#3020 = EDGE_CURVE('',#3021,#2663,#3023,.T.);
#3021 = VERTEX_POINT('',#3022);
#3022 = CARTESIAN_POINT('',(3.3,-0.576628129734,1.15));
#3023 = LINE('',#3024,#3025);
#3024 = CARTESIAN_POINT('',(3.3,-0.576628129734,0.65));
#3025 = VECTOR('',#3026,1.);
#3026 = DIRECTION('',(0.,0.,-1.));
#3027 = ORIENTED_EDGE('',*,*,#3028,.F.);
#3028 = EDGE_CURVE('',#2974,#3021,#3029,.T.);
#3029 = CIRCLE('',#3030,3.35);
#3030 = AXIS2_PLACEMENT_3D('',#3031,#3032,#3033);
#3031 = CARTESIAN_POINT('',(0.,0.,1.15));
#3032 = DIRECTION('',(0.,0.,1.));
#3033 = DIRECTION('',(-1.,1.224646799147E-16,0.));
#3034 = ORIENTED_EDGE('',*,*,#2973,.T.);
#3035 = ORIENTED_EDGE('',*,*,#2662,.T.);
#3036 = CYLINDRICAL_SURFACE('',#3037,3.35);
#3037 = AXIS2_PLACEMENT_3D('',#3038,#3039,#3040);
#3038 = CARTESIAN_POINT('',(0.,0.,0.65));
#3039 = DIRECTION('',(0.,0.,-1.));
#3040 = DIRECTION('',(-1.,1.224646799147E-16,0.));
#3041 = ADVANCED_FACE('',(#3042),#3101,.F.);
#3042 = FACE_BOUND('',#3043,.F.);
#3043 = EDGE_LOOP('',(#3044,#3054,#3062,#3068,#3069,#3070,#3071,#3079,
    #3087,#3095));
#3044 = ORIENTED_EDGE('',*,*,#3045,.F.);
#3045 = EDGE_CURVE('',#3046,#3048,#3050,.T.);
#3046 = VERTEX_POINT('',#3047);
#3047 = CARTESIAN_POINT('',(3.3,-2.9,0.15));
#3048 = VERTEX_POINT('',#3049);
#3049 = CARTESIAN_POINT('',(3.3,-0.325,0.15));
#3050 = LINE('',#3051,#3052);
#3051 = CARTESIAN_POINT('',(3.3,-3.3,0.15));
#3052 = VECTOR('',#3053,1.);
#3053 = DIRECTION('',(1.224646799147E-16,1.,0.));
#3054 = ORIENTED_EDGE('',*,*,#3055,.T.);
#3055 = EDGE_CURVE('',#3046,#3056,#3058,.T.);
#3056 = VERTEX_POINT('',#3057);
#3057 = CARTESIAN_POINT('',(3.3,-2.9,1.15));
#3058 = LINE('',#3059,#3060);
#3059 = CARTESIAN_POINT('',(3.3,-2.9,0.15));
#3060 = VECTOR('',#3061,1.);
#3061 = DIRECTION('',(0.,0.,1.));
#3062 = ORIENTED_EDGE('',*,*,#3063,.T.);
#3063 = EDGE_CURVE('',#3056,#3021,#3064,.T.);
#3064 = LINE('',#3065,#3066);
#3065 = CARTESIAN_POINT('',(3.3,-3.3,1.15));
#3066 = VECTOR('',#3067,1.);
#3067 = DIRECTION('',(1.224646799147E-16,1.,0.));
#3068 = ORIENTED_EDGE('',*,*,#3020,.T.);
#3069 = ORIENTED_EDGE('',*,*,#2671,.T.);
#3070 = ORIENTED_EDGE('',*,*,#3004,.F.);
#3071 = ORIENTED_EDGE('',*,*,#3072,.T.);
#3072 = EDGE_CURVE('',#2996,#3073,#3075,.T.);
#3073 = VERTEX_POINT('',#3074);
#3074 = CARTESIAN_POINT('',(3.3,2.9,1.15));
#3075 = LINE('',#3076,#3077);
#3076 = CARTESIAN_POINT('',(3.3,-3.3,1.15));
#3077 = VECTOR('',#3078,1.);
#3078 = DIRECTION('',(1.224646799147E-16,1.,0.));
#3079 = ORIENTED_EDGE('',*,*,#3080,.F.);
#3080 = EDGE_CURVE('',#3081,#3073,#3083,.T.);
#3081 = VERTEX_POINT('',#3082);
#3082 = CARTESIAN_POINT('',(3.3,2.9,0.15));
#3083 = LINE('',#3084,#3085);
#3084 = CARTESIAN_POINT('',(3.3,2.9,0.15));
#3085 = VECTOR('',#3086,1.);
#3086 = DIRECTION('',(0.,0.,1.));
#3087 = ORIENTED_EDGE('',*,*,#3088,.F.);
#3088 = EDGE_CURVE('',#3089,#3081,#3091,.T.);
#3089 = VERTEX_POINT('',#3090);
#3090 = CARTESIAN_POINT('',(3.3,0.325,0.15));
#3091 = LINE('',#3092,#3093);
#3092 = CARTESIAN_POINT('',(3.3,-3.3,0.15));
#3093 = VECTOR('',#3094,1.);
#3094 = DIRECTION('',(1.224646799147E-16,1.,0.));
#3095 = ORIENTED_EDGE('',*,*,#3096,.F.);
#3096 = EDGE_CURVE('',#3048,#3089,#3097,.T.);
#3097 = LINE('',#3098,#3099);
#3098 = CARTESIAN_POINT('',(3.3,-3.3,0.15));
#3099 = VECTOR('',#3100,1.);
#3100 = DIRECTION('',(1.224646799147E-16,1.,0.));
#3101 = PLANE('',#3102);
#3102 = AXIS2_PLACEMENT_3D('',#3103,#3104,#3105);
#3103 = CARTESIAN_POINT('',(3.3,-3.3,0.15));
#3104 = DIRECTION('',(-1.,1.224646799147E-16,0.));
#3105 = DIRECTION('',(1.224646799147E-16,1.,0.));
#3106 = ADVANCED_FACE('',(#3107),#3136,.T.);
#3107 = FACE_BOUND('',#3108,.T.);
#3108 = EDGE_LOOP('',(#3109,#3117,#3134,#3135));
#3109 = ORIENTED_EDGE('',*,*,#3110,.T.);
#3110 = EDGE_CURVE('',#2715,#3111,#3113,.T.);
#3111 = VERTEX_POINT('',#3112);
#3112 = CARTESIAN_POINT('',(-3.15,3.857637417314E-16,2.593398544562));
#3113 = ( BOUNDED_CURVE() B_SPLINE_CURVE(2,(#3114,#3115,#3116),
.UNSPECIFIED.,.F.,.F.) B_SPLINE_CURVE_WITH_KNOTS((3,3),(0.,
19.792033717616),.PIECEWISE_BEZIER_KNOTS.) CURVE() 
GEOMETRIC_REPRESENTATION_ITEM() RATIONAL_B_SPLINE_CURVE((1.,
0.738548945876,1.)) REPRESENTATION_ITEM('') );
#3114 = CARTESIAN_POINT('',(-3.121363636364,3.822567986248E-16,
    2.562028979904));
#3115 = CARTESIAN_POINT('',(-3.15,-4.395309519645E-16,2.564643110293));
#3116 = CARTESIAN_POINT('',(-3.15,3.857637417314E-16,2.593398544562));
#3117 = ORIENTED_EDGE('',*,*,#3118,.T.);
#3118 = EDGE_CURVE('',#3111,#3111,#3119,.T.);
#3119 = ( BOUNDED_CURVE() B_SPLINE_CURVE(13,(#3120,#3121,#3122,#3123,
    #3124,#3125,#3126,#3127,#3128,#3129,#3130,#3131,#3132,#3133),
.UNSPECIFIED.,.T.,.F.) B_SPLINE_CURVE_WITH_KNOTS((1,13,13,1),(
    -19.79203371761,3.914259941243E-16,19.792033717616,39.584067435232),
.UNSPECIFIED.) CURVE() GEOMETRIC_REPRESENTATION_ITEM() 
RATIONAL_B_SPLINE_CURVE((1.,1.,1.000000000001,0.999999999998,
    1.000000000004,0.999999999994,1.000000000007,0.999999999994,
    1.000000000005,0.999999999997,1.000000000001,1.,1.,1.)) 
REPRESENTATION_ITEM('') );
#3120 = CARTESIAN_POINT('',(-3.15,3.857637417314E-16,2.593398544562));
#3121 = CARTESIAN_POINT('',(-3.150000000001,1.500440617323,
    2.593398544562));
#3122 = CARTESIAN_POINT('',(-2.374522784297,3.035482525996,
    2.593398544562));
#3123 = CARTESIAN_POINT('',(-0.778699260131,4.133102804314,
    2.593398544562));
#3124 = CARTESIAN_POINT('',(1.417356467596,4.301676360904,2.593398544562
    ));
#3125 = CARTESIAN_POINT('',(3.314487228421,3.131786890311,2.593398544561
    ));
#3126 = CARTESIAN_POINT('',(4.705833357228,1.424009627078,2.593398544562
    ));
#3127 = CARTESIAN_POINT('',(4.705833357259,-1.424009627096,
    2.593398544561));
#3128 = CARTESIAN_POINT('',(3.31448722841,-3.131786890279,2.593398544562
    ));
#3129 = CARTESIAN_POINT('',(1.417356467592,-4.301676360932,
    2.593398544562));
#3130 = CARTESIAN_POINT('',(-0.778699260122,-4.133102804301,
    2.593398544562));
#3131 = CARTESIAN_POINT('',(-2.374522784302,-3.035482525999,
    2.593398544562));
#3132 = CARTESIAN_POINT('',(-3.15,-1.500440617323,2.593398544562));
#3133 = CARTESIAN_POINT('',(-3.15,3.857637417314E-16,2.593398544562));
#3134 = ORIENTED_EDGE('',*,*,#3110,.F.);
#3135 = ORIENTED_EDGE('',*,*,#2725,.F.);
#3136 = ( BOUNDED_SURFACE() B_SPLINE_SURFACE(2,13,(
    (#3137,#3138,#3139,#3140,#3141,#3142,#3143,#3144,#3145,#3146,#3147
      ,#3148,#3149,#3150)
    ,(#3151,#3152,#3153,#3154,#3155,#3156,#3157,#3158,#3159,#3160,#3161
      ,#3162,#3163,#3164)
    ,(#3165,#3166,#3167,#3168,#3169,#3170,#3171,#3172,#3173,#3174,#3175
      ,#3176,#3177,#3178
)),.UNSPECIFIED.,.F.,.T.,.F.) B_SPLINE_SURFACE_WITH_KNOTS((3,3),(1,13,13
    ,1),(0.,19.792033717616),(-19.79203371761,3.914259941243E-16,
    19.792033717616,39.584067435232),.UNSPECIFIED.) 
GEOMETRIC_REPRESENTATION_ITEM() RATIONAL_B_SPLINE_SURFACE((
    (1.,1.,1.000000000001,0.999999999998,1.000000000004,0.999999999994
      ,1.000000000007,0.999999999994,1.000000000005,0.999999999997
      ,1.000000000001,1.,1.,1.)
    ,(0.738548945876,0.738548945876,0.738548945876,0.738548945875
      ,0.738548945878,0.738548945873,0.738548945879,0.738548945873
      ,0.738548945878,0.738548945875,0.738548945877,0.738548945876
      ,0.738548945876,0.738548945876)
    ,(1.,1.,1.000000000001,0.999999999998,1.000000000004,0.999999999994
      ,1.000000000007,0.999999999994,1.000000000005,0.999999999997
,1.000000000001,1.,1.,1.))) REPRESENTATION_ITEM('') SURFACE() );
#3137 = CARTESIAN_POINT('',(-3.121363636364,3.822567986248E-16,
    2.562028979904));
#3138 = CARTESIAN_POINT('',(-3.121363636364,1.486800248075,
    2.562028979904));
#3139 = CARTESIAN_POINT('',(-2.352936213531,3.007887230306,
    2.562028979904));
#3140 = CARTESIAN_POINT('',(-0.771620175947,4.095529142455,
    2.562028979904));
#3141 = CARTESIAN_POINT('',(1.404471408799,4.262570212172,2.562028979904
    ));
#3142 = CARTESIAN_POINT('',(3.284355526347,3.103316100394,2.562028979904
    ));
#3143 = CARTESIAN_POINT('',(4.663053053976,1.411064085019,2.562028979904
    ));
#3144 = CARTESIAN_POINT('',(4.663053054016,-1.411064085037,
    2.562028979904));
#3145 = CARTESIAN_POINT('',(3.284355526329,-3.103316100364,
    2.562028979904));
#3146 = CARTESIAN_POINT('',(1.404471408799,-4.262570212199,
    2.562028979904));
#3147 = CARTESIAN_POINT('',(-0.771620175941,-4.095529142443,
    2.562028979904));
#3148 = CARTESIAN_POINT('',(-2.352936213535,-3.007887230309,
    2.562028979904));
#3149 = CARTESIAN_POINT('',(-3.121363636363,-1.486800248074,
    2.562028979904));
#3150 = CARTESIAN_POINT('',(-3.121363636364,3.822567986248E-16,
    2.562028979904));
#3151 = CARTESIAN_POINT('',(-3.15,-4.395309519645E-16,2.564643110293));
#3152 = CARTESIAN_POINT('',(-3.150000000001,1.500440617323,
    2.564643110293));
#3153 = CARTESIAN_POINT('',(-2.374522784295,3.035482525996,
    2.564643110293));
#3154 = CARTESIAN_POINT('',(-0.778699260136,4.133102804312,
    2.564643110292));
#3155 = CARTESIAN_POINT('',(1.41735646761,4.301676360909,2.564643110293)
  );
#3156 = CARTESIAN_POINT('',(3.314487228397,3.131786890306,2.564643110292
    ));
#3157 = CARTESIAN_POINT('',(4.705833357259,1.424009627081,2.564643110293
    ));
#3158 = CARTESIAN_POINT('',(4.705833357228,-1.424009627094,
    2.564643110292));
#3159 = CARTESIAN_POINT('',(3.314487228431,-3.131786890283,
    2.564643110293));
#3160 = CARTESIAN_POINT('',(1.41735646758,-4.301676360929,2.564643110292
    ));
#3161 = CARTESIAN_POINT('',(-0.778699260117,-4.133102804302,
    2.564643110293));
#3162 = CARTESIAN_POINT('',(-2.374522784304,-3.035482525999,
    2.564643110293));
#3163 = CARTESIAN_POINT('',(-3.149999999999,-1.500440617323,
    2.564643110293));
#3164 = CARTESIAN_POINT('',(-3.15,-4.395309519645E-16,2.564643110293));
#3165 = CARTESIAN_POINT('',(-3.15,3.857637417314E-16,2.593398544562));
#3166 = CARTESIAN_POINT('',(-3.150000000001,1.500440617323,
    2.593398544562));
#3167 = CARTESIAN_POINT('',(-2.374522784297,3.035482525996,
    2.593398544562));
#3168 = CARTESIAN_POINT('',(-0.778699260131,4.133102804314,
    2.593398544562));
#3169 = CARTESIAN_POINT('',(1.417356467596,4.301676360904,2.593398544562
    ));
#3170 = CARTESIAN_POINT('',(3.314487228421,3.131786890311,2.593398544561
    ));
#3171 = CARTESIAN_POINT('',(4.705833357228,1.424009627078,2.593398544562
    ));
#3172 = CARTESIAN_POINT('',(4.705833357259,-1.424009627096,
    2.593398544561));
#3173 = CARTESIAN_POINT('',(3.31448722841,-3.131786890279,2.593398544562
    ));
#3174 = CARTESIAN_POINT('',(1.417356467592,-4.301676360932,
    2.593398544562));
#3175 = CARTESIAN_POINT('',(-0.778699260122,-4.133102804301,
    2.593398544562));
#3176 = CARTESIAN_POINT('',(-2.374522784302,-3.035482525999,
    2.593398544562));
#3177 = CARTESIAN_POINT('',(-3.15,-1.500440617323,2.593398544562));
#3178 = CARTESIAN_POINT('',(-3.15,3.857637417314E-16,2.593398544562));
#3179 = ADVANCED_FACE('',(#3180),#3260,.F.);
#3180 = FACE_BOUND('',#3181,.F.);
#3181 = EDGE_LOOP('',(#3182,#3189,#3190,#3198,#3207,#3213,#3214,#3221,
    #3222,#3228,#3229,#3237,#3246,#3252,#3253,#3259));
#3182 = ORIENTED_EDGE('',*,*,#3183,.F.);
#3183 = EDGE_CURVE('',#3046,#2940,#3184,.T.);
#3184 = CIRCLE('',#3185,0.4);
#3185 = AXIS2_PLACEMENT_3D('',#3186,#3187,#3188);
#3186 = CARTESIAN_POINT('',(2.9,-2.9,0.15));
#3187 = DIRECTION('',(0.,0.,-1.));
#3188 = DIRECTION('',(1.224646799147E-16,1.,0.));
#3189 = ORIENTED_EDGE('',*,*,#3045,.T.);
#3190 = ORIENTED_EDGE('',*,*,#3191,.F.);
#3191 = EDGE_CURVE('',#3192,#3048,#3194,.T.);
#3192 = VERTEX_POINT('',#3193);
#3193 = CARTESIAN_POINT('',(1.225,-0.325,0.15));
#3194 = LINE('',#3195,#3196);
#3195 = CARTESIAN_POINT('',(1.225,-0.325,0.15));
#3196 = VECTOR('',#3197,1.);
#3197 = DIRECTION('',(1.,-2.656811920655E-16,0.));
#3198 = ORIENTED_EDGE('',*,*,#3199,.F.);
#3199 = EDGE_CURVE('',#3200,#3192,#3202,.T.);
#3200 = VERTEX_POINT('',#3201);
#3201 = CARTESIAN_POINT('',(1.225,0.325,0.15));
#3202 = CIRCLE('',#3203,0.325);
#3203 = AXIS2_PLACEMENT_3D('',#3204,#3205,#3206);
#3204 = CARTESIAN_POINT('',(1.225,-3.000384657911E-16,0.15));
#3205 = DIRECTION('',(0.,-0.,1.));
#3206 = DIRECTION('',(9.281435288296E-16,1.,0.));
#3207 = ORIENTED_EDGE('',*,*,#3208,.F.);
#3208 = EDGE_CURVE('',#3089,#3200,#3209,.T.);
#3209 = LINE('',#3210,#3211);
#3210 = CARTESIAN_POINT('',(3.9,0.325,0.15));
#3211 = VECTOR('',#3212,1.);
#3212 = DIRECTION('',(-1.,2.449293598295E-16,0.));
#3213 = ORIENTED_EDGE('',*,*,#3088,.T.);
#3214 = ORIENTED_EDGE('',*,*,#3215,.F.);
#3215 = EDGE_CURVE('',#2884,#3081,#3216,.T.);
#3216 = CIRCLE('',#3217,0.4);
#3217 = AXIS2_PLACEMENT_3D('',#3218,#3219,#3220);
#3218 = CARTESIAN_POINT('',(2.9,2.9,0.15));
#3219 = DIRECTION('',(0.,0.,-1.));
#3220 = DIRECTION('',(1.224646799147E-16,1.,0.));
#3221 = ORIENTED_EDGE('',*,*,#2883,.T.);
#3222 = ORIENTED_EDGE('',*,*,#3223,.T.);
#3223 = EDGE_CURVE('',#2886,#2755,#3224,.T.);
#3224 = LINE('',#3225,#3226);
#3225 = CARTESIAN_POINT('',(-2.3,3.3,0.15));
#3226 = VECTOR('',#3227,1.);
#3227 = DIRECTION('',(-0.707106781187,-0.707106781187,0.));
#3228 = ORIENTED_EDGE('',*,*,#2754,.T.);
#3229 = ORIENTED_EDGE('',*,*,#3230,.F.);
#3230 = EDGE_CURVE('',#3231,#2757,#3233,.T.);
#3231 = VERTEX_POINT('',#3232);
#3232 = CARTESIAN_POINT('',(-1.225,0.325,0.15));
#3233 = LINE('',#3234,#3235);
#3234 = CARTESIAN_POINT('',(-1.225,0.325,0.15));
#3235 = VECTOR('',#3236,1.);
#3236 = DIRECTION('',(-1.,1.432165121507E-16,0.));
#3237 = ORIENTED_EDGE('',*,*,#3238,.F.);
#3238 = EDGE_CURVE('',#3239,#3231,#3241,.T.);
#3239 = VERTEX_POINT('',#3240);
#3240 = CARTESIAN_POINT('',(-1.225,-0.325,0.15));
#3241 = CIRCLE('',#3242,0.325);
#3242 = AXIS2_PLACEMENT_3D('',#3243,#3244,#3245);
#3243 = CARTESIAN_POINT('',(-1.225,1.500192328956E-16,0.15));
#3244 = DIRECTION('',(0.,0.,1.));
#3245 = DIRECTION('',(-8.056788489148E-16,-1.,0.));
#3246 = ORIENTED_EDGE('',*,*,#3247,.F.);
#3247 = EDGE_CURVE('',#2812,#3239,#3248,.T.);
#3248 = LINE('',#3249,#3250);
#3249 = CARTESIAN_POINT('',(-3.9,-0.325,0.15));
#3250 = VECTOR('',#3251,1.);
#3251 = DIRECTION('',(1.,-1.224646799147E-16,0.));
#3252 = ORIENTED_EDGE('',*,*,#2811,.T.);
#3253 = ORIENTED_EDGE('',*,*,#3254,.T.);
#3254 = EDGE_CURVE('',#2804,#2950,#3255,.T.);
#3255 = LINE('',#3256,#3257);
#3256 = CARTESIAN_POINT('',(-3.3,-2.3,0.15));
#3257 = VECTOR('',#3258,1.);
#3258 = DIRECTION('',(0.707106781187,-0.707106781187,0.));
#3259 = ORIENTED_EDGE('',*,*,#2949,.T.);
#3260 = PLANE('',#3261);
#3261 = AXIS2_PLACEMENT_3D('',#3262,#3263,#3264);
#3262 = CARTESIAN_POINT('',(0.169665910187,-2.077808138351E-17,0.15));
#3263 = DIRECTION('',(0.,0.,1.));
#3264 = DIRECTION('',(-1.,1.224646799147E-16,0.));
#3265 = ADVANCED_FACE('',(#3266),#3277,.F.);
#3266 = FACE_BOUND('',#3267,.F.);
#3267 = EDGE_LOOP('',(#3268,#3269,#3270,#3276));
#3268 = ORIENTED_EDGE('',*,*,#3223,.F.);
#3269 = ORIENTED_EDGE('',*,*,#2925,.T.);
#3270 = ORIENTED_EDGE('',*,*,#3271,.T.);
#3271 = EDGE_CURVE('',#2918,#2765,#3272,.T.);
#3272 = LINE('',#3273,#3274);
#3273 = CARTESIAN_POINT('',(-1.725,3.875,0.85));
#3274 = VECTOR('',#3275,1.);
#3275 = DIRECTION('',(-0.707106781187,-0.707106781187,0.));
#3276 = ORIENTED_EDGE('',*,*,#2764,.F.);
#3277 = PLANE('',#3278);
#3278 = AXIS2_PLACEMENT_3D('',#3279,#3280,#3281);
#3279 = CARTESIAN_POINT('',(-2.3,3.3,0.15));
#3280 = DIRECTION('',(0.707106781187,-0.707106781187,0.));
#3281 = DIRECTION('',(-0.707106781187,-0.707106781187,0.));
#3282 = ADVANCED_FACE('',(#3283),#3308,.T.);
#3283 = FACE_BOUND('',#3284,.T.);
#3284 = EDGE_LOOP('',(#3285,#3293,#3301,#3307));
#3285 = ORIENTED_EDGE('',*,*,#3286,.T.);
#3286 = EDGE_CURVE('',#2757,#3287,#3289,.T.);
#3287 = VERTEX_POINT('',#3288);
#3288 = CARTESIAN_POINT('',(-3.9,0.325,0.15));
#3289 = LINE('',#3290,#3291);
#3290 = CARTESIAN_POINT('',(-1.225,0.325,0.15));
#3291 = VECTOR('',#3292,1.);
#3292 = DIRECTION('',(-1.,1.432165121507E-16,0.));
#3293 = ORIENTED_EDGE('',*,*,#3294,.T.);
#3294 = EDGE_CURVE('',#3287,#3295,#3297,.T.);
#3295 = VERTEX_POINT('',#3296);
#3296 = CARTESIAN_POINT('',(-3.9,-0.325,0.15));
#3297 = LINE('',#3298,#3299);
#3298 = CARTESIAN_POINT('',(-3.9,0.325,0.15));
#3299 = VECTOR('',#3300,1.);
#3300 = DIRECTION('',(-1.224646799147E-16,-1.,0.));
#3301 = ORIENTED_EDGE('',*,*,#3302,.T.);
#3302 = EDGE_CURVE('',#3295,#2812,#3303,.T.);
#3303 = LINE('',#3304,#3305);
#3304 = CARTESIAN_POINT('',(-3.9,-0.325,0.15));
#3305 = VECTOR('',#3306,1.);
#3306 = DIRECTION('',(1.,-1.224646799147E-16,0.));
#3307 = ORIENTED_EDGE('',*,*,#2819,.F.);
#3308 = PLANE('',#3309);
#3309 = AXIS2_PLACEMENT_3D('',#3310,#3311,#3312);
#3310 = CARTESIAN_POINT('',(-2.47395012666,2.870543344061E-16,0.15));
#3311 = DIRECTION('',(0.,0.,1.));
#3312 = DIRECTION('',(-1.,1.224646799147E-16,0.));
#3313 = ADVANCED_FACE('',(#3314),#3320,.T.);
#3314 = FACE_BOUND('',#3315,.T.);
#3315 = EDGE_LOOP('',(#3316,#3317,#3318,#3319));
#3316 = ORIENTED_EDGE('',*,*,#2843,.T.);
#3317 = ORIENTED_EDGE('',*,*,#2917,.T.);
#3318 = ORIENTED_EDGE('',*,*,#3271,.T.);
#3319 = ORIENTED_EDGE('',*,*,#2772,.T.);
#3320 = PLANE('',#3321);
#3321 = AXIS2_PLACEMENT_3D('',#3322,#3323,#3324);
#3322 = CARTESIAN_POINT('',(4.041334437186E-16,3.3,0.85));
#3323 = DIRECTION('',(0.,0.,1.));
#3324 = DIRECTION('',(-1.,1.224646799147E-16,0.));
#3325 = ADVANCED_FACE('',(#3326),#3337,.F.);
#3326 = FACE_BOUND('',#3327,.F.);
#3327 = EDGE_LOOP('',(#3328,#3329,#3330,#3336));
#3328 = ORIENTED_EDGE('',*,*,#3254,.F.);
#3329 = ORIENTED_EDGE('',*,*,#2803,.T.);
#3330 = ORIENTED_EDGE('',*,*,#3331,.T.);
#3331 = EDGE_CURVE('',#2796,#2958,#3332,.T.);
#3332 = LINE('',#3333,#3334);
#3333 = CARTESIAN_POINT('',(-3.875,-1.725,0.85));
#3334 = VECTOR('',#3335,1.);
#3335 = DIRECTION('',(0.707106781187,-0.707106781187,0.));
#3336 = ORIENTED_EDGE('',*,*,#2957,.F.);
#3337 = PLANE('',#3338);
#3338 = AXIS2_PLACEMENT_3D('',#3339,#3340,#3341);
#3339 = CARTESIAN_POINT('',(-3.3,-2.3,0.15));
#3340 = DIRECTION('',(0.707106781187,0.707106781187,0.));
#3341 = DIRECTION('',(0.707106781187,-0.707106781187,0.));
#3342 = ADVANCED_FACE('',(#3343),#3349,.T.);
#3343 = FACE_BOUND('',#3344,.T.);
#3344 = EDGE_LOOP('',(#3345,#3346,#3347,#3348));
#3345 = ORIENTED_EDGE('',*,*,#2965,.F.);
#3346 = ORIENTED_EDGE('',*,*,#2866,.T.);
#3347 = ORIENTED_EDGE('',*,*,#2795,.T.);
#3348 = ORIENTED_EDGE('',*,*,#3331,.T.);
#3349 = PLANE('',#3350);
#3350 = AXIS2_PLACEMENT_3D('',#3351,#3352,#3353);
#3351 = CARTESIAN_POINT('',(4.041334437186E-16,3.3,0.85));
#3352 = DIRECTION('',(0.,0.,1.));
#3353 = DIRECTION('',(-1.,1.224646799147E-16,0.));
#3354 = ADVANCED_FACE('',(#3355),#3367,.T.);
#3355 = FACE_BOUND('',#3356,.T.);
#3356 = EDGE_LOOP('',(#3357,#3358,#3359,#3366));
#3357 = ORIENTED_EDGE('',*,*,#2995,.F.);
#3358 = ORIENTED_EDGE('',*,*,#3072,.T.);
#3359 = ORIENTED_EDGE('',*,*,#3360,.F.);
#3360 = EDGE_CURVE('',#2894,#3073,#3361,.T.);
#3361 = CIRCLE('',#3362,0.4);
#3362 = AXIS2_PLACEMENT_3D('',#3363,#3364,#3365);
#3363 = CARTESIAN_POINT('',(2.9,2.9,1.15));
#3364 = DIRECTION('',(0.,0.,-1.));
#3365 = DIRECTION('',(1.224646799147E-16,1.,0.));
#3366 = ORIENTED_EDGE('',*,*,#2901,.T.);
#3367 = PLANE('',#3368);
#3368 = AXIS2_PLACEMENT_3D('',#3369,#3370,#3371);
#3369 = CARTESIAN_POINT('',(0.169665910187,-2.077808138351E-17,1.15));
#3370 = DIRECTION('',(0.,0.,1.));
#3371 = DIRECTION('',(-1.,1.224646799147E-16,0.));
#3372 = ADVANCED_FACE('',(#3373),#3379,.T.);
#3373 = FACE_BOUND('',#3374,.T.);
#3374 = EDGE_LOOP('',(#3375,#3376,#3377,#3378));
#3375 = ORIENTED_EDGE('',*,*,#2893,.T.);
#3376 = ORIENTED_EDGE('',*,*,#3360,.T.);
#3377 = ORIENTED_EDGE('',*,*,#3080,.F.);
#3378 = ORIENTED_EDGE('',*,*,#3215,.F.);
#3379 = CYLINDRICAL_SURFACE('',#3380,0.4);
#3380 = AXIS2_PLACEMENT_3D('',#3381,#3382,#3383);
#3381 = CARTESIAN_POINT('',(2.9,2.9,0.15));
#3382 = DIRECTION('',(0.,0.,1.));
#3383 = DIRECTION('',(1.224646799147E-16,1.,-0.));
#3384 = ADVANCED_FACE('',(#3385),#3397,.T.);
#3385 = FACE_BOUND('',#3386,.T.);
#3386 = EDGE_LOOP('',(#3387,#3388,#3395,#3396));
#3387 = ORIENTED_EDGE('',*,*,#3055,.T.);
#3388 = ORIENTED_EDGE('',*,*,#3389,.T.);
#3389 = EDGE_CURVE('',#3056,#2942,#3390,.T.);
#3390 = CIRCLE('',#3391,0.4);
#3391 = AXIS2_PLACEMENT_3D('',#3392,#3393,#3394);
#3392 = CARTESIAN_POINT('',(2.9,-2.9,1.15));
#3393 = DIRECTION('',(0.,0.,-1.));
#3394 = DIRECTION('',(1.224646799147E-16,1.,0.));
#3395 = ORIENTED_EDGE('',*,*,#2939,.F.);
#3396 = ORIENTED_EDGE('',*,*,#3183,.F.);
#3397 = CYLINDRICAL_SURFACE('',#3398,0.4);
#3398 = AXIS2_PLACEMENT_3D('',#3399,#3400,#3401);
#3399 = CARTESIAN_POINT('',(2.9,-2.9,0.15));
#3400 = DIRECTION('',(0.,0.,1.));
#3401 = DIRECTION('',(1.,-1.224646799147E-16,0.));
#3402 = ADVANCED_FACE('',(#3403),#3409,.T.);
#3403 = FACE_BOUND('',#3404,.T.);
#3404 = EDGE_LOOP('',(#3405,#3406,#3407,#3408));
#3405 = ORIENTED_EDGE('',*,*,#3389,.F.);
#3406 = ORIENTED_EDGE('',*,*,#3063,.T.);
#3407 = ORIENTED_EDGE('',*,*,#3028,.F.);
#3408 = ORIENTED_EDGE('',*,*,#2981,.T.);
#3409 = PLANE('',#3410);
#3410 = AXIS2_PLACEMENT_3D('',#3411,#3412,#3413);
#3411 = CARTESIAN_POINT('',(0.169665910187,-2.077808138351E-17,1.15));
#3412 = DIRECTION('',(0.,0.,1.));
#3413 = DIRECTION('',(-1.,1.224646799147E-16,0.));
#3414 = ADVANCED_FACE('',(#3415),#3440,.T.);
#3415 = FACE_BOUND('',#3416,.T.);
#3416 = EDGE_LOOP('',(#3417,#3425,#3433,#3439));
#3417 = ORIENTED_EDGE('',*,*,#3418,.T.);
#3418 = EDGE_CURVE('',#3048,#3419,#3421,.T.);
#3419 = VERTEX_POINT('',#3420);
#3420 = CARTESIAN_POINT('',(3.9,-0.325,0.15));
#3421 = LINE('',#3422,#3423);
#3422 = CARTESIAN_POINT('',(1.225,-0.325,0.15));
#3423 = VECTOR('',#3424,1.);
#3424 = DIRECTION('',(1.,-2.656811920655E-16,0.));
#3425 = ORIENTED_EDGE('',*,*,#3426,.T.);
#3426 = EDGE_CURVE('',#3419,#3427,#3429,.T.);
#3427 = VERTEX_POINT('',#3428);
#3428 = CARTESIAN_POINT('',(3.9,0.325,0.15));
#3429 = LINE('',#3430,#3431);
#3430 = CARTESIAN_POINT('',(3.9,-0.325,0.15));
#3431 = VECTOR('',#3432,1.);
#3432 = DIRECTION('',(2.449293598295E-16,1.,0.));
#3433 = ORIENTED_EDGE('',*,*,#3434,.T.);
#3434 = EDGE_CURVE('',#3427,#3089,#3435,.T.);
#3435 = LINE('',#3436,#3437);
#3436 = CARTESIAN_POINT('',(3.9,0.325,0.15));
#3437 = VECTOR('',#3438,1.);
#3438 = DIRECTION('',(-1.,2.449293598295E-16,0.));
#3439 = ORIENTED_EDGE('',*,*,#3096,.F.);
#3440 = PLANE('',#3441);
#3441 = AXIS2_PLACEMENT_3D('',#3442,#3443,#3444);
#3442 = CARTESIAN_POINT('',(2.47395012666,-5.900258447925E-16,0.15));
#3443 = DIRECTION('',(0.,0.,1.));
#3444 = DIRECTION('',(1.,-2.449293598295E-16,0.));
#3445 = ADVANCED_FACE('',(#3446),#3492,.T.);
#3446 = FACE_BOUND('',#3447,.T.);
#3447 = EDGE_LOOP('',(#3448,#3449,#3457,#3466,#3475,#3484,#3491));
#3448 = ORIENTED_EDGE('',*,*,#3118,.F.);
#3449 = ORIENTED_EDGE('',*,*,#3450,.T.);
#3450 = EDGE_CURVE('',#3111,#3451,#3453,.T.);
#3451 = VERTEX_POINT('',#3452);
#3452 = CARTESIAN_POINT('',(-3.15,3.857637417314E-16,7.28));
#3453 = LINE('',#3454,#3455);
#3454 = CARTESIAN_POINT('',(-3.15,3.857637417314E-16,2.563333333333));
#3455 = VECTOR('',#3456,1.);
#3456 = DIRECTION('',(0.,0.,1.));
#3457 = ORIENTED_EDGE('',*,*,#3458,.T.);
#3458 = EDGE_CURVE('',#3451,#3459,#3461,.T.);
#3459 = VERTEX_POINT('',#3460);
#3460 = CARTESIAN_POINT('',(0.945,3.004908484463,7.28));
#3461 = CIRCLE('',#3462,3.15);
#3462 = AXIS2_PLACEMENT_3D('',#3463,#3464,#3465);
#3463 = CARTESIAN_POINT('',(0.,0.,7.28));
#3464 = DIRECTION('',(0.,0.,-1.));
#3465 = DIRECTION('',(-1.,1.224646799147E-16,0.));
#3466 = ORIENTED_EDGE('',*,*,#3467,.T.);
#3467 = EDGE_CURVE('',#3459,#3468,#3470,.T.);
#3468 = VERTEX_POINT('',#3469);
#3469 = CARTESIAN_POINT('',(3.15,3.20055036432E-08,7.28));
#3470 = CIRCLE('',#3471,3.15);
#3471 = AXIS2_PLACEMENT_3D('',#3472,#3473,#3474);
#3472 = CARTESIAN_POINT('',(0.,0.,7.28));
#3473 = DIRECTION('',(0.,0.,-1.));
#3474 = DIRECTION('',(-1.,1.224646799147E-16,0.));
#3475 = ORIENTED_EDGE('',*,*,#3476,.T.);
#3476 = EDGE_CURVE('',#3468,#3477,#3479,.T.);
#3477 = VERTEX_POINT('',#3478);
#3478 = CARTESIAN_POINT('',(0.945,-3.004908484463,7.28));
#3479 = CIRCLE('',#3480,3.15);
#3480 = AXIS2_PLACEMENT_3D('',#3481,#3482,#3483);
#3481 = CARTESIAN_POINT('',(0.,0.,7.28));
#3482 = DIRECTION('',(0.,0.,-1.));
#3483 = DIRECTION('',(-1.,1.224646799147E-16,0.));
#3484 = ORIENTED_EDGE('',*,*,#3485,.T.);
#3485 = EDGE_CURVE('',#3477,#3451,#3486,.T.);
#3486 = CIRCLE('',#3487,3.15);
#3487 = AXIS2_PLACEMENT_3D('',#3488,#3489,#3490);
#3488 = CARTESIAN_POINT('',(0.,0.,7.28));
#3489 = DIRECTION('',(0.,0.,-1.));
#3490 = DIRECTION('',(-1.,1.224646799147E-16,0.));
#3491 = ORIENTED_EDGE('',*,*,#3450,.F.);
#3492 = CYLINDRICAL_SURFACE('',#3493,3.15);
#3493 = AXIS2_PLACEMENT_3D('',#3494,#3495,#3496);
#3494 = CARTESIAN_POINT('',(0.,0.,2.563333333333));
#3495 = DIRECTION('',(0.,0.,1.));
#3496 = DIRECTION('',(-1.,1.224646799147E-16,0.));
#3497 = ADVANCED_FACE('',(#3498),#3524,.F.);
#3498 = FACE_BOUND('',#3499,.F.);
#3499 = EDGE_LOOP('',(#3500,#3508,#3509,#3510,#3518));
#3500 = ORIENTED_EDGE('',*,*,#3501,.T.);
#3501 = EDGE_CURVE('',#3502,#3295,#3504,.T.);
#3502 = VERTEX_POINT('',#3503);
#3503 = CARTESIAN_POINT('',(-3.9,-0.325,0.));
#3504 = LINE('',#3505,#3506);
#3505 = CARTESIAN_POINT('',(-3.9,-0.325,0.));
#3506 = VECTOR('',#3507,1.);
#3507 = DIRECTION('',(0.,0.,1.));
#3508 = ORIENTED_EDGE('',*,*,#3302,.T.);
#3509 = ORIENTED_EDGE('',*,*,#3247,.T.);
#3510 = ORIENTED_EDGE('',*,*,#3511,.F.);
#3511 = EDGE_CURVE('',#3512,#3239,#3514,.T.);
#3512 = VERTEX_POINT('',#3513);
#3513 = CARTESIAN_POINT('',(-1.225,-0.325,0.));
#3514 = LINE('',#3515,#3516);
#3515 = CARTESIAN_POINT('',(-1.225,-0.325,0.));
#3516 = VECTOR('',#3517,1.);
#3517 = DIRECTION('',(0.,0.,1.));
#3518 = ORIENTED_EDGE('',*,*,#3519,.F.);
#3519 = EDGE_CURVE('',#3502,#3512,#3520,.T.);
#3520 = LINE('',#3521,#3522);
#3521 = CARTESIAN_POINT('',(-3.9,-0.325,0.));
#3522 = VECTOR('',#3523,1.);
#3523 = DIRECTION('',(1.,-1.224646799147E-16,0.));
#3524 = PLANE('',#3525);
#3525 = AXIS2_PLACEMENT_3D('',#3526,#3527,#3528);
#3526 = CARTESIAN_POINT('',(-3.9,-0.325,0.));
#3527 = DIRECTION('',(1.224646799147E-16,1.,0.));
#3528 = DIRECTION('',(1.,-1.224646799147E-16,0.));
#3529 = ADVANCED_FACE('',(#3530),#3549,.T.);
#3530 = FACE_BOUND('',#3531,.T.);
#3531 = EDGE_LOOP('',(#3532,#3541,#3547,#3548));
#3532 = ORIENTED_EDGE('',*,*,#3533,.T.);
#3533 = EDGE_CURVE('',#3512,#3534,#3536,.T.);
#3534 = VERTEX_POINT('',#3535);
#3535 = CARTESIAN_POINT('',(-1.225,0.325,0.));
#3536 = CIRCLE('',#3537,0.325);
#3537 = AXIS2_PLACEMENT_3D('',#3538,#3539,#3540);
#3538 = CARTESIAN_POINT('',(-1.225,1.500192328956E-16,0.));
#3539 = DIRECTION('',(0.,0.,1.));
#3540 = DIRECTION('',(-8.056788489148E-16,-1.,0.));
#3541 = ORIENTED_EDGE('',*,*,#3542,.T.);
#3542 = EDGE_CURVE('',#3534,#3231,#3543,.T.);
#3543 = LINE('',#3544,#3545);
#3544 = CARTESIAN_POINT('',(-1.225,0.325,0.));
#3545 = VECTOR('',#3546,1.);
#3546 = DIRECTION('',(0.,0.,1.));
#3547 = ORIENTED_EDGE('',*,*,#3238,.F.);
#3548 = ORIENTED_EDGE('',*,*,#3511,.F.);
#3549 = CYLINDRICAL_SURFACE('',#3550,0.325);
#3550 = AXIS2_PLACEMENT_3D('',#3551,#3552,#3553);
#3551 = CARTESIAN_POINT('',(-1.225,1.500192328956E-16,0.));
#3552 = DIRECTION('',(0.,0.,-1.));
#3553 = DIRECTION('',(-8.056788489148E-16,-1.,-0.));
#3554 = ADVANCED_FACE('',(#3555),#3574,.F.);
#3555 = FACE_BOUND('',#3556,.F.);
#3556 = EDGE_LOOP('',(#3557,#3558,#3559,#3560,#3568));
#3557 = ORIENTED_EDGE('',*,*,#3542,.T.);
#3558 = ORIENTED_EDGE('',*,*,#3230,.T.);
#3559 = ORIENTED_EDGE('',*,*,#3286,.T.);
#3560 = ORIENTED_EDGE('',*,*,#3561,.F.);
#3561 = EDGE_CURVE('',#3562,#3287,#3564,.T.);
#3562 = VERTEX_POINT('',#3563);
#3563 = CARTESIAN_POINT('',(-3.9,0.325,0.));
#3564 = LINE('',#3565,#3566);
#3565 = CARTESIAN_POINT('',(-3.9,0.325,0.));
#3566 = VECTOR('',#3567,1.);
#3567 = DIRECTION('',(0.,0.,1.));
#3568 = ORIENTED_EDGE('',*,*,#3569,.F.);
#3569 = EDGE_CURVE('',#3534,#3562,#3570,.T.);
#3570 = LINE('',#3571,#3572);
#3571 = CARTESIAN_POINT('',(-1.225,0.325,0.));
#3572 = VECTOR('',#3573,1.);
#3573 = DIRECTION('',(-1.,1.432165121507E-16,0.));
#3574 = PLANE('',#3575);
#3575 = AXIS2_PLACEMENT_3D('',#3576,#3577,#3578);
#3576 = CARTESIAN_POINT('',(-1.225,0.325,0.));
#3577 = DIRECTION('',(-1.432165121507E-16,-1.,0.));
#3578 = DIRECTION('',(-1.,1.432165121507E-16,0.));
#3579 = ADVANCED_FACE('',(#3580),#3606,.F.);
#3580 = FACE_BOUND('',#3581,.F.);
#3581 = EDGE_LOOP('',(#3582,#3590,#3591,#3592,#3600));
#3582 = ORIENTED_EDGE('',*,*,#3583,.T.);
#3583 = EDGE_CURVE('',#3584,#3427,#3586,.T.);
#3584 = VERTEX_POINT('',#3585);
#3585 = CARTESIAN_POINT('',(3.9,0.325,0.));
#3586 = LINE('',#3587,#3588);
#3587 = CARTESIAN_POINT('',(3.9,0.325,0.));
#3588 = VECTOR('',#3589,1.);
#3589 = DIRECTION('',(0.,0.,1.));
#3590 = ORIENTED_EDGE('',*,*,#3434,.T.);
#3591 = ORIENTED_EDGE('',*,*,#3208,.T.);
#3592 = ORIENTED_EDGE('',*,*,#3593,.F.);
#3593 = EDGE_CURVE('',#3594,#3200,#3596,.T.);
#3594 = VERTEX_POINT('',#3595);
#3595 = CARTESIAN_POINT('',(1.225,0.325,0.));
#3596 = LINE('',#3597,#3598);
#3597 = CARTESIAN_POINT('',(1.225,0.325,0.));
#3598 = VECTOR('',#3599,1.);
#3599 = DIRECTION('',(0.,0.,1.));
#3600 = ORIENTED_EDGE('',*,*,#3601,.F.);
#3601 = EDGE_CURVE('',#3584,#3594,#3602,.T.);
#3602 = LINE('',#3603,#3604);
#3603 = CARTESIAN_POINT('',(3.9,0.325,0.));
#3604 = VECTOR('',#3605,1.);
#3605 = DIRECTION('',(-1.,2.449293598295E-16,0.));
#3606 = PLANE('',#3607);
#3607 = AXIS2_PLACEMENT_3D('',#3608,#3609,#3610);
#3608 = CARTESIAN_POINT('',(3.9,0.325,0.));
#3609 = DIRECTION('',(-2.449293598295E-16,-1.,0.));
#3610 = DIRECTION('',(-1.,2.449293598295E-16,0.));
#3611 = ADVANCED_FACE('',(#3612),#3631,.T.);
#3612 = FACE_BOUND('',#3613,.T.);
#3613 = EDGE_LOOP('',(#3614,#3623,#3629,#3630));
#3614 = ORIENTED_EDGE('',*,*,#3615,.T.);
#3615 = EDGE_CURVE('',#3594,#3616,#3618,.T.);
#3616 = VERTEX_POINT('',#3617);
#3617 = CARTESIAN_POINT('',(1.225,-0.325,0.));
#3618 = CIRCLE('',#3619,0.325);
#3619 = AXIS2_PLACEMENT_3D('',#3620,#3621,#3622);
#3620 = CARTESIAN_POINT('',(1.225,-3.000384657911E-16,0.));
#3621 = DIRECTION('',(0.,-0.,1.));
#3622 = DIRECTION('',(9.281435288296E-16,1.,0.));
#3623 = ORIENTED_EDGE('',*,*,#3624,.T.);
#3624 = EDGE_CURVE('',#3616,#3192,#3625,.T.);
#3625 = LINE('',#3626,#3627);
#3626 = CARTESIAN_POINT('',(1.225,-0.325,0.));
#3627 = VECTOR('',#3628,1.);
#3628 = DIRECTION('',(0.,0.,1.));
#3629 = ORIENTED_EDGE('',*,*,#3199,.F.);
#3630 = ORIENTED_EDGE('',*,*,#3593,.F.);
#3631 = CYLINDRICAL_SURFACE('',#3632,0.325);
#3632 = AXIS2_PLACEMENT_3D('',#3633,#3634,#3635);
#3633 = CARTESIAN_POINT('',(1.225,-3.000384657911E-16,0.));
#3634 = DIRECTION('',(-0.,0.,-1.));
#3635 = DIRECTION('',(9.281435288296E-16,1.,0.));
#3636 = ADVANCED_FACE('',(#3637),#3656,.F.);
#3637 = FACE_BOUND('',#3638,.F.);
#3638 = EDGE_LOOP('',(#3639,#3640,#3641,#3642,#3650));
#3639 = ORIENTED_EDGE('',*,*,#3624,.T.);
#3640 = ORIENTED_EDGE('',*,*,#3191,.T.);
#3641 = ORIENTED_EDGE('',*,*,#3418,.T.);
#3642 = ORIENTED_EDGE('',*,*,#3643,.F.);
#3643 = EDGE_CURVE('',#3644,#3419,#3646,.T.);
#3644 = VERTEX_POINT('',#3645);
#3645 = CARTESIAN_POINT('',(3.9,-0.325,0.));
#3646 = LINE('',#3647,#3648);
#3647 = CARTESIAN_POINT('',(3.9,-0.325,0.));
#3648 = VECTOR('',#3649,1.);
#3649 = DIRECTION('',(0.,0.,1.));
#3650 = ORIENTED_EDGE('',*,*,#3651,.F.);
#3651 = EDGE_CURVE('',#3616,#3644,#3652,.T.);
#3652 = LINE('',#3653,#3654);
#3653 = CARTESIAN_POINT('',(1.225,-0.325,0.));
#3654 = VECTOR('',#3655,1.);
#3655 = DIRECTION('',(1.,-2.656811920655E-16,0.));
#3656 = PLANE('',#3657);
#3657 = AXIS2_PLACEMENT_3D('',#3658,#3659,#3660);
#3658 = CARTESIAN_POINT('',(1.225,-0.325,0.));
#3659 = DIRECTION('',(2.656811920655E-16,1.,0.));
#3660 = DIRECTION('',(1.,-2.656811920655E-16,0.));
#3661 = ADVANCED_FACE('',(#3662),#3673,.F.);
#3662 = FACE_BOUND('',#3663,.F.);
#3663 = EDGE_LOOP('',(#3664,#3665,#3666,#3667));
#3664 = ORIENTED_EDGE('',*,*,#3561,.T.);
#3665 = ORIENTED_EDGE('',*,*,#3294,.T.);
#3666 = ORIENTED_EDGE('',*,*,#3501,.F.);
#3667 = ORIENTED_EDGE('',*,*,#3668,.F.);
#3668 = EDGE_CURVE('',#3562,#3502,#3669,.T.);
#3669 = LINE('',#3670,#3671);
#3670 = CARTESIAN_POINT('',(-3.9,0.325,0.));
#3671 = VECTOR('',#3672,1.);
#3672 = DIRECTION('',(-1.224646799147E-16,-1.,0.));
#3673 = PLANE('',#3674);
#3674 = AXIS2_PLACEMENT_3D('',#3675,#3676,#3677);
#3675 = CARTESIAN_POINT('',(-3.9,0.325,0.));
#3676 = DIRECTION('',(1.,-1.224646799147E-16,0.));
#3677 = DIRECTION('',(-1.224646799147E-16,-1.,0.));
#3678 = ADVANCED_FACE('',(#3679),#3690,.F.);
#3679 = FACE_BOUND('',#3680,.F.);
#3680 = EDGE_LOOP('',(#3681,#3682,#3683,#3684));
#3681 = ORIENTED_EDGE('',*,*,#3643,.T.);
#3682 = ORIENTED_EDGE('',*,*,#3426,.T.);
#3683 = ORIENTED_EDGE('',*,*,#3583,.F.);
#3684 = ORIENTED_EDGE('',*,*,#3685,.F.);
#3685 = EDGE_CURVE('',#3644,#3584,#3686,.T.);
#3686 = LINE('',#3687,#3688);
#3687 = CARTESIAN_POINT('',(3.9,-0.325,0.));
#3688 = VECTOR('',#3689,1.);
#3689 = DIRECTION('',(2.449293598295E-16,1.,0.));
#3690 = PLANE('',#3691);
#3691 = AXIS2_PLACEMENT_3D('',#3692,#3693,#3694);
#3692 = CARTESIAN_POINT('',(3.9,-0.325,0.));
#3693 = DIRECTION('',(-1.,2.449293598295E-16,0.));
#3694 = DIRECTION('',(2.449293598295E-16,1.,0.));
#3695 = ADVANCED_FACE('',(#3696),#3738,.T.);
#3696 = FACE_BOUND('',#3697,.T.);
#3697 = EDGE_LOOP('',(#3698,#3709,#3730,#3731));
#3698 = ORIENTED_EDGE('',*,*,#3699,.T.);
#3699 = EDGE_CURVE('',#3700,#3702,#3704,.T.);
#3700 = VERTEX_POINT('',#3701);
#3701 = CARTESIAN_POINT('',(-2.73,3.343285761672E-16,7.7));
#3702 = VERTEX_POINT('',#3703);
#3703 = CARTESIAN_POINT('',(0.945,2.561225292707,7.7));
#3704 = CIRCLE('',#3705,2.73);
#3705 = AXIS2_PLACEMENT_3D('',#3706,#3707,#3708);
#3706 = CARTESIAN_POINT('',(0.,0.,7.7));
#3707 = DIRECTION('',(0.,0.,-1.));
#3708 = DIRECTION('',(-1.,1.224646799147E-16,0.));
#3709 = ORIENTED_EDGE('',*,*,#3710,.F.);
#3710 = EDGE_CURVE('',#3459,#3702,#3711,.T.);
#3711 = B_SPLINE_CURVE_WITH_KNOTS('',5,(#3712,#3713,#3714,#3715,#3716,
    #3717,#3718,#3719,#3720,#3721,#3722,#3723,#3724,#3725,#3726,#3727,
    #3728,#3729),.UNSPECIFIED.,.F.,.F.,(6,4,4,4,6),(0.,0.249577466955,
    0.497599275591,0.74730978514,1.),.UNSPECIFIED.);
#3712 = CARTESIAN_POINT('',(0.945,3.004908484463,7.28));
#3713 = CARTESIAN_POINT('',(0.945,3.00490848098,7.313228015972));
#3714 = CARTESIAN_POINT('',(0.945,3.001463821946,7.346456730622));
#3715 = CARTESIAN_POINT('',(0.945,2.994574119979,7.379237505919));
#3716 = CARTESIAN_POINT('',(0.945,2.984338296282,7.411126992482));
#3717 = CARTESIAN_POINT('',(0.945,2.957631160106,7.472127049006));
#3718 = CARTESIAN_POINT('',(0.945,2.941198599864,7.501254840031));
#3719 = CARTESIAN_POINT('',(0.945,2.921827872491,7.528710244247));
#3720 = CARTESIAN_POINT('',(0.945,2.899782785018,7.554145479611));
#3721 = CARTESIAN_POINT('',(0.945,2.850815155175,7.600572655349));
#3722 = CARTESIAN_POINT('',(0.945,2.823859719074,7.62153380299));
#3723 = CARTESIAN_POINT('',(0.945,2.794840653888,7.63987747649));
#3724 = CARTESIAN_POINT('',(0.945,2.764133571656,7.655390822856));
#3725 = CARTESIAN_POINT('',(0.945,2.699757531029,7.680632446489));
#3726 = CARTESIAN_POINT('',(0.945,2.666057065744,7.690289667083));
#3727 = CARTESIAN_POINT('',(0.945,2.631447275386,7.696766294835));
#3728 = CARTESIAN_POINT('',(0.945,2.596359892027,7.699999996714));
#3729 = CARTESIAN_POINT('',(0.945,2.561225292707,7.7));
#3730 = ORIENTED_EDGE('',*,*,#3458,.F.);
#3731 = ORIENTED_EDGE('',*,*,#3732,.T.);
#3732 = EDGE_CURVE('',#3451,#3700,#3733,.T.);
#3733 = CIRCLE('',#3734,0.42);
#3734 = AXIS2_PLACEMENT_3D('',#3735,#3736,#3737);
#3735 = CARTESIAN_POINT('',(-2.73,3.343285761672E-16,7.28));
#3736 = DIRECTION('',(1.224646799147E-16,1.,-0.));
#3737 = DIRECTION('',(-1.,1.224646799147E-16,0.));
#3738 = TOROIDAL_SURFACE('',#3739,2.73,0.42);
#3739 = AXIS2_PLACEMENT_3D('',#3740,#3741,#3742);
#3740 = CARTESIAN_POINT('',(0.,0.,7.28));
#3741 = DIRECTION('',(0.,0.,1.));
#3742 = DIRECTION('',(-1.,1.224646799147E-16,0.));
#3743 = ADVANCED_FACE('',(#3744),#3779,.T.);
#3744 = FACE_BOUND('',#3745,.T.);
#3745 = EDGE_LOOP('',(#3746,#3755,#3776,#3777,#3778));
#3746 = ORIENTED_EDGE('',*,*,#3747,.T.);
#3747 = EDGE_CURVE('',#3702,#3748,#3750,.T.);
#3748 = VERTEX_POINT('',#3749);
#3749 = CARTESIAN_POINT('',(0.945,-2.561225292707,7.7));
#3750 = CIRCLE('',#3751,2.73);
#3751 = AXIS2_PLACEMENT_3D('',#3752,#3753,#3754);
#3752 = CARTESIAN_POINT('',(0.,0.,7.7));
#3753 = DIRECTION('',(0.,0.,-1.));
#3754 = DIRECTION('',(-1.,1.224646799147E-16,0.));
#3755 = ORIENTED_EDGE('',*,*,#3756,.F.);
#3756 = EDGE_CURVE('',#3477,#3748,#3757,.T.);
#3757 = B_SPLINE_CURVE_WITH_KNOTS('',5,(#3758,#3759,#3760,#3761,#3762,
    #3763,#3764,#3765,#3766,#3767,#3768,#3769,#3770,#3771,#3772,#3773,
    #3774,#3775),.UNSPECIFIED.,.F.,.F.,(6,4,4,4,6),(0.,0.249577466959,
    0.497599275595,0.747309785144,1.),.UNSPECIFIED.);
#3758 = CARTESIAN_POINT('',(0.945,-3.004908484463,7.28));
#3759 = CARTESIAN_POINT('',(0.945,-3.00490848098,7.313228015972));
#3760 = CARTESIAN_POINT('',(0.945,-3.001463821946,7.346456730623));
#3761 = CARTESIAN_POINT('',(0.945,-2.994574119979,7.37923750592));
#3762 = CARTESIAN_POINT('',(0.945,-2.984338296281,7.411126992484));
#3763 = CARTESIAN_POINT('',(0.945,-2.957631160105,7.472127049008));
#3764 = CARTESIAN_POINT('',(0.945,-2.941198599863,7.501254840033));
#3765 = CARTESIAN_POINT('',(0.945,-2.921827872489,7.528710244249));
#3766 = CARTESIAN_POINT('',(0.945,-2.899782785017,7.554145479613));
#3767 = CARTESIAN_POINT('',(0.945,-2.850815155173,7.600572655351));
#3768 = CARTESIAN_POINT('',(0.945,-2.823859719072,7.621533802992));
#3769 = CARTESIAN_POINT('',(0.945,-2.794840653886,7.639877476491));
#3770 = CARTESIAN_POINT('',(0.945,-2.764133571654,7.655390822857));
#3771 = CARTESIAN_POINT('',(0.945,-2.699757531027,7.680632446489));
#3772 = CARTESIAN_POINT('',(0.945,-2.666057065743,7.690289667083));
#3773 = CARTESIAN_POINT('',(0.945,-2.631447275385,7.696766294835));
#3774 = CARTESIAN_POINT('',(0.945,-2.596359892027,7.699999996714));
#3775 = CARTESIAN_POINT('',(0.945,-2.561225292707,7.7));
#3776 = ORIENTED_EDGE('',*,*,#3476,.F.);
#3777 = ORIENTED_EDGE('',*,*,#3467,.F.);
#3778 = ORIENTED_EDGE('',*,*,#3710,.T.);
#3779 = TOROIDAL_SURFACE('',#3780,2.73,0.42);
#3780 = AXIS2_PLACEMENT_3D('',#3781,#3782,#3783);
#3781 = CARTESIAN_POINT('',(0.,0.,7.28));
#3782 = DIRECTION('',(0.,0.,1.));
#3783 = DIRECTION('',(-1.,1.224646799147E-16,0.));
#3784 = ADVANCED_FACE('',(#3785),#3797,.T.);
#3785 = FACE_BOUND('',#3786,.T.);
#3786 = EDGE_LOOP('',(#3787,#3788,#3795,#3796));
#3787 = ORIENTED_EDGE('',*,*,#3756,.T.);
#3788 = ORIENTED_EDGE('',*,*,#3789,.T.);
#3789 = EDGE_CURVE('',#3748,#3700,#3790,.T.);
#3790 = CIRCLE('',#3791,2.73);
#3791 = AXIS2_PLACEMENT_3D('',#3792,#3793,#3794);
#3792 = CARTESIAN_POINT('',(0.,0.,7.7));
#3793 = DIRECTION('',(0.,0.,-1.));
#3794 = DIRECTION('',(-1.,1.224646799147E-16,0.));
#3795 = ORIENTED_EDGE('',*,*,#3732,.F.);
#3796 = ORIENTED_EDGE('',*,*,#3485,.F.);
#3797 = TOROIDAL_SURFACE('',#3798,2.73,0.42);
#3798 = AXIS2_PLACEMENT_3D('',#3799,#3800,#3801);
#3799 = CARTESIAN_POINT('',(0.,0.,7.28));
#3800 = DIRECTION('',(0.,0.,1.));
#3801 = DIRECTION('',(-1.,1.224646799147E-16,0.));
#3802 = ADVANCED_FACE('',(#3803),#3809,.F.);
#3803 = FACE_BOUND('',#3804,.F.);
#3804 = EDGE_LOOP('',(#3805,#3806,#3807,#3808));
#3805 = ORIENTED_EDGE('',*,*,#3668,.T.);
#3806 = ORIENTED_EDGE('',*,*,#3519,.T.);
#3807 = ORIENTED_EDGE('',*,*,#3533,.T.);
#3808 = ORIENTED_EDGE('',*,*,#3569,.T.);
#3809 = PLANE('',#3810);
#3810 = AXIS2_PLACEMENT_3D('',#3811,#3812,#3813);
#3811 = CARTESIAN_POINT('',(-2.47395012666,2.870543344061E-16,0.));
#3812 = DIRECTION('',(0.,0.,1.));
#3813 = DIRECTION('',(-1.,1.224646799147E-16,0.));
#3814 = ADVANCED_FACE('',(#3815),#3821,.F.);
#3815 = FACE_BOUND('',#3816,.F.);
#3816 = EDGE_LOOP('',(#3817,#3818,#3819,#3820));
#3817 = ORIENTED_EDGE('',*,*,#3685,.T.);
#3818 = ORIENTED_EDGE('',*,*,#3601,.T.);
#3819 = ORIENTED_EDGE('',*,*,#3615,.T.);
#3820 = ORIENTED_EDGE('',*,*,#3651,.T.);
#3821 = PLANE('',#3822);
#3822 = AXIS2_PLACEMENT_3D('',#3823,#3824,#3825);
#3823 = CARTESIAN_POINT('',(2.47395012666,-5.900258447925E-16,0.));
#3824 = DIRECTION('',(0.,0.,1.));
#3825 = DIRECTION('',(1.,-2.449293598295E-16,0.));
#3826 = ADVANCED_FACE('',(#3827),#3837,.F.);
#3827 = FACE_BOUND('',#3828,.F.);
#3828 = EDGE_LOOP('',(#3829,#3830,#3831));
#3829 = ORIENTED_EDGE('',*,*,#3789,.T.);
#3830 = ORIENTED_EDGE('',*,*,#3699,.T.);
#3831 = ORIENTED_EDGE('',*,*,#3832,.T.);
#3832 = EDGE_CURVE('',#3702,#3748,#3833,.T.);
#3833 = LINE('',#3834,#3835);
#3834 = CARTESIAN_POINT('',(0.945,3.15,7.7));
#3835 = VECTOR('',#3836,1.);
#3836 = DIRECTION('',(-1.224646799147E-16,-1.,0.));
#3837 = PLANE('',#3838);
#3838 = AXIS2_PLACEMENT_3D('',#3839,#3840,#3841);
#3839 = CARTESIAN_POINT('',(0.,0.,7.7));
#3840 = DIRECTION('',(-0.,0.,-1.));
#3841 = DIRECTION('',(-1.,1.224646799147E-16,0.));
#3842 = ADVANCED_FACE('',(#3843),#3847,.T.);
#3843 = FACE_BOUND('',#3844,.T.);
#3844 = EDGE_LOOP('',(#3845,#3846));
#3845 = ORIENTED_EDGE('',*,*,#3747,.F.);
#3846 = ORIENTED_EDGE('',*,*,#3832,.T.);
#3847 = PLANE('',#3848);
#3848 = AXIS2_PLACEMENT_3D('',#3849,#3850,#3851);
#3849 = CARTESIAN_POINT('',(3.15,3.15,7.7));
#3850 = DIRECTION('',(0.,0.,1.));
#3851 = DIRECTION('',(-1.,1.224646799147E-16,0.));
#3852 = ( GEOMETRIC_REPRESENTATION_CONTEXT(3) 
GLOBAL_UNCERTAINTY_ASSIGNED_CONTEXT((#3856)) 
GLOBAL_UNIT_ASSIGNED_CONTEXT((#3853,#3854,#3855)) REPRESENTATION_CONTEXT
('Context #1','3D Context with UNIT and UNCERTAINTY') );
#3853 = ( LENGTH_UNIT() NAMED_UNIT(*) SI_UNIT(.MILLI.,.METRE.) );
#3854 = ( NAMED_UNIT(*) PLANE_ANGLE_UNIT() SI_UNIT($,.RADIAN.) );
#3855 = ( NAMED_UNIT(*) SI_UNIT($,.STERADIAN.) SOLID_ANGLE_UNIT() );
#3856 = UNCERTAINTY_MEASURE_WITH_UNIT(LENGTH_MEASURE(1.E-06),#3853,
  'distance_accuracy_value','confusion accuracy');
#3857 = SHAPE_DEFINITION_REPRESENTATION(#3858,#2486);
#3858 = PRODUCT_DEFINITION_SHAPE('','',#3859);
#3859 = PRODUCT_DEFINITION('design','',#3860,#3863);
#3860 = PRODUCT_DEFINITION_FORMATION('','',#3861);
#3861 = PRODUCT('CP_Elec_6.3x7.7','CP_Elec_6.3x7.7','',(#3862));
#3862 = PRODUCT_CONTEXT('',#2,'mechanical');
#3863 = PRODUCT_DEFINITION_CONTEXT('part definition',#2,'design');
#3864 = CONTEXT_DEPENDENT_SHAPE_REPRESENTATION(#3865,#3867);
#3865 = ( REPRESENTATION_RELATIONSHIP('','',#2486,#10) 
REPRESENTATION_RELATIONSHIP_WITH_TRANSFORMATION(#3866) 
SHAPE_REPRESENTATION_RELATIONSHIP() );
#3866 = ITEM_DEFINED_TRANSFORMATION('','',#11,#19);
#3867 = PRODUCT_DEFINITION_SHAPE('Placement','Placement of an item',
  #3868);
#3868 = NEXT_ASSEMBLY_USAGE_OCCURRENCE('2','','',#5,#3859,$);
#3869 = PRODUCT_RELATED_PRODUCT_CATEGORY('part',$,(#3861));
#3870 = CONTEXT_DEPENDENT_SHAPE_REPRESENTATION(#3871,#3873);
#3871 = ( REPRESENTATION_RELATIONSHIP('','',#2486,#10) 
REPRESENTATION_RELATIONSHIP_WITH_TRANSFORMATION(#3872) 
SHAPE_REPRESENTATION_RELATIONSHIP() );
#3872 = ITEM_DEFINED_TRANSFORMATION('','',#11,#23);
#3873 = PRODUCT_DEFINITION_SHAPE('Placement','Placement of an item',
  #3874);
#3874 = NEXT_ASSEMBLY_USAGE_OCCURRENCE('3','','',#5,#3859,$);
#3875 = CONTEXT_DEPENDENT_SHAPE_REPRESENTATION(#3876,#3878);
#3876 = ( REPRESENTATION_RELATIONSHIP('','',#65,#10) 
REPRESENTATION_RELATIONSHIP_WITH_TRANSFORMATION(#3877) 
SHAPE_REPRESENTATION_RELATIONSHIP() );
#3877 = ITEM_DEFINED_TRANSFORMATION('','',#11,#27);
#3878 = PRODUCT_DEFINITION_SHAPE('Placement','Placement of an item',
  #3879);
#3879 = NEXT_ASSEMBLY_USAGE_OCCURRENCE('4','','',#5,#2475,$);
#3880 = CONTEXT_DEPENDENT_SHAPE_REPRESENTATION(#3881,#3883);
#3881 = ( REPRESENTATION_RELATIONSHIP('','',#65,#10) 
REPRESENTATION_RELATIONSHIP_WITH_TRANSFORMATION(#3882) 
SHAPE_REPRESENTATION_RELATIONSHIP() );
#3882 = ITEM_DEFINED_TRANSFORMATION('','',#11,#31);
#3883 = PRODUCT_DEFINITION_SHAPE('Placement','Placement of an item',
  #3884);
#3884 = NEXT_ASSEMBLY_USAGE_OCCURRENCE('5','','',#5,#2475,$);
#3885 = SHAPE_REPRESENTATION('',(#11,#3886,#4988,#6090),#7798);
#3886 = MANIFOLD_SOLID_BREP('',#3887);
#3887 = CLOSED_SHELL('',(#3888,#3930,#3972,#4060,#4111,#4172,#4233,#4294
    ,#4326,#4358,#4390,#4475,#4497,#4529,#4561,#4593,#4615,#4637,#4659,
    #4672,#4685,#4698,#4711,#4724,#4737,#4750,#4763,#4805,#4855,#4890,
    #4940,#4957,#4976));
#3888 = ADVANCED_FACE('',(#3889),#3925,.T.);
#3889 = FACE_BOUND('',#3890,.T.);
#3890 = EDGE_LOOP('',(#3891,#3901,#3910,#3918));
#3891 = ORIENTED_EDGE('',*,*,#3892,.T.);
#3892 = EDGE_CURVE('',#3893,#3895,#3897,.T.);
#3893 = VERTEX_POINT('',#3894);
#3894 = CARTESIAN_POINT('',(5.266092039419,0.25,7.05));
#3895 = VERTEX_POINT('',#3896);
#3896 = CARTESIAN_POINT('',(5.266092039419,0.25,13.6));
#3897 = LINE('',#3898,#3899);
#3898 = CARTESIAN_POINT('',(5.266092039419,0.25,7.05));
#3899 = VECTOR('',#3900,1.);
#3900 = DIRECTION('',(0.,0.,1.));
#3901 = ORIENTED_EDGE('',*,*,#3902,.F.);
#3902 = EDGE_CURVE('',#3903,#3895,#3905,.T.);
#3903 = VERTEX_POINT('',#3904);
#3904 = CARTESIAN_POINT('',(6.95,1.933907960581,13.6));
#3905 = CIRCLE('',#3906,1.95);
#3906 = AXIS2_PLACEMENT_3D('',#3907,#3908,#3909);
#3907 = CARTESIAN_POINT('',(7.2,0.,13.6));
#3908 = DIRECTION('',(0.,0.,1.));
#3909 = DIRECTION('',(1.,0.,-0.));
#3910 = ORIENTED_EDGE('',*,*,#3911,.T.);
#3911 = EDGE_CURVE('',#3903,#3912,#3914,.T.);
#3912 = VERTEX_POINT('',#3913);
#3913 = CARTESIAN_POINT('',(6.95,1.933907960581,7.05));
#3914 = LINE('',#3915,#3916);
#3915 = CARTESIAN_POINT('',(6.95,1.933907960581,7.05));
#3916 = VECTOR('',#3917,1.);
#3917 = DIRECTION('',(0.,0.,-1.));
#3918 = ORIENTED_EDGE('',*,*,#3919,.F.);
#3919 = EDGE_CURVE('',#3893,#3912,#3920,.T.);
#3920 = CIRCLE('',#3921,1.95);
#3921 = AXIS2_PLACEMENT_3D('',#3922,#3923,#3924);
#3922 = CARTESIAN_POINT('',(7.2,0.,7.05));
#3923 = DIRECTION('',(0.,0.,-1.));
#3924 = DIRECTION('',(1.,0.,0.));
#3925 = CYLINDRICAL_SURFACE('',#3926,1.95);
#3926 = AXIS2_PLACEMENT_3D('',#3927,#3928,#3929);
#3927 = CARTESIAN_POINT('',(7.2,0.,7.05));
#3928 = DIRECTION('',(0.,0.,1.));
#3929 = DIRECTION('',(1.,0.,-0.));
#3930 = ADVANCED_FACE('',(#3931),#3967,.F.);
#3931 = FACE_BOUND('',#3932,.F.);
#3932 = EDGE_LOOP('',(#3933,#3944,#3952,#3961));
#3933 = ORIENTED_EDGE('',*,*,#3934,.T.);
#3934 = EDGE_CURVE('',#3935,#3937,#3939,.T.);
#3935 = VERTEX_POINT('',#3936);
#3936 = CARTESIAN_POINT('',(6.492893218813,0.25,14.6));
#3937 = VERTEX_POINT('',#3938);
#3938 = CARTESIAN_POINT('',(6.95,0.707106781187,14.6));
#3939 = CIRCLE('',#3940,0.75);
#3940 = AXIS2_PLACEMENT_3D('',#3941,#3942,#3943);
#3941 = CARTESIAN_POINT('',(7.2,0.,14.6));
#3942 = DIRECTION('',(0.,0.,-1.));
#3943 = DIRECTION('',(1.,0.,0.));
#3944 = ORIENTED_EDGE('',*,*,#3945,.F.);
#3945 = EDGE_CURVE('',#3946,#3937,#3948,.T.);
#3946 = VERTEX_POINT('',#3947);
#3947 = CARTESIAN_POINT('',(6.95,0.707106781187,7.05));
#3948 = LINE('',#3949,#3950);
#3949 = CARTESIAN_POINT('',(6.95,0.707106781187,10.825));
#3950 = VECTOR('',#3951,1.);
#3951 = DIRECTION('',(0.,0.,1.));
#3952 = ORIENTED_EDGE('',*,*,#3953,.F.);
#3953 = EDGE_CURVE('',#3954,#3946,#3956,.T.);
#3954 = VERTEX_POINT('',#3955);
#3955 = CARTESIAN_POINT('',(6.492893218813,0.25,7.05));
#3956 = CIRCLE('',#3957,0.75);
#3957 = AXIS2_PLACEMENT_3D('',#3958,#3959,#3960);
#3958 = CARTESIAN_POINT('',(7.2,0.,7.05));
#3959 = DIRECTION('',(0.,0.,-1.));
#3960 = DIRECTION('',(1.,0.,0.));
#3961 = ORIENTED_EDGE('',*,*,#3962,.F.);
#3962 = EDGE_CURVE('',#3935,#3954,#3963,.T.);
#3963 = LINE('',#3964,#3965);
#3964 = CARTESIAN_POINT('',(6.492893218813,0.25,10.825));
#3965 = VECTOR('',#3966,1.);
#3966 = DIRECTION('',(0.,0.,-1.));
#3967 = CYLINDRICAL_SURFACE('',#3968,0.75);
#3968 = AXIS2_PLACEMENT_3D('',#3969,#3970,#3971);
#3969 = CARTESIAN_POINT('',(7.2,0.,10.825));
#3970 = DIRECTION('',(0.,0.,-1.));
#3971 = DIRECTION('',(1.,0.,0.));
#3972 = ADVANCED_FACE('',(#3973),#4055,.F.);
#3973 = FACE_BOUND('',#3974,.F.);
#3974 = EDGE_LOOP('',(#3975,#3986,#3995,#4004,#4013,#4021,#4022,#4029,
    #4030,#4039,#4048));
#3975 = ORIENTED_EDGE('',*,*,#3976,.T.);
#3976 = EDGE_CURVE('',#3977,#3979,#3981,.T.);
#3977 = VERTEX_POINT('',#3978);
#3978 = CARTESIAN_POINT('',(7.907106781187,-0.25,7.05));
#3979 = VERTEX_POINT('',#3980);
#3980 = CARTESIAN_POINT('',(7.45,-0.707106781187,7.05));
#3981 = CIRCLE('',#3982,0.75);
#3982 = AXIS2_PLACEMENT_3D('',#3983,#3984,#3985);
#3983 = CARTESIAN_POINT('',(7.2,0.,7.05));
#3984 = DIRECTION('',(0.,0.,-1.));
#3985 = DIRECTION('',(1.,0.,0.));
#3986 = ORIENTED_EDGE('',*,*,#3987,.T.);
#3987 = EDGE_CURVE('',#3979,#3988,#3990,.T.);
#3988 = VERTEX_POINT('',#3989);
#3989 = CARTESIAN_POINT('',(6.95,-0.707106781187,7.05));
#3990 = CIRCLE('',#3991,0.75);
#3991 = AXIS2_PLACEMENT_3D('',#3992,#3993,#3994);
#3992 = CARTESIAN_POINT('',(7.2,0.,7.05));
#3993 = DIRECTION('',(0.,0.,-1.));
#3994 = DIRECTION('',(1.,0.,0.));
#3995 = ORIENTED_EDGE('',*,*,#3996,.T.);
#3996 = EDGE_CURVE('',#3988,#3997,#3999,.T.);
#3997 = VERTEX_POINT('',#3998);
#3998 = CARTESIAN_POINT('',(6.492893218813,-0.25,7.05));
#3999 = CIRCLE('',#4000,0.75);
#4000 = AXIS2_PLACEMENT_3D('',#4001,#4002,#4003);
#4001 = CARTESIAN_POINT('',(7.2,0.,7.05));
#4002 = DIRECTION('',(0.,0.,-1.));
#4003 = DIRECTION('',(1.,0.,0.));
#4004 = ORIENTED_EDGE('',*,*,#4005,.T.);
#4005 = EDGE_CURVE('',#3997,#4006,#4008,.T.);
#4006 = VERTEX_POINT('',#4007);
#4007 = CARTESIAN_POINT('',(6.45,9.184850993605E-17,7.05));
#4008 = CIRCLE('',#4009,0.75);
#4009 = AXIS2_PLACEMENT_3D('',#4010,#4011,#4012);
#4010 = CARTESIAN_POINT('',(7.2,0.,7.05));
#4011 = DIRECTION('',(0.,0.,-1.));
#4012 = DIRECTION('',(1.,0.,0.));
#4013 = ORIENTED_EDGE('',*,*,#4014,.T.);
#4014 = EDGE_CURVE('',#4006,#4015,#4017,.T.);
#4015 = VERTEX_POINT('',#4016);
#4016 = CARTESIAN_POINT('',(7.2,0.,6.599354535729));
#4017 = LINE('',#4018,#4019);
#4018 = CARTESIAN_POINT('',(6.825,4.592425496803E-17,6.824677267865));
#4019 = VECTOR('',#4020,1.);
#4020 = DIRECTION('',(0.857167300702,-1.049727191139E-16,-0.51503807491)
  );
#4021 = ORIENTED_EDGE('',*,*,#4014,.F.);
#4022 = ORIENTED_EDGE('',*,*,#4023,.T.);
#4023 = EDGE_CURVE('',#4006,#3954,#4024,.T.);
#4024 = CIRCLE('',#4025,0.75);
#4025 = AXIS2_PLACEMENT_3D('',#4026,#4027,#4028);
#4026 = CARTESIAN_POINT('',(7.2,0.,7.05));
#4027 = DIRECTION('',(0.,0.,-1.));
#4028 = DIRECTION('',(1.,0.,0.));
#4029 = ORIENTED_EDGE('',*,*,#3953,.T.);
#4030 = ORIENTED_EDGE('',*,*,#4031,.T.);
#4031 = EDGE_CURVE('',#3946,#4032,#4034,.T.);
#4032 = VERTEX_POINT('',#4033);
#4033 = CARTESIAN_POINT('',(7.45,0.707106781187,7.05));
#4034 = CIRCLE('',#4035,0.75);
#4035 = AXIS2_PLACEMENT_3D('',#4036,#4037,#4038);
#4036 = CARTESIAN_POINT('',(7.2,0.,7.05));
#4037 = DIRECTION('',(0.,0.,-1.));
#4038 = DIRECTION('',(1.,0.,0.));
#4039 = ORIENTED_EDGE('',*,*,#4040,.T.);
#4040 = EDGE_CURVE('',#4032,#4041,#4043,.T.);
#4041 = VERTEX_POINT('',#4042);
#4042 = CARTESIAN_POINT('',(7.907106781187,0.25,7.05));
#4043 = CIRCLE('',#4044,0.75);
#4044 = AXIS2_PLACEMENT_3D('',#4045,#4046,#4047);
#4045 = CARTESIAN_POINT('',(7.2,0.,7.05));
#4046 = DIRECTION('',(0.,0.,-1.));
#4047 = DIRECTION('',(1.,0.,0.));
#4048 = ORIENTED_EDGE('',*,*,#4049,.T.);
#4049 = EDGE_CURVE('',#4041,#3977,#4050,.T.);
#4050 = CIRCLE('',#4051,0.75);
#4051 = AXIS2_PLACEMENT_3D('',#4052,#4053,#4054);
#4052 = CARTESIAN_POINT('',(7.2,0.,7.05));
#4053 = DIRECTION('',(0.,0.,-1.));
#4054 = DIRECTION('',(1.,0.,0.));
#4055 = CONICAL_SURFACE('',#4056,0.375,1.029744258677);
#4056 = AXIS2_PLACEMENT_3D('',#4057,#4058,#4059);
#4057 = CARTESIAN_POINT('',(7.2,0.,6.824677267865));
#4058 = DIRECTION('',(0.,0.,1.));
#4059 = DIRECTION('',(1.,0.,-0.));
#4060 = ADVANCED_FACE('',(#4061),#4101,.F.);
#4061 = FACE_BOUND('',#4062,.F.);
#4062 = EDGE_LOOP('',(#4063,#4064,#4079,#4088));
#4063 = ORIENTED_EDGE('',*,*,#3902,.F.);
#4064 = ORIENTED_EDGE('',*,*,#4065,.F.);
#4065 = EDGE_CURVE('',#4066,#3903,#4068,.T.);
#4066 = VERTEX_POINT('',#4067);
#4067 = CARTESIAN_POINT('',(6.95,0.916515138991,14.6));
#4068 = B_SPLINE_CURVE_WITH_KNOTS('',3,(#4069,#4070,#4071,#4072,#4073,
    #4074,#4075,#4076,#4077,#4078),.UNSPECIFIED.,.F.,.F.,(4,2,2,2,4),(
    0.57480034267,0.613086463033,0.650445810202,0.687455912231,
    0.724311894366),.UNSPECIFIED.);
#4069 = CARTESIAN_POINT('',(6.95,0.916515138991,14.6));
#4070 = CARTESIAN_POINT('',(6.95,1.044135540204,14.6));
#4071 = CARTESIAN_POINT('',(6.95,1.194504974893,14.57097819248));
#4072 = CARTESIAN_POINT('',(6.95,1.427709908204,14.475083106557));
#4073 = CARTESIAN_POINT('',(6.95,1.552293827446,14.392558078833));
#4074 = CARTESIAN_POINT('',(6.95,1.727996346526,14.217680623171));
#4075 = CARTESIAN_POINT('',(6.95,1.810537221274,14.094786496255));
#4076 = CARTESIAN_POINT('',(6.95,1.905035623814,13.867422298393));
#4077 = CARTESIAN_POINT('',(6.95,1.933907960581,13.722853273784));
#4078 = CARTESIAN_POINT('',(6.95,1.933907960581,13.6));
#4079 = ORIENTED_EDGE('',*,*,#4080,.F.);
#4080 = EDGE_CURVE('',#4081,#4066,#4083,.T.);
#4081 = VERTEX_POINT('',#4082);
#4082 = CARTESIAN_POINT('',(6.283484861009,0.25,14.6));
#4083 = CIRCLE('',#4084,0.95);
#4084 = AXIS2_PLACEMENT_3D('',#4085,#4086,#4087);
#4085 = CARTESIAN_POINT('',(7.2,0.,14.6));
#4086 = DIRECTION('',(0.,0.,-1.));
#4087 = DIRECTION('',(1.,0.,0.));
#4088 = ORIENTED_EDGE('',*,*,#4089,.F.);
#4089 = EDGE_CURVE('',#3895,#4081,#4090,.T.);
#4090 = B_SPLINE_CURVE_WITH_KNOTS('',3,(#4091,#4092,#4093,#4094,#4095,
    #4096,#4097,#4098,#4099,#4100),.UNSPECIFIED.,.F.,.F.,(4,2,2,2,4),(
    0.241437298122,0.278293280257,0.315303382286,0.352662729455,
    0.390948849819),.UNSPECIFIED.);
#4091 = CARTESIAN_POINT('',(5.266092039419,0.25,13.6));
#4092 = CARTESIAN_POINT('',(5.266092039419,0.25,13.722853273784));
#4093 = CARTESIAN_POINT('',(5.294964376186,0.25,13.867422298393));
#4094 = CARTESIAN_POINT('',(5.389462778726,0.25,14.094786496255));
#4095 = CARTESIAN_POINT('',(5.472003653474,0.25,14.217680623171));
#4096 = CARTESIAN_POINT('',(5.647706172554,0.25,14.392558078833));
#4097 = CARTESIAN_POINT('',(5.772290091796,0.25,14.475083106557));
#4098 = CARTESIAN_POINT('',(6.005495025107,0.25,14.57097819248));
#4099 = CARTESIAN_POINT('',(6.155864459796,0.25,14.6));
#4100 = CARTESIAN_POINT('',(6.283484861009,0.25,14.6));
#4101 = ( BOUNDED_SURFACE() B_SPLINE_SURFACE(2,2,(
    (#4102,#4103,#4104)
    ,(#4105,#4106,#4107)
    ,(#4108,#4109,#4110
)),.UNSPECIFIED.,.F.,.F.,.F.) B_SPLINE_SURFACE_WITH_KNOTS((3,3),(3,3),(
    0.,1.570796326795),(1.699355286836,3.013033693548),
.PIECEWISE_BEZIER_KNOTS.) GEOMETRIC_REPRESENTATION_ITEM() 
RATIONAL_B_SPLINE_SURFACE((
    (1.,0.7919262197,1.)
    ,(0.707106781187,0.559976400149,0.707106781187)
,(1.,0.7919262197,1.))) REPRESENTATION_ITEM('') SURFACE() );
#4102 = CARTESIAN_POINT('',(6.95,1.933907960581,13.6));
#4103 = CARTESIAN_POINT('',(5.458855195075,1.741144804925,13.6));
#4104 = CARTESIAN_POINT('',(5.266092039419,0.25,13.6));
#4105 = CARTESIAN_POINT('',(6.95,1.933907960581,14.6));
#4106 = CARTESIAN_POINT('',(5.458855195075,1.741144804925,14.6));
#4107 = CARTESIAN_POINT('',(5.266092039419,0.25,14.6));
#4108 = CARTESIAN_POINT('',(7.078205128205,0.942160288488,14.6));
#4109 = CARTESIAN_POINT('',(6.351749966832,0.848250033168,14.6));
#4110 = CARTESIAN_POINT('',(6.257839711512,0.121794871795,14.6));
#4111 = ADVANCED_FACE('',(#4112),#4162,.F.);
#4112 = FACE_BOUND('',#4113,.F.);
#4113 = EDGE_LOOP('',(#4114,#4125,#4140,#4149));
#4114 = ORIENTED_EDGE('',*,*,#4115,.F.);
#4115 = EDGE_CURVE('',#4116,#4118,#4120,.T.);
#4116 = VERTEX_POINT('',#4117);
#4117 = CARTESIAN_POINT('',(6.95,-0.916515138991,14.6));
#4118 = VERTEX_POINT('',#4119);
#4119 = CARTESIAN_POINT('',(6.283484861009,-0.25,14.6));
#4120 = CIRCLE('',#4121,0.95);
#4121 = AXIS2_PLACEMENT_3D('',#4122,#4123,#4124);
#4122 = CARTESIAN_POINT('',(7.2,0.,14.6));
#4123 = DIRECTION('',(0.,0.,-1.));
#4124 = DIRECTION('',(1.,0.,0.));
#4125 = ORIENTED_EDGE('',*,*,#4126,.F.);
#4126 = EDGE_CURVE('',#4127,#4116,#4129,.T.);
#4127 = VERTEX_POINT('',#4128);
#4128 = CARTESIAN_POINT('',(6.95,-1.933907960581,13.6));
#4129 = B_SPLINE_CURVE_WITH_KNOTS('',3,(#4130,#4131,#4132,#4133,#4134,
    #4135,#4136,#4137,#4138,#4139),.UNSPECIFIED.,.F.,.F.,(4,2,2,2,4),(
    0.241437298122,0.278293280257,0.315303382286,0.352662729455,
    0.390948849819),.UNSPECIFIED.);
#4130 = CARTESIAN_POINT('',(6.95,-1.933907960581,13.6));
#4131 = CARTESIAN_POINT('',(6.95,-1.933907960581,13.722853273784));
#4132 = CARTESIAN_POINT('',(6.95,-1.905035623814,13.867422298393));
#4133 = CARTESIAN_POINT('',(6.95,-1.810537221274,14.094786496255));
#4134 = CARTESIAN_POINT('',(6.95,-1.727996346526,14.217680623171));
#4135 = CARTESIAN_POINT('',(6.95,-1.552293827446,14.392558078833));
#4136 = CARTESIAN_POINT('',(6.95,-1.427709908204,14.475083106557));
#4137 = CARTESIAN_POINT('',(6.95,-1.194504974893,14.57097819248));
#4138 = CARTESIAN_POINT('',(6.95,-1.044135540204,14.6));
#4139 = CARTESIAN_POINT('',(6.95,-0.916515138991,14.6));
#4140 = ORIENTED_EDGE('',*,*,#4141,.F.);
#4141 = EDGE_CURVE('',#4142,#4127,#4144,.T.);
#4142 = VERTEX_POINT('',#4143);
#4143 = CARTESIAN_POINT('',(5.266092039419,-0.25,13.6));
#4144 = CIRCLE('',#4145,1.95);
#4145 = AXIS2_PLACEMENT_3D('',#4146,#4147,#4148);
#4146 = CARTESIAN_POINT('',(7.2,0.,13.6));
#4147 = DIRECTION('',(0.,0.,1.));
#4148 = DIRECTION('',(1.,0.,-0.));
#4149 = ORIENTED_EDGE('',*,*,#4150,.F.);
#4150 = EDGE_CURVE('',#4118,#4142,#4151,.T.);
#4151 = B_SPLINE_CURVE_WITH_KNOTS('',3,(#4152,#4153,#4154,#4155,#4156,
    #4157,#4158,#4159,#4160,#4161),.UNSPECIFIED.,.F.,.F.,(4,2,2,2,4),(
    0.57480034267,0.613086463033,0.650445810202,0.687455912231,
    0.724311894366),.UNSPECIFIED.);
#4152 = CARTESIAN_POINT('',(6.283484861009,-0.25,14.6));
#4153 = CARTESIAN_POINT('',(6.155864459796,-0.25,14.6));
#4154 = CARTESIAN_POINT('',(6.005495025107,-0.25,14.57097819248));
#4155 = CARTESIAN_POINT('',(5.772290091796,-0.25,14.475083106557));
#4156 = CARTESIAN_POINT('',(5.647706172554,-0.25,14.392558078833));
#4157 = CARTESIAN_POINT('',(5.472003653474,-0.25,14.217680623171));
#4158 = CARTESIAN_POINT('',(5.389462778726,-0.25,14.094786496255));
#4159 = CARTESIAN_POINT('',(5.294964376186,-0.25,13.867422298393));
#4160 = CARTESIAN_POINT('',(5.266092039419,-0.25,13.722853273784));
#4161 = CARTESIAN_POINT('',(5.266092039419,-0.25,13.6));
#4162 = ( BOUNDED_SURFACE() B_SPLINE_SURFACE(2,2,(
    (#4163,#4164,#4165)
    ,(#4166,#4167,#4168)
    ,(#4169,#4170,#4171
)),.UNSPECIFIED.,.F.,.F.,.F.) B_SPLINE_SURFACE_WITH_KNOTS((3,3),(3,3),(
    0.,1.570796326795),(-3.013033693548,-1.699355286836),
.PIECEWISE_BEZIER_KNOTS.) GEOMETRIC_REPRESENTATION_ITEM() 
RATIONAL_B_SPLINE_SURFACE((
    (1.,0.7919262197,1.)
    ,(0.707106781187,0.559976400149,0.707106781187)
,(1.,0.7919262197,1.))) REPRESENTATION_ITEM('') SURFACE() );
#4163 = CARTESIAN_POINT('',(5.266092039419,-0.25,13.6));
#4164 = CARTESIAN_POINT('',(5.458855195075,-1.741144804925,13.6));
#4165 = CARTESIAN_POINT('',(6.95,-1.933907960581,13.6));
#4166 = CARTESIAN_POINT('',(5.266092039419,-0.25,14.6));
#4167 = CARTESIAN_POINT('',(5.458855195075,-1.741144804925,14.6));
#4168 = CARTESIAN_POINT('',(6.95,-1.933907960581,14.6));
#4169 = CARTESIAN_POINT('',(6.257839711512,-0.121794871795,14.6));
#4170 = CARTESIAN_POINT('',(6.351749966832,-0.848250033168,14.6));
#4171 = CARTESIAN_POINT('',(7.078205128205,-0.942160288488,14.6));
#4172 = ADVANCED_FACE('',(#4173),#4223,.F.);
#4173 = FACE_BOUND('',#4174,.F.);
#4174 = EDGE_LOOP('',(#4175,#4186,#4201,#4210));
#4175 = ORIENTED_EDGE('',*,*,#4176,.F.);
#4176 = EDGE_CURVE('',#4177,#4179,#4181,.T.);
#4177 = VERTEX_POINT('',#4178);
#4178 = CARTESIAN_POINT('',(8.116515138991,-0.25,14.6));
#4179 = VERTEX_POINT('',#4180);
#4180 = CARTESIAN_POINT('',(7.45,-0.916515138991,14.6));
#4181 = CIRCLE('',#4182,0.95);
#4182 = AXIS2_PLACEMENT_3D('',#4183,#4184,#4185);
#4183 = CARTESIAN_POINT('',(7.2,0.,14.6));
#4184 = DIRECTION('',(0.,0.,-1.));
#4185 = DIRECTION('',(1.,0.,0.));
#4186 = ORIENTED_EDGE('',*,*,#4187,.F.);
#4187 = EDGE_CURVE('',#4188,#4177,#4190,.T.);
#4188 = VERTEX_POINT('',#4189);
#4189 = CARTESIAN_POINT('',(9.133907960581,-0.25,13.6));
#4190 = B_SPLINE_CURVE_WITH_KNOTS('',3,(#4191,#4192,#4193,#4194,#4195,
    #4196,#4197,#4198,#4199,#4200),.UNSPECIFIED.,.F.,.F.,(4,2,2,2,4),(
    0.241437298122,0.278293280257,0.315303382286,0.352662729455,
    0.390948849819),.UNSPECIFIED.);
#4191 = CARTESIAN_POINT('',(9.133907960581,-0.25,13.6));
#4192 = CARTESIAN_POINT('',(9.133907960581,-0.25,13.722853273784));
#4193 = CARTESIAN_POINT('',(9.105035623814,-0.25,13.867422298393));
#4194 = CARTESIAN_POINT('',(9.010537221274,-0.25,14.094786496255));
#4195 = CARTESIAN_POINT('',(8.927996346526,-0.25,14.217680623171));
#4196 = CARTESIAN_POINT('',(8.752293827446,-0.25,14.392558078833));
#4197 = CARTESIAN_POINT('',(8.627709908204,-0.25,14.475083106557));
#4198 = CARTESIAN_POINT('',(8.394504974893,-0.25,14.57097819248));
#4199 = CARTESIAN_POINT('',(8.244135540204,-0.25,14.6));
#4200 = CARTESIAN_POINT('',(8.116515138991,-0.25,14.6));
#4201 = ORIENTED_EDGE('',*,*,#4202,.F.);
#4202 = EDGE_CURVE('',#4203,#4188,#4205,.T.);
#4203 = VERTEX_POINT('',#4204);
#4204 = CARTESIAN_POINT('',(7.45,-1.933907960581,13.6));
#4205 = CIRCLE('',#4206,1.95);
#4206 = AXIS2_PLACEMENT_3D('',#4207,#4208,#4209);
#4207 = CARTESIAN_POINT('',(7.2,0.,13.6));
#4208 = DIRECTION('',(0.,0.,1.));
#4209 = DIRECTION('',(1.,0.,-0.));
#4210 = ORIENTED_EDGE('',*,*,#4211,.F.);
#4211 = EDGE_CURVE('',#4179,#4203,#4212,.T.);
#4212 = B_SPLINE_CURVE_WITH_KNOTS('',3,(#4213,#4214,#4215,#4216,#4217,
    #4218,#4219,#4220,#4221,#4222),.UNSPECIFIED.,.F.,.F.,(4,2,2,2,4),(
    0.57480034267,0.613086463033,0.650445810202,0.687455912231,
    0.724311894366),.UNSPECIFIED.);
#4213 = CARTESIAN_POINT('',(7.45,-0.916515138991,14.6));
#4214 = CARTESIAN_POINT('',(7.45,-1.044135540204,14.6));
#4215 = CARTESIAN_POINT('',(7.45,-1.194504974893,14.57097819248));
#4216 = CARTESIAN_POINT('',(7.45,-1.427709908204,14.475083106557));
#4217 = CARTESIAN_POINT('',(7.45,-1.552293827446,14.392558078833));
#4218 = CARTESIAN_POINT('',(7.45,-1.727996346526,14.217680623171));
#4219 = CARTESIAN_POINT('',(7.45,-1.810537221274,14.094786496255));
#4220 = CARTESIAN_POINT('',(7.45,-1.905035623814,13.867422298393));
#4221 = CARTESIAN_POINT('',(7.45,-1.933907960581,13.722853273784));
#4222 = CARTESIAN_POINT('',(7.45,-1.933907960581,13.6));
#4223 = ( BOUNDED_SURFACE() B_SPLINE_SURFACE(2,2,(
    (#4224,#4225,#4226)
    ,(#4227,#4228,#4229)
    ,(#4230,#4231,#4232
)),.UNSPECIFIED.,.F.,.F.,.F.) B_SPLINE_SURFACE_WITH_KNOTS((3,3),(3,3),(
    0.,1.570796326795),(-1.442237366753,-0.128558960041),
.PIECEWISE_BEZIER_KNOTS.) GEOMETRIC_REPRESENTATION_ITEM() 
RATIONAL_B_SPLINE_SURFACE((
    (1.,0.7919262197,1.)
    ,(0.707106781187,0.559976400149,0.707106781187)
,(1.,0.7919262197,1.))) REPRESENTATION_ITEM('') SURFACE() );
#4224 = CARTESIAN_POINT('',(7.45,-1.933907960581,13.6));
#4225 = CARTESIAN_POINT('',(8.941144804925,-1.741144804925,13.6));
#4226 = CARTESIAN_POINT('',(9.133907960581,-0.25,13.6));
#4227 = CARTESIAN_POINT('',(7.45,-1.933907960581,14.6));
#4228 = CARTESIAN_POINT('',(8.941144804925,-1.741144804925,14.6));
#4229 = CARTESIAN_POINT('',(9.133907960581,-0.25,14.6));
#4230 = CARTESIAN_POINT('',(7.321794871795,-0.942160288488,14.6));
#4231 = CARTESIAN_POINT('',(8.048250033168,-0.848250033168,14.6));
#4232 = CARTESIAN_POINT('',(8.142160288488,-0.121794871795,14.6));
#4233 = ADVANCED_FACE('',(#4234),#4284,.F.);
#4234 = FACE_BOUND('',#4235,.F.);
#4235 = EDGE_LOOP('',(#4236,#4247,#4262,#4271));
#4236 = ORIENTED_EDGE('',*,*,#4237,.F.);
#4237 = EDGE_CURVE('',#4238,#4240,#4242,.T.);
#4238 = VERTEX_POINT('',#4239);
#4239 = CARTESIAN_POINT('',(7.45,0.916515138991,14.6));
#4240 = VERTEX_POINT('',#4241);
#4241 = CARTESIAN_POINT('',(8.116515138991,0.25,14.6));
#4242 = CIRCLE('',#4243,0.95);
#4243 = AXIS2_PLACEMENT_3D('',#4244,#4245,#4246);
#4244 = CARTESIAN_POINT('',(7.2,0.,14.6));
#4245 = DIRECTION('',(0.,0.,-1.));
#4246 = DIRECTION('',(1.,0.,0.));
#4247 = ORIENTED_EDGE('',*,*,#4248,.F.);
#4248 = EDGE_CURVE('',#4249,#4238,#4251,.T.);
#4249 = VERTEX_POINT('',#4250);
#4250 = CARTESIAN_POINT('',(7.45,1.933907960581,13.6));
#4251 = B_SPLINE_CURVE_WITH_KNOTS('',3,(#4252,#4253,#4254,#4255,#4256,
    #4257,#4258,#4259,#4260,#4261),.UNSPECIFIED.,.F.,.F.,(4,2,2,2,4),(
    0.241437298122,0.278293280257,0.315303382286,0.352662729455,
    0.390948849819),.UNSPECIFIED.);
#4252 = CARTESIAN_POINT('',(7.45,1.933907960581,13.6));
#4253 = CARTESIAN_POINT('',(7.45,1.933907960581,13.722853273784));
#4254 = CARTESIAN_POINT('',(7.45,1.905035623814,13.867422298393));
#4255 = CARTESIAN_POINT('',(7.45,1.810537221274,14.094786496255));
#4256 = CARTESIAN_POINT('',(7.45,1.727996346526,14.217680623171));
#4257 = CARTESIAN_POINT('',(7.45,1.552293827446,14.392558078833));
#4258 = CARTESIAN_POINT('',(7.45,1.427709908204,14.475083106557));
#4259 = CARTESIAN_POINT('',(7.45,1.194504974893,14.57097819248));
#4260 = CARTESIAN_POINT('',(7.45,1.044135540204,14.6));
#4261 = CARTESIAN_POINT('',(7.45,0.916515138991,14.6));
#4262 = ORIENTED_EDGE('',*,*,#4263,.F.);
#4263 = EDGE_CURVE('',#4264,#4249,#4266,.T.);
#4264 = VERTEX_POINT('',#4265);
#4265 = CARTESIAN_POINT('',(9.133907960581,0.25,13.6));
#4266 = CIRCLE('',#4267,1.95);
#4267 = AXIS2_PLACEMENT_3D('',#4268,#4269,#4270);
#4268 = CARTESIAN_POINT('',(7.2,0.,13.6));
#4269 = DIRECTION('',(0.,0.,1.));
#4270 = DIRECTION('',(1.,0.,-0.));
#4271 = ORIENTED_EDGE('',*,*,#4272,.F.);
#4272 = EDGE_CURVE('',#4240,#4264,#4273,.T.);
#4273 = B_SPLINE_CURVE_WITH_KNOTS('',3,(#4274,#4275,#4276,#4277,#4278,
    #4279,#4280,#4281,#4282,#4283),.UNSPECIFIED.,.F.,.F.,(4,2,2,2,4),(
    0.57480034267,0.613086463033,0.650445810202,0.687455912231,
    0.724311894366),.UNSPECIFIED.);
#4274 = CARTESIAN_POINT('',(8.116515138991,0.25,14.6));
#4275 = CARTESIAN_POINT('',(8.244135540204,0.25,14.6));
#4276 = CARTESIAN_POINT('',(8.394504974893,0.25,14.57097819248));
#4277 = CARTESIAN_POINT('',(8.627709908204,0.25,14.475083106557));
#4278 = CARTESIAN_POINT('',(8.752293827446,0.25,14.392558078833));
#4279 = CARTESIAN_POINT('',(8.927996346526,0.25,14.217680623171));
#4280 = CARTESIAN_POINT('',(9.010537221274,0.25,14.094786496255));
#4281 = CARTESIAN_POINT('',(9.105035623814,0.25,13.867422298393));
#4282 = CARTESIAN_POINT('',(9.133907960581,0.25,13.722853273784));
#4283 = CARTESIAN_POINT('',(9.133907960581,0.25,13.6));
#4284 = ( BOUNDED_SURFACE() B_SPLINE_SURFACE(2,2,(
    (#4285,#4286,#4287)
    ,(#4288,#4289,#4290)
    ,(#4291,#4292,#4293
)),.UNSPECIFIED.,.F.,.F.,.F.) B_SPLINE_SURFACE_WITH_KNOTS((3,3),(3,3),(
    0.,1.570796326795),(0.128558960041,1.442237366753),
.PIECEWISE_BEZIER_KNOTS.) GEOMETRIC_REPRESENTATION_ITEM() 
RATIONAL_B_SPLINE_SURFACE((
    (1.,0.7919262197,1.)
    ,(0.707106781187,0.559976400149,0.707106781187)
,(1.,0.7919262197,1.))) REPRESENTATION_ITEM('') SURFACE() );
#4285 = CARTESIAN_POINT('',(9.133907960581,0.25,13.6));
#4286 = CARTESIAN_POINT('',(8.941144804925,1.741144804925,13.6));
#4287 = CARTESIAN_POINT('',(7.45,1.933907960581,13.6));
#4288 = CARTESIAN_POINT('',(9.133907960581,0.25,14.6));
#4289 = CARTESIAN_POINT('',(8.941144804925,1.741144804925,14.6));
#4290 = CARTESIAN_POINT('',(7.45,1.933907960581,14.6));
#4291 = CARTESIAN_POINT('',(8.142160288488,0.121794871795,14.6));
#4292 = CARTESIAN_POINT('',(8.048250033168,0.848250033168,14.6));
#4293 = CARTESIAN_POINT('',(7.321794871795,0.942160288488,14.6));
#4294 = ADVANCED_FACE('',(#4295),#4321,.T.);
#4295 = FACE_BOUND('',#4296,.T.);
#4296 = EDGE_LOOP('',(#4297,#4305,#4314,#4320));
#4297 = ORIENTED_EDGE('',*,*,#4298,.T.);
#4298 = EDGE_CURVE('',#4142,#4299,#4301,.T.);
#4299 = VERTEX_POINT('',#4300);
#4300 = CARTESIAN_POINT('',(5.266092039419,-0.25,7.05));
#4301 = LINE('',#4302,#4303);
#4302 = CARTESIAN_POINT('',(5.266092039419,-0.25,7.05));
#4303 = VECTOR('',#4304,1.);
#4304 = DIRECTION('',(0.,0.,-1.));
#4305 = ORIENTED_EDGE('',*,*,#4306,.F.);
#4306 = EDGE_CURVE('',#4307,#4299,#4309,.T.);
#4307 = VERTEX_POINT('',#4308);
#4308 = CARTESIAN_POINT('',(6.95,-1.933907960581,7.05));
#4309 = CIRCLE('',#4310,1.95);
#4310 = AXIS2_PLACEMENT_3D('',#4311,#4312,#4313);
#4311 = CARTESIAN_POINT('',(7.2,0.,7.05));
#4312 = DIRECTION('',(0.,0.,-1.));
#4313 = DIRECTION('',(1.,0.,0.));
#4314 = ORIENTED_EDGE('',*,*,#4315,.T.);
#4315 = EDGE_CURVE('',#4307,#4127,#4316,.T.);
#4316 = LINE('',#4317,#4318);
#4317 = CARTESIAN_POINT('',(6.95,-1.933907960581,7.05));
#4318 = VECTOR('',#4319,1.);
#4319 = DIRECTION('',(0.,0.,1.));
#4320 = ORIENTED_EDGE('',*,*,#4141,.F.);
#4321 = CYLINDRICAL_SURFACE('',#4322,1.95);
#4322 = AXIS2_PLACEMENT_3D('',#4323,#4324,#4325);
#4323 = CARTESIAN_POINT('',(7.2,0.,7.05));
#4324 = DIRECTION('',(0.,0.,1.));
#4325 = DIRECTION('',(1.,0.,-0.));
#4326 = ADVANCED_FACE('',(#4327),#4353,.T.);
#4327 = FACE_BOUND('',#4328,.T.);
#4328 = EDGE_LOOP('',(#4329,#4337,#4346,#4352));
#4329 = ORIENTED_EDGE('',*,*,#4330,.T.);
#4330 = EDGE_CURVE('',#4203,#4331,#4333,.T.);
#4331 = VERTEX_POINT('',#4332);
#4332 = CARTESIAN_POINT('',(7.45,-1.933907960581,7.05));
#4333 = LINE('',#4334,#4335);
#4334 = CARTESIAN_POINT('',(7.45,-1.933907960581,7.05));
#4335 = VECTOR('',#4336,1.);
#4336 = DIRECTION('',(0.,0.,-1.));
#4337 = ORIENTED_EDGE('',*,*,#4338,.F.);
#4338 = EDGE_CURVE('',#4339,#4331,#4341,.T.);
#4339 = VERTEX_POINT('',#4340);
#4340 = CARTESIAN_POINT('',(9.133907960581,-0.25,7.05));
#4341 = CIRCLE('',#4342,1.95);
#4342 = AXIS2_PLACEMENT_3D('',#4343,#4344,#4345);
#4343 = CARTESIAN_POINT('',(7.2,0.,7.05));
#4344 = DIRECTION('',(0.,0.,-1.));
#4345 = DIRECTION('',(1.,0.,0.));
#4346 = ORIENTED_EDGE('',*,*,#4347,.T.);
#4347 = EDGE_CURVE('',#4339,#4188,#4348,.T.);
#4348 = LINE('',#4349,#4350);
#4349 = CARTESIAN_POINT('',(9.133907960581,-0.25,7.05));
#4350 = VECTOR('',#4351,1.);
#4351 = DIRECTION('',(0.,0.,1.));
#4352 = ORIENTED_EDGE('',*,*,#4202,.F.);
#4353 = CYLINDRICAL_SURFACE('',#4354,1.95);
#4354 = AXIS2_PLACEMENT_3D('',#4355,#4356,#4357);
#4355 = CARTESIAN_POINT('',(7.2,0.,7.05));
#4356 = DIRECTION('',(0.,0.,1.));
#4357 = DIRECTION('',(1.,0.,-0.));
#4358 = ADVANCED_FACE('',(#4359),#4385,.T.);
#4359 = FACE_BOUND('',#4360,.T.);
#4360 = EDGE_LOOP('',(#4361,#4369,#4378,#4384));
#4361 = ORIENTED_EDGE('',*,*,#4362,.T.);
#4362 = EDGE_CURVE('',#4264,#4363,#4365,.T.);
#4363 = VERTEX_POINT('',#4364);
#4364 = CARTESIAN_POINT('',(9.133907960581,0.25,7.05));
#4365 = LINE('',#4366,#4367);
#4366 = CARTESIAN_POINT('',(9.133907960581,0.25,7.05));
#4367 = VECTOR('',#4368,1.);
#4368 = DIRECTION('',(0.,0.,-1.));
#4369 = ORIENTED_EDGE('',*,*,#4370,.F.);
#4370 = EDGE_CURVE('',#4371,#4363,#4373,.T.);
#4371 = VERTEX_POINT('',#4372);
#4372 = CARTESIAN_POINT('',(7.45,1.933907960581,7.05));
#4373 = CIRCLE('',#4374,1.95);
#4374 = AXIS2_PLACEMENT_3D('',#4375,#4376,#4377);
#4375 = CARTESIAN_POINT('',(7.2,0.,7.05));
#4376 = DIRECTION('',(0.,0.,-1.));
#4377 = DIRECTION('',(1.,0.,0.));
#4378 = ORIENTED_EDGE('',*,*,#4379,.T.);
#4379 = EDGE_CURVE('',#4371,#4249,#4380,.T.);
#4380 = LINE('',#4381,#4382);
#4381 = CARTESIAN_POINT('',(7.45,1.933907960581,7.05));
#4382 = VECTOR('',#4383,1.);
#4383 = DIRECTION('',(0.,0.,1.));
#4384 = ORIENTED_EDGE('',*,*,#4263,.F.);
#4385 = CYLINDRICAL_SURFACE('',#4386,1.95);
#4386 = AXIS2_PLACEMENT_3D('',#4387,#4388,#4389);
#4387 = CARTESIAN_POINT('',(7.2,0.,7.05));
#4388 = DIRECTION('',(0.,0.,1.));
#4389 = DIRECTION('',(1.,0.,-0.));
#4390 = ADVANCED_FACE('',(#4391,#4411),#4470,.T.);
#4391 = FACE_BOUND('',#4392,.T.);
#4392 = EDGE_LOOP('',(#4393,#4404));
#4393 = ORIENTED_EDGE('',*,*,#4394,.T.);
#4394 = EDGE_CURVE('',#4395,#4397,#4399,.T.);
#4395 = VERTEX_POINT('',#4396);
#4396 = CARTESIAN_POINT('',(5.05,-2.632990618167E-16,7.05));
#4397 = VERTEX_POINT('',#4398);
#4398 = CARTESIAN_POINT('',(9.35,-2.632990618167E-16,7.05));
#4399 = CIRCLE('',#4400,2.15);
#4400 = AXIS2_PLACEMENT_3D('',#4401,#4402,#4403);
#4401 = CARTESIAN_POINT('',(7.2,0.,7.05));
#4402 = DIRECTION('',(0.,0.,1.));
#4403 = DIRECTION('',(1.,0.,-0.));
#4404 = ORIENTED_EDGE('',*,*,#4405,.T.);
#4405 = EDGE_CURVE('',#4397,#4395,#4406,.T.);
#4406 = CIRCLE('',#4407,2.15);
#4407 = AXIS2_PLACEMENT_3D('',#4408,#4409,#4410);
#4408 = CARTESIAN_POINT('',(7.2,0.,7.05));
#4409 = DIRECTION('',(0.,0.,1.));
#4410 = DIRECTION('',(1.,0.,-0.));
#4411 = FACE_BOUND('',#4412,.T.);
#4412 = EDGE_LOOP('',(#4413,#4414,#4420,#4421,#4427,#4428,#4434,#4435,
    #4441,#4442,#4448,#4449,#4455,#4456,#4462,#4463,#4464));
#4413 = ORIENTED_EDGE('',*,*,#3919,.T.);
#4414 = ORIENTED_EDGE('',*,*,#4415,.F.);
#4415 = EDGE_CURVE('',#3946,#3912,#4416,.T.);
#4416 = LINE('',#4417,#4418);
#4417 = CARTESIAN_POINT('',(6.95,2.147196634859,7.05));
#4418 = VECTOR('',#4419,1.);
#4419 = DIRECTION('',(0.,1.,0.));
#4420 = ORIENTED_EDGE('',*,*,#4031,.T.);
#4421 = ORIENTED_EDGE('',*,*,#4422,.F.);
#4422 = EDGE_CURVE('',#4371,#4032,#4423,.T.);
#4423 = LINE('',#4424,#4425);
#4424 = CARTESIAN_POINT('',(7.45,-2.147196634859,7.05));
#4425 = VECTOR('',#4426,1.);
#4426 = DIRECTION('',(0.,-1.,0.));
#4427 = ORIENTED_EDGE('',*,*,#4370,.T.);
#4428 = ORIENTED_EDGE('',*,*,#4429,.F.);
#4429 = EDGE_CURVE('',#4041,#4363,#4430,.T.);
#4430 = LINE('',#4431,#4432);
#4431 = CARTESIAN_POINT('',(4.900000212342,0.25,7.05));
#4432 = VECTOR('',#4433,1.);
#4433 = DIRECTION('',(1.,0.,0.));
#4434 = ORIENTED_EDGE('',*,*,#4049,.T.);
#4435 = ORIENTED_EDGE('',*,*,#4436,.F.);
#4436 = EDGE_CURVE('',#4339,#3977,#4437,.T.);
#4437 = LINE('',#4438,#4439);
#4438 = CARTESIAN_POINT('',(9.499999787658,-0.25,7.05));
#4439 = VECTOR('',#4440,1.);
#4440 = DIRECTION('',(-1.,0.,0.));
#4441 = ORIENTED_EDGE('',*,*,#4338,.T.);
#4442 = ORIENTED_EDGE('',*,*,#4443,.F.);
#4443 = EDGE_CURVE('',#3979,#4331,#4444,.T.);
#4444 = LINE('',#4445,#4446);
#4445 = CARTESIAN_POINT('',(7.45,-2.147196634859,7.05));
#4446 = VECTOR('',#4447,1.);
#4447 = DIRECTION('',(0.,-1.,0.));
#4448 = ORIENTED_EDGE('',*,*,#3987,.T.);
#4449 = ORIENTED_EDGE('',*,*,#4450,.F.);
#4450 = EDGE_CURVE('',#4307,#3988,#4451,.T.);
#4451 = LINE('',#4452,#4453);
#4452 = CARTESIAN_POINT('',(6.95,2.147196634859,7.05));
#4453 = VECTOR('',#4454,1.);
#4454 = DIRECTION('',(0.,1.,0.));
#4455 = ORIENTED_EDGE('',*,*,#4306,.T.);
#4456 = ORIENTED_EDGE('',*,*,#4457,.F.);
#4457 = EDGE_CURVE('',#3997,#4299,#4458,.T.);
#4458 = LINE('',#4459,#4460);
#4459 = CARTESIAN_POINT('',(9.499999787658,-0.25,7.05));
#4460 = VECTOR('',#4461,1.);
#4461 = DIRECTION('',(-1.,0.,0.));
#4462 = ORIENTED_EDGE('',*,*,#4005,.T.);
#4463 = ORIENTED_EDGE('',*,*,#4023,.T.);
#4464 = ORIENTED_EDGE('',*,*,#4465,.F.);
#4465 = EDGE_CURVE('',#3893,#3954,#4466,.T.);
#4466 = LINE('',#4467,#4468);
#4467 = CARTESIAN_POINT('',(4.900000212342,0.25,7.05));
#4468 = VECTOR('',#4469,1.);
#4469 = DIRECTION('',(1.,0.,0.));
#4470 = PLANE('',#4471);
#4471 = AXIS2_PLACEMENT_3D('',#4472,#4473,#4474);
#4472 = CARTESIAN_POINT('',(7.2,0.,7.05));
#4473 = DIRECTION('',(0.,0.,1.));
#4474 = DIRECTION('',(1.,0.,-0.));
#4475 = ADVANCED_FACE('',(#4476),#4492,.T.);
#4476 = FACE_BOUND('',#4477,.T.);
#4477 = EDGE_LOOP('',(#4478,#4484,#4485,#4491));
#4478 = ORIENTED_EDGE('',*,*,#4479,.T.);
#4479 = EDGE_CURVE('',#4081,#3935,#4480,.T.);
#4480 = LINE('',#4481,#4482);
#4481 = CARTESIAN_POINT('',(6.050000106171,0.25,14.6));
#4482 = VECTOR('',#4483,1.);
#4483 = DIRECTION('',(1.,0.,0.));
#4484 = ORIENTED_EDGE('',*,*,#3934,.T.);
#4485 = ORIENTED_EDGE('',*,*,#4486,.T.);
#4486 = EDGE_CURVE('',#3937,#4066,#4487,.T.);
#4487 = LINE('',#4488,#4489);
#4488 = CARTESIAN_POINT('',(6.95,0.125,14.6));
#4489 = VECTOR('',#4490,1.);
#4490 = DIRECTION('',(0.,1.,0.));
#4491 = ORIENTED_EDGE('',*,*,#4080,.F.);
#4492 = PLANE('',#4493);
#4493 = AXIS2_PLACEMENT_3D('',#4494,#4495,#4496);
#4494 = CARTESIAN_POINT('',(7.2,0.,14.6));
#4495 = DIRECTION('',(0.,0.,1.));
#4496 = DIRECTION('',(1.,0.,-0.));
#4497 = ADVANCED_FACE('',(#4498),#4524,.T.);
#4498 = FACE_BOUND('',#4499,.T.);
#4499 = EDGE_LOOP('',(#4500,#4508,#4509,#4517));
#4500 = ORIENTED_EDGE('',*,*,#4501,.T.);
#4501 = EDGE_CURVE('',#4502,#4118,#4504,.T.);
#4502 = VERTEX_POINT('',#4503);
#4503 = CARTESIAN_POINT('',(6.492893218813,-0.25,14.6));
#4504 = LINE('',#4505,#4506);
#4505 = CARTESIAN_POINT('',(7.075,-0.25,14.6));
#4506 = VECTOR('',#4507,1.);
#4507 = DIRECTION('',(-1.,0.,0.));
#4508 = ORIENTED_EDGE('',*,*,#4115,.F.);
#4509 = ORIENTED_EDGE('',*,*,#4510,.T.);
#4510 = EDGE_CURVE('',#4116,#4511,#4513,.T.);
#4511 = VERTEX_POINT('',#4512);
#4512 = CARTESIAN_POINT('',(6.95,-0.707106781187,14.6));
#4513 = LINE('',#4514,#4515);
#4514 = CARTESIAN_POINT('',(6.95,-1.073598317429,14.6));
#4515 = VECTOR('',#4516,1.);
#4516 = DIRECTION('',(0.,1.,0.));
#4517 = ORIENTED_EDGE('',*,*,#4518,.T.);
#4518 = EDGE_CURVE('',#4511,#4502,#4519,.T.);
#4519 = CIRCLE('',#4520,0.75);
#4520 = AXIS2_PLACEMENT_3D('',#4521,#4522,#4523);
#4521 = CARTESIAN_POINT('',(7.2,0.,14.6));
#4522 = DIRECTION('',(0.,0.,-1.));
#4523 = DIRECTION('',(1.,0.,0.));
#4524 = PLANE('',#4525);
#4525 = AXIS2_PLACEMENT_3D('',#4526,#4527,#4528);
#4526 = CARTESIAN_POINT('',(7.2,0.,14.6));
#4527 = DIRECTION('',(0.,0.,1.));
#4528 = DIRECTION('',(1.,0.,-0.));
#4529 = ADVANCED_FACE('',(#4530),#4556,.T.);
#4530 = FACE_BOUND('',#4531,.T.);
#4531 = EDGE_LOOP('',(#4532,#4540,#4541,#4549));
#4532 = ORIENTED_EDGE('',*,*,#4533,.T.);
#4533 = EDGE_CURVE('',#4534,#4179,#4536,.T.);
#4534 = VERTEX_POINT('',#4535);
#4535 = CARTESIAN_POINT('',(7.45,-0.707106781187,14.6));
#4536 = LINE('',#4537,#4538);
#4537 = CARTESIAN_POINT('',(7.45,-0.125,14.6));
#4538 = VECTOR('',#4539,1.);
#4539 = DIRECTION('',(0.,-1.,0.));
#4540 = ORIENTED_EDGE('',*,*,#4176,.F.);
#4541 = ORIENTED_EDGE('',*,*,#4542,.T.);
#4542 = EDGE_CURVE('',#4177,#4543,#4545,.T.);
#4543 = VERTEX_POINT('',#4544);
#4544 = CARTESIAN_POINT('',(7.907106781187,-0.25,14.6));
#4545 = LINE('',#4546,#4547);
#4546 = CARTESIAN_POINT('',(8.349999893829,-0.25,14.6));
#4547 = VECTOR('',#4548,1.);
#4548 = DIRECTION('',(-1.,0.,0.));
#4549 = ORIENTED_EDGE('',*,*,#4550,.T.);
#4550 = EDGE_CURVE('',#4543,#4534,#4551,.T.);
#4551 = CIRCLE('',#4552,0.75);
#4552 = AXIS2_PLACEMENT_3D('',#4553,#4554,#4555);
#4553 = CARTESIAN_POINT('',(7.2,0.,14.6));
#4554 = DIRECTION('',(0.,0.,-1.));
#4555 = DIRECTION('',(1.,0.,0.));
#4556 = PLANE('',#4557);
#4557 = AXIS2_PLACEMENT_3D('',#4558,#4559,#4560);
#4558 = CARTESIAN_POINT('',(7.2,0.,14.6));
#4559 = DIRECTION('',(0.,0.,1.));
#4560 = DIRECTION('',(1.,0.,-0.));
#4561 = ADVANCED_FACE('',(#4562),#4588,.T.);
#4562 = FACE_BOUND('',#4563,.T.);
#4563 = EDGE_LOOP('',(#4564,#4572,#4573,#4581));
#4564 = ORIENTED_EDGE('',*,*,#4565,.T.);
#4565 = EDGE_CURVE('',#4566,#4240,#4568,.T.);
#4566 = VERTEX_POINT('',#4567);
#4567 = CARTESIAN_POINT('',(7.907106781187,0.25,14.6));
#4568 = LINE('',#4569,#4570);
#4569 = CARTESIAN_POINT('',(7.325,0.25,14.6));
#4570 = VECTOR('',#4571,1.);
#4571 = DIRECTION('',(1.,0.,0.));
#4572 = ORIENTED_EDGE('',*,*,#4237,.F.);
#4573 = ORIENTED_EDGE('',*,*,#4574,.T.);
#4574 = EDGE_CURVE('',#4238,#4575,#4577,.T.);
#4575 = VERTEX_POINT('',#4576);
#4576 = CARTESIAN_POINT('',(7.45,0.707106781187,14.6));
#4577 = LINE('',#4578,#4579);
#4578 = CARTESIAN_POINT('',(7.45,1.073598317429,14.6));
#4579 = VECTOR('',#4580,1.);
#4580 = DIRECTION('',(0.,-1.,0.));
#4581 = ORIENTED_EDGE('',*,*,#4582,.T.);
#4582 = EDGE_CURVE('',#4575,#4566,#4583,.T.);
#4583 = CIRCLE('',#4584,0.75);
#4584 = AXIS2_PLACEMENT_3D('',#4585,#4586,#4587);
#4585 = CARTESIAN_POINT('',(7.2,0.,14.6));
#4586 = DIRECTION('',(0.,0.,-1.));
#4587 = DIRECTION('',(1.,0.,0.));
#4588 = PLANE('',#4589);
#4589 = AXIS2_PLACEMENT_3D('',#4590,#4591,#4592);
#4590 = CARTESIAN_POINT('',(7.2,0.,14.6));
#4591 = DIRECTION('',(0.,0.,1.));
#4592 = DIRECTION('',(1.,0.,-0.));
#4593 = ADVANCED_FACE('',(#4594),#4610,.F.);
#4594 = FACE_BOUND('',#4595,.F.);
#4595 = EDGE_LOOP('',(#4596,#4597,#4603,#4604));
#4596 = ORIENTED_EDGE('',*,*,#3996,.F.);
#4597 = ORIENTED_EDGE('',*,*,#4598,.F.);
#4598 = EDGE_CURVE('',#4511,#3988,#4599,.T.);
#4599 = LINE('',#4600,#4601);
#4600 = CARTESIAN_POINT('',(6.95,-0.707106781187,10.825));
#4601 = VECTOR('',#4602,1.);
#4602 = DIRECTION('',(0.,0.,-1.));
#4603 = ORIENTED_EDGE('',*,*,#4518,.T.);
#4604 = ORIENTED_EDGE('',*,*,#4605,.F.);
#4605 = EDGE_CURVE('',#3997,#4502,#4606,.T.);
#4606 = LINE('',#4607,#4608);
#4607 = CARTESIAN_POINT('',(6.492893218813,-0.25,10.825));
#4608 = VECTOR('',#4609,1.);
#4609 = DIRECTION('',(0.,0.,1.));
#4610 = CYLINDRICAL_SURFACE('',#4611,0.75);
#4611 = AXIS2_PLACEMENT_3D('',#4612,#4613,#4614);
#4612 = CARTESIAN_POINT('',(7.2,0.,10.825));
#4613 = DIRECTION('',(0.,0.,-1.));
#4614 = DIRECTION('',(1.,0.,0.));
#4615 = ADVANCED_FACE('',(#4616),#4632,.F.);
#4616 = FACE_BOUND('',#4617,.F.);
#4617 = EDGE_LOOP('',(#4618,#4619,#4625,#4626));
#4618 = ORIENTED_EDGE('',*,*,#3976,.F.);
#4619 = ORIENTED_EDGE('',*,*,#4620,.F.);
#4620 = EDGE_CURVE('',#4543,#3977,#4621,.T.);
#4621 = LINE('',#4622,#4623);
#4622 = CARTESIAN_POINT('',(7.907106781187,-0.25,10.825));
#4623 = VECTOR('',#4624,1.);
#4624 = DIRECTION('',(0.,0.,-1.));
#4625 = ORIENTED_EDGE('',*,*,#4550,.T.);
#4626 = ORIENTED_EDGE('',*,*,#4627,.F.);
#4627 = EDGE_CURVE('',#3979,#4534,#4628,.T.);
#4628 = LINE('',#4629,#4630);
#4629 = CARTESIAN_POINT('',(7.45,-0.707106781187,10.825));
#4630 = VECTOR('',#4631,1.);
#4631 = DIRECTION('',(0.,0.,1.));
#4632 = CYLINDRICAL_SURFACE('',#4633,0.75);
#4633 = AXIS2_PLACEMENT_3D('',#4634,#4635,#4636);
#4634 = CARTESIAN_POINT('',(7.2,0.,10.825));
#4635 = DIRECTION('',(0.,0.,-1.));
#4636 = DIRECTION('',(1.,0.,0.));
#4637 = ADVANCED_FACE('',(#4638),#4654,.F.);
#4638 = FACE_BOUND('',#4639,.F.);
#4639 = EDGE_LOOP('',(#4640,#4641,#4647,#4648));
#4640 = ORIENTED_EDGE('',*,*,#4040,.F.);
#4641 = ORIENTED_EDGE('',*,*,#4642,.F.);
#4642 = EDGE_CURVE('',#4575,#4032,#4643,.T.);
#4643 = LINE('',#4644,#4645);
#4644 = CARTESIAN_POINT('',(7.45,0.707106781187,10.825));
#4645 = VECTOR('',#4646,1.);
#4646 = DIRECTION('',(0.,0.,-1.));
#4647 = ORIENTED_EDGE('',*,*,#4582,.T.);
#4648 = ORIENTED_EDGE('',*,*,#4649,.F.);
#4649 = EDGE_CURVE('',#4041,#4566,#4650,.T.);
#4650 = LINE('',#4651,#4652);
#4651 = CARTESIAN_POINT('',(7.907106781187,0.25,10.825));
#4652 = VECTOR('',#4653,1.);
#4653 = DIRECTION('',(0.,0.,1.));
#4654 = CYLINDRICAL_SURFACE('',#4655,0.75);
#4655 = AXIS2_PLACEMENT_3D('',#4656,#4657,#4658);
#4656 = CARTESIAN_POINT('',(7.2,0.,10.825));
#4657 = DIRECTION('',(0.,0.,-1.));
#4658 = DIRECTION('',(1.,0.,0.));
#4659 = ADVANCED_FACE('',(#4660),#4667,.F.);
#4660 = FACE_BOUND('',#4661,.T.);
#4661 = EDGE_LOOP('',(#4662,#4663,#4664,#4665,#4666));
#4662 = ORIENTED_EDGE('',*,*,#4642,.F.);
#4663 = ORIENTED_EDGE('',*,*,#4574,.F.);
#4664 = ORIENTED_EDGE('',*,*,#4248,.F.);
#4665 = ORIENTED_EDGE('',*,*,#4379,.F.);
#4666 = ORIENTED_EDGE('',*,*,#4422,.T.);
#4667 = PLANE('',#4668);
#4668 = AXIS2_PLACEMENT_3D('',#4669,#4670,#4671);
#4669 = CARTESIAN_POINT('',(7.45,2.147196634859,14.6));
#4670 = DIRECTION('',(1.,0.,0.));
#4671 = DIRECTION('',(0.,-1.,0.));
#4672 = ADVANCED_FACE('',(#4673),#4680,.F.);
#4673 = FACE_BOUND('',#4674,.T.);
#4674 = EDGE_LOOP('',(#4675,#4676,#4677,#4678,#4679));
#4675 = ORIENTED_EDGE('',*,*,#4620,.F.);
#4676 = ORIENTED_EDGE('',*,*,#4542,.F.);
#4677 = ORIENTED_EDGE('',*,*,#4187,.F.);
#4678 = ORIENTED_EDGE('',*,*,#4347,.F.);
#4679 = ORIENTED_EDGE('',*,*,#4436,.T.);
#4680 = PLANE('',#4681);
#4681 = AXIS2_PLACEMENT_3D('',#4682,#4683,#4684);
#4682 = CARTESIAN_POINT('',(9.499999787658,-0.25,14.6));
#4683 = DIRECTION('',(0.,-1.,0.));
#4684 = DIRECTION('',(-1.,0.,0.));
#4685 = ADVANCED_FACE('',(#4686),#4693,.F.);
#4686 = FACE_BOUND('',#4687,.T.);
#4687 = EDGE_LOOP('',(#4688,#4689,#4690,#4691,#4692));
#4688 = ORIENTED_EDGE('',*,*,#4598,.F.);
#4689 = ORIENTED_EDGE('',*,*,#4510,.F.);
#4690 = ORIENTED_EDGE('',*,*,#4126,.F.);
#4691 = ORIENTED_EDGE('',*,*,#4315,.F.);
#4692 = ORIENTED_EDGE('',*,*,#4450,.T.);
#4693 = PLANE('',#4694);
#4694 = AXIS2_PLACEMENT_3D('',#4695,#4696,#4697);
#4695 = CARTESIAN_POINT('',(6.95,-2.147196634859,14.6));
#4696 = DIRECTION('',(-1.,0.,0.));
#4697 = DIRECTION('',(0.,1.,0.));
#4698 = ADVANCED_FACE('',(#4699),#4706,.F.);
#4699 = FACE_BOUND('',#4700,.T.);
#4700 = EDGE_LOOP('',(#4701,#4702,#4703,#4704,#4705));
#4701 = ORIENTED_EDGE('',*,*,#3945,.F.);
#4702 = ORIENTED_EDGE('',*,*,#4415,.T.);
#4703 = ORIENTED_EDGE('',*,*,#3911,.F.);
#4704 = ORIENTED_EDGE('',*,*,#4065,.F.);
#4705 = ORIENTED_EDGE('',*,*,#4486,.F.);
#4706 = PLANE('',#4707);
#4707 = AXIS2_PLACEMENT_3D('',#4708,#4709,#4710);
#4708 = CARTESIAN_POINT('',(6.95,0.25,14.6));
#4709 = DIRECTION('',(-1.,0.,0.));
#4710 = DIRECTION('',(0.,1.,0.));
#4711 = ADVANCED_FACE('',(#4712),#4719,.F.);
#4712 = FACE_BOUND('',#4713,.T.);
#4713 = EDGE_LOOP('',(#4714,#4715,#4716,#4717,#4718));
#4714 = ORIENTED_EDGE('',*,*,#4649,.F.);
#4715 = ORIENTED_EDGE('',*,*,#4429,.T.);
#4716 = ORIENTED_EDGE('',*,*,#4362,.F.);
#4717 = ORIENTED_EDGE('',*,*,#4272,.F.);
#4718 = ORIENTED_EDGE('',*,*,#4565,.F.);
#4719 = PLANE('',#4720);
#4720 = AXIS2_PLACEMENT_3D('',#4721,#4722,#4723);
#4721 = CARTESIAN_POINT('',(7.45,0.25,14.6));
#4722 = DIRECTION('',(0.,1.,0.));
#4723 = DIRECTION('',(1.,0.,0.));
#4724 = ADVANCED_FACE('',(#4725),#4732,.F.);
#4725 = FACE_BOUND('',#4726,.T.);
#4726 = EDGE_LOOP('',(#4727,#4728,#4729,#4730,#4731));
#4727 = ORIENTED_EDGE('',*,*,#4627,.F.);
#4728 = ORIENTED_EDGE('',*,*,#4443,.T.);
#4729 = ORIENTED_EDGE('',*,*,#4330,.F.);
#4730 = ORIENTED_EDGE('',*,*,#4211,.F.);
#4731 = ORIENTED_EDGE('',*,*,#4533,.F.);
#4732 = PLANE('',#4733);
#4733 = AXIS2_PLACEMENT_3D('',#4734,#4735,#4736);
#4734 = CARTESIAN_POINT('',(7.45,-0.25,14.6));
#4735 = DIRECTION('',(1.,0.,0.));
#4736 = DIRECTION('',(0.,-1.,0.));
#4737 = ADVANCED_FACE('',(#4738),#4745,.F.);
#4738 = FACE_BOUND('',#4739,.T.);
#4739 = EDGE_LOOP('',(#4740,#4741,#4742,#4743,#4744));
#4740 = ORIENTED_EDGE('',*,*,#4605,.F.);
#4741 = ORIENTED_EDGE('',*,*,#4457,.T.);
#4742 = ORIENTED_EDGE('',*,*,#4298,.F.);
#4743 = ORIENTED_EDGE('',*,*,#4150,.F.);
#4744 = ORIENTED_EDGE('',*,*,#4501,.F.);
#4745 = PLANE('',#4746);
#4746 = AXIS2_PLACEMENT_3D('',#4747,#4748,#4749);
#4747 = CARTESIAN_POINT('',(6.95,-0.25,14.6));
#4748 = DIRECTION('',(0.,-1.,0.));
#4749 = DIRECTION('',(-1.,0.,0.));
#4750 = ADVANCED_FACE('',(#4751),#4758,.F.);
#4751 = FACE_BOUND('',#4752,.T.);
#4752 = EDGE_LOOP('',(#4753,#4754,#4755,#4756,#4757));
#4753 = ORIENTED_EDGE('',*,*,#3892,.F.);
#4754 = ORIENTED_EDGE('',*,*,#4465,.T.);
#4755 = ORIENTED_EDGE('',*,*,#3962,.F.);
#4756 = ORIENTED_EDGE('',*,*,#4479,.F.);
#4757 = ORIENTED_EDGE('',*,*,#4089,.F.);
#4758 = PLANE('',#4759);
#4759 = AXIS2_PLACEMENT_3D('',#4760,#4761,#4762);
#4760 = CARTESIAN_POINT('',(4.900000212342,0.25,14.6));
#4761 = DIRECTION('',(0.,1.,0.));
#4762 = DIRECTION('',(1.,0.,0.));
#4763 = ADVANCED_FACE('',(#4764),#4800,.T.);
#4764 = FACE_BOUND('',#4765,.T.);
#4765 = EDGE_LOOP('',(#4766,#4776,#4785,#4793));
#4766 = ORIENTED_EDGE('',*,*,#4767,.T.);
#4767 = EDGE_CURVE('',#4768,#4770,#4772,.T.);
#4768 = VERTEX_POINT('',#4769);
#4769 = CARTESIAN_POINT('',(7.2,2.15,-4.5));
#4770 = VERTEX_POINT('',#4771);
#4771 = CARTESIAN_POINT('',(7.2,1.5,-4.5));
#4772 = LINE('',#4773,#4774);
#4773 = CARTESIAN_POINT('',(7.2,-1.075,-4.5));
#4774 = VECTOR('',#4775,1.);
#4775 = DIRECTION('',(0.,-1.,0.));
#4776 = ORIENTED_EDGE('',*,*,#4777,.T.);
#4777 = EDGE_CURVE('',#4770,#4778,#4780,.T.);
#4778 = VERTEX_POINT('',#4779);
#4779 = CARTESIAN_POINT('',(7.2,-1.5,-4.5));
#4780 = CIRCLE('',#4781,1.5);
#4781 = AXIS2_PLACEMENT_3D('',#4782,#4783,#4784);
#4782 = CARTESIAN_POINT('',(7.2,0.,-4.5));
#4783 = DIRECTION('',(0.,0.,1.));
#4784 = DIRECTION('',(-1.,0.,0.));
#4785 = ORIENTED_EDGE('',*,*,#4786,.T.);
#4786 = EDGE_CURVE('',#4778,#4787,#4789,.T.);
#4787 = VERTEX_POINT('',#4788);
#4788 = CARTESIAN_POINT('',(7.2,-2.15,-4.5));
#4789 = LINE('',#4790,#4791);
#4790 = CARTESIAN_POINT('',(7.2,-1.075,-4.5));
#4791 = VECTOR('',#4792,1.);
#4792 = DIRECTION('',(0.,-1.,0.));
#4793 = ORIENTED_EDGE('',*,*,#4794,.T.);
#4794 = EDGE_CURVE('',#4787,#4768,#4795,.T.);
#4795 = CIRCLE('',#4796,2.15);
#4796 = AXIS2_PLACEMENT_3D('',#4797,#4798,#4799);
#4797 = CARTESIAN_POINT('',(7.2,0.,-4.5));
#4798 = DIRECTION('',(0.,0.,-1.));
#4799 = DIRECTION('',(-1.,0.,0.));
#4800 = PLANE('',#4801);
#4801 = AXIS2_PLACEMENT_3D('',#4802,#4803,#4804);
#4802 = CARTESIAN_POINT('',(7.2,0.,-4.5));
#4803 = DIRECTION('',(0.,0.,-1.));
#4804 = DIRECTION('',(-1.,0.,0.));
#4805 = ADVANCED_FACE('',(#4806),#4850,.T.);
#4806 = FACE_BOUND('',#4807,.T.);
#4807 = EDGE_LOOP('',(#4808,#4816,#4817,#4825,#4834,#4840,#4841,#4842,
    #4843));
#4808 = ORIENTED_EDGE('',*,*,#4809,.T.);
#4809 = EDGE_CURVE('',#4810,#4768,#4812,.T.);
#4810 = VERTEX_POINT('',#4811);
#4811 = CARTESIAN_POINT('',(7.2,2.15,-1.5));
#4812 = LINE('',#4813,#4814);
#4813 = CARTESIAN_POINT('',(7.2,2.15,3.));
#4814 = VECTOR('',#4815,1.);
#4815 = DIRECTION('',(0.,0.,-1.));
#4816 = ORIENTED_EDGE('',*,*,#4794,.F.);
#4817 = ORIENTED_EDGE('',*,*,#4818,.T.);
#4818 = EDGE_CURVE('',#4787,#4819,#4821,.T.);
#4819 = VERTEX_POINT('',#4820);
#4820 = CARTESIAN_POINT('',(7.2,-2.15,-1.5));
#4821 = LINE('',#4822,#4823);
#4822 = CARTESIAN_POINT('',(7.2,-2.15,3.));
#4823 = VECTOR('',#4824,1.);
#4824 = DIRECTION('',(0.,0.,1.));
#4825 = ORIENTED_EDGE('',*,*,#4826,.T.);
#4826 = EDGE_CURVE('',#4819,#4827,#4829,.T.);
#4827 = VERTEX_POINT('',#4828);
#4828 = CARTESIAN_POINT('',(9.35,-2.632990618167E-16,-1.5));
#4829 = CIRCLE('',#4830,2.15);
#4830 = AXIS2_PLACEMENT_3D('',#4831,#4832,#4833);
#4831 = CARTESIAN_POINT('',(7.2,0.,-1.5));
#4832 = DIRECTION('',(0.,0.,1.));
#4833 = DIRECTION('',(-1.,0.,0.));
#4834 = ORIENTED_EDGE('',*,*,#4835,.T.);
#4835 = EDGE_CURVE('',#4827,#4397,#4836,.T.);
#4836 = LINE('',#4837,#4838);
#4837 = CARTESIAN_POINT('',(9.35,-2.632990618167E-16,3.));
#4838 = VECTOR('',#4839,1.);
#4839 = DIRECTION('',(0.,0.,1.));
#4840 = ORIENTED_EDGE('',*,*,#4394,.F.);
#4841 = ORIENTED_EDGE('',*,*,#4405,.F.);
#4842 = ORIENTED_EDGE('',*,*,#4835,.F.);
#4843 = ORIENTED_EDGE('',*,*,#4844,.T.);
#4844 = EDGE_CURVE('',#4827,#4810,#4845,.T.);
#4845 = CIRCLE('',#4846,2.15);
#4846 = AXIS2_PLACEMENT_3D('',#4847,#4848,#4849);
#4847 = CARTESIAN_POINT('',(7.2,0.,-1.5));
#4848 = DIRECTION('',(0.,0.,1.));
#4849 = DIRECTION('',(-1.,0.,0.));
#4850 = CYLINDRICAL_SURFACE('',#4851,2.15);
#4851 = AXIS2_PLACEMENT_3D('',#4852,#4853,#4854);
#4852 = CARTESIAN_POINT('',(7.2,0.,3.));
#4853 = DIRECTION('',(0.,0.,-1.));
#4854 = DIRECTION('',(-1.,0.,0.));
#4855 = ADVANCED_FACE('',(#4856),#4885,.F.);
#4856 = FACE_BOUND('',#4857,.F.);
#4857 = EDGE_LOOP('',(#4858,#4868,#4869,#4878));
#4858 = ORIENTED_EDGE('',*,*,#4859,.T.);
#4859 = EDGE_CURVE('',#4860,#4862,#4864,.T.);
#4860 = VERTEX_POINT('',#4861);
#4861 = CARTESIAN_POINT('',(8.7,1.836970198721E-16,1.5));
#4862 = VERTEX_POINT('',#4863);
#4863 = CARTESIAN_POINT('',(7.2,0.,2.401290928541));
#4864 = LINE('',#4865,#4866);
#4865 = CARTESIAN_POINT('',(7.95,9.184850993605E-17,1.950645464271));
#4866 = VECTOR('',#4867,1.);
#4867 = DIRECTION('',(-0.857167300702,-1.049727191139E-16,0.51503807491)
  );
#4868 = ORIENTED_EDGE('',*,*,#4859,.F.);
#4869 = ORIENTED_EDGE('',*,*,#4870,.T.);
#4870 = EDGE_CURVE('',#4860,#4871,#4873,.T.);
#4871 = VERTEX_POINT('',#4872);
#4872 = CARTESIAN_POINT('',(5.7,0.,1.5));
#4873 = CIRCLE('',#4874,1.5);
#4874 = AXIS2_PLACEMENT_3D('',#4875,#4876,#4877);
#4875 = CARTESIAN_POINT('',(7.2,0.,1.5));
#4876 = DIRECTION('',(0.,0.,1.));
#4877 = DIRECTION('',(-1.,0.,0.));
#4878 = ORIENTED_EDGE('',*,*,#4879,.T.);
#4879 = EDGE_CURVE('',#4871,#4860,#4880,.T.);
#4880 = CIRCLE('',#4881,1.5);
#4881 = AXIS2_PLACEMENT_3D('',#4882,#4883,#4884);
#4882 = CARTESIAN_POINT('',(7.2,0.,1.5));
#4883 = DIRECTION('',(0.,0.,1.));
#4884 = DIRECTION('',(-1.,0.,0.));
#4885 = CONICAL_SURFACE('',#4886,0.75,1.029744258677);
#4886 = AXIS2_PLACEMENT_3D('',#4887,#4888,#4889);
#4887 = CARTESIAN_POINT('',(7.2,0.,1.950645464271));
#4888 = DIRECTION('',(0.,0.,-1.));
#4889 = DIRECTION('',(-1.,0.,0.));
#4890 = ADVANCED_FACE('',(#4891),#4935,.F.);
#4891 = FACE_BOUND('',#4892,.F.);
#4892 = EDGE_LOOP('',(#4893,#4894,#4902,#4911,#4917,#4918,#4919,#4920,
    #4929));
#4893 = ORIENTED_EDGE('',*,*,#4777,.T.);
#4894 = ORIENTED_EDGE('',*,*,#4895,.F.);
#4895 = EDGE_CURVE('',#4896,#4778,#4898,.T.);
#4896 = VERTEX_POINT('',#4897);
#4897 = CARTESIAN_POINT('',(7.2,-1.5,-1.5));
#4898 = LINE('',#4899,#4900);
#4899 = CARTESIAN_POINT('',(7.2,-1.5,-1.5));
#4900 = VECTOR('',#4901,1.);
#4901 = DIRECTION('',(0.,0.,-1.));
#4902 = ORIENTED_EDGE('',*,*,#4903,.F.);
#4903 = EDGE_CURVE('',#4904,#4896,#4906,.T.);
#4904 = VERTEX_POINT('',#4905);
#4905 = CARTESIAN_POINT('',(8.7,1.836970198721E-16,-1.5));
#4906 = CIRCLE('',#4907,1.5);
#4907 = AXIS2_PLACEMENT_3D('',#4908,#4909,#4910);
#4908 = CARTESIAN_POINT('',(7.2,0.,-1.5));
#4909 = DIRECTION('',(0.,0.,-1.));
#4910 = DIRECTION('',(-1.,0.,0.));
#4911 = ORIENTED_EDGE('',*,*,#4912,.T.);
#4912 = EDGE_CURVE('',#4904,#4860,#4913,.T.);
#4913 = LINE('',#4914,#4915);
#4914 = CARTESIAN_POINT('',(8.7,1.836970198721E-16,-1.5));
#4915 = VECTOR('',#4916,1.);
#4916 = DIRECTION('',(0.,0.,1.));
#4917 = ORIENTED_EDGE('',*,*,#4879,.F.);
#4918 = ORIENTED_EDGE('',*,*,#4870,.F.);
#4919 = ORIENTED_EDGE('',*,*,#4912,.F.);
#4920 = ORIENTED_EDGE('',*,*,#4921,.F.);
#4921 = EDGE_CURVE('',#4922,#4904,#4924,.T.);
#4922 = VERTEX_POINT('',#4923);
#4923 = CARTESIAN_POINT('',(7.2,1.5,-1.5));
#4924 = CIRCLE('',#4925,1.5);
#4925 = AXIS2_PLACEMENT_3D('',#4926,#4927,#4928);
#4926 = CARTESIAN_POINT('',(7.2,0.,-1.5));
#4927 = DIRECTION('',(0.,0.,-1.));
#4928 = DIRECTION('',(-1.,0.,0.));
#4929 = ORIENTED_EDGE('',*,*,#4930,.F.);
#4930 = EDGE_CURVE('',#4770,#4922,#4931,.T.);
#4931 = LINE('',#4932,#4933);
#4932 = CARTESIAN_POINT('',(7.2,1.5,-1.5));
#4933 = VECTOR('',#4934,1.);
#4934 = DIRECTION('',(0.,0.,1.));
#4935 = CYLINDRICAL_SURFACE('',#4936,1.5);
#4936 = AXIS2_PLACEMENT_3D('',#4937,#4938,#4939);
#4937 = CARTESIAN_POINT('',(7.2,0.,-1.5));
#4938 = DIRECTION('',(0.,0.,1.));
#4939 = DIRECTION('',(-1.,0.,0.));
#4940 = ADVANCED_FACE('',(#4941),#4952,.F.);
#4941 = FACE_BOUND('',#4942,.T.);
#4942 = EDGE_LOOP('',(#4943,#4944,#4945,#4946));
#4943 = ORIENTED_EDGE('',*,*,#4930,.F.);
#4944 = ORIENTED_EDGE('',*,*,#4767,.F.);
#4945 = ORIENTED_EDGE('',*,*,#4809,.F.);
#4946 = ORIENTED_EDGE('',*,*,#4947,.F.);
#4947 = EDGE_CURVE('',#4922,#4810,#4948,.T.);
#4948 = LINE('',#4949,#4950);
#4949 = CARTESIAN_POINT('',(7.2,-2.15,-1.5));
#4950 = VECTOR('',#4951,1.);
#4951 = DIRECTION('',(0.,1.,0.));
#4952 = PLANE('',#4953);
#4953 = AXIS2_PLACEMENT_3D('',#4954,#4955,#4956);
#4954 = CARTESIAN_POINT('',(7.2,-2.15,-4.5));
#4955 = DIRECTION('',(-1.,0.,0.));
#4956 = DIRECTION('',(0.,0.,1.));
#4957 = ADVANCED_FACE('',(#4958),#4971,.F.);
#4958 = FACE_BOUND('',#4959,.T.);
#4959 = EDGE_LOOP('',(#4960,#4961,#4962,#4963,#4964,#4970));
#4960 = ORIENTED_EDGE('',*,*,#4921,.F.);
#4961 = ORIENTED_EDGE('',*,*,#4947,.T.);
#4962 = ORIENTED_EDGE('',*,*,#4844,.F.);
#4963 = ORIENTED_EDGE('',*,*,#4826,.F.);
#4964 = ORIENTED_EDGE('',*,*,#4965,.T.);
#4965 = EDGE_CURVE('',#4819,#4896,#4966,.T.);
#4966 = LINE('',#4967,#4968);
#4967 = CARTESIAN_POINT('',(7.2,-2.15,-1.5));
#4968 = VECTOR('',#4969,1.);
#4969 = DIRECTION('',(0.,1.,0.));
#4970 = ORIENTED_EDGE('',*,*,#4903,.F.);
#4971 = PLANE('',#4972);
#4972 = AXIS2_PLACEMENT_3D('',#4973,#4974,#4975);
#4973 = CARTESIAN_POINT('',(7.2,-2.15,-1.5));
#4974 = DIRECTION('',(0.,0.,1.));
#4975 = DIRECTION('',(1.,0.,-0.));
#4976 = ADVANCED_FACE('',(#4977),#4983,.F.);
#4977 = FACE_BOUND('',#4978,.T.);
#4978 = EDGE_LOOP('',(#4979,#4980,#4981,#4982));
#4979 = ORIENTED_EDGE('',*,*,#4895,.F.);
#4980 = ORIENTED_EDGE('',*,*,#4965,.F.);
#4981 = ORIENTED_EDGE('',*,*,#4818,.F.);
#4982 = ORIENTED_EDGE('',*,*,#4786,.F.);
#4983 = PLANE('',#4984);
#4984 = AXIS2_PLACEMENT_3D('',#4985,#4986,#4987);
#4985 = CARTESIAN_POINT('',(7.2,-2.15,-4.5));
#4986 = DIRECTION('',(-1.,0.,0.));
#4987 = DIRECTION('',(0.,0.,1.));
#4988 = MANIFOLD_SOLID_BREP('',#4989);
#4989 = CLOSED_SHELL('',(#4990,#5163,#5205,#5237,#5265,#5309,#5350,#5411
    ,#5472,#5533,#5555,#5577,#5599,#5631,#5663,#5695,#5717,#5739,#5761,
    #5774,#5787,#5800,#5813,#5826,#5839,#5852,#5865,#5941,#5960,#6020,
    #6044,#6066,#6078));
#4990 = ADVANCED_FACE('',(#4991,#5011),#5158,.T.);
#4991 = FACE_BOUND('',#4992,.T.);
#4992 = EDGE_LOOP('',(#4993,#5004));
#4993 = ORIENTED_EDGE('',*,*,#4994,.T.);
#4994 = EDGE_CURVE('',#4995,#4997,#4999,.T.);
#4995 = VERTEX_POINT('',#4996);
#4996 = CARTESIAN_POINT('',(-2.15,-2.632990618167E-16,7.05));
#4997 = VERTEX_POINT('',#4998);
#4998 = CARTESIAN_POINT('',(2.15,-2.632990618167E-16,7.05));
#4999 = CIRCLE('',#5000,2.15);
#5000 = AXIS2_PLACEMENT_3D('',#5001,#5002,#5003);
#5001 = CARTESIAN_POINT('',(0.,0.,7.05));
#5002 = DIRECTION('',(0.,0.,1.));
#5003 = DIRECTION('',(1.,0.,-0.));
#5004 = ORIENTED_EDGE('',*,*,#5005,.T.);
#5005 = EDGE_CURVE('',#4997,#4995,#5006,.T.);
#5006 = CIRCLE('',#5007,2.15);
#5007 = AXIS2_PLACEMENT_3D('',#5008,#5009,#5010);
#5008 = CARTESIAN_POINT('',(0.,0.,7.05));
#5009 = DIRECTION('',(0.,0.,1.));
#5010 = DIRECTION('',(1.,0.,-0.));
#5011 = FACE_BOUND('',#5012,.T.);
#5012 = EDGE_LOOP('',(#5013,#5024,#5032,#5041,#5049,#5058,#5066,#5075,
    #5083,#5092,#5100,#5109,#5118,#5126,#5135,#5143,#5152));
#5013 = ORIENTED_EDGE('',*,*,#5014,.T.);
#5014 = EDGE_CURVE('',#5015,#5017,#5019,.T.);
#5015 = VERTEX_POINT('',#5016);
#5016 = CARTESIAN_POINT('',(0.25,1.933907960581,7.05));
#5017 = VERTEX_POINT('',#5018);
#5018 = CARTESIAN_POINT('',(1.933907960581,0.25,7.05));
#5019 = CIRCLE('',#5020,1.95);
#5020 = AXIS2_PLACEMENT_3D('',#5021,#5022,#5023);
#5021 = CARTESIAN_POINT('',(0.,0.,7.05));
#5022 = DIRECTION('',(0.,0.,-1.));
#5023 = DIRECTION('',(1.,0.,0.));
#5024 = ORIENTED_EDGE('',*,*,#5025,.F.);
#5025 = EDGE_CURVE('',#5026,#5017,#5028,.T.);
#5026 = VERTEX_POINT('',#5027);
#5027 = CARTESIAN_POINT('',(0.707106781187,0.25,7.05));
#5028 = LINE('',#5029,#5030);
#5029 = CARTESIAN_POINT('',(2.123482971891,0.25,7.05));
#5030 = VECTOR('',#5031,1.);
#5031 = DIRECTION('',(1.,0.,0.));
#5032 = ORIENTED_EDGE('',*,*,#5033,.T.);
#5033 = EDGE_CURVE('',#5026,#5034,#5036,.T.);
#5034 = VERTEX_POINT('',#5035);
#5035 = CARTESIAN_POINT('',(0.707106781187,-0.25,7.05));
#5036 = CIRCLE('',#5037,0.75);
#5037 = AXIS2_PLACEMENT_3D('',#5038,#5039,#5040);
#5038 = CARTESIAN_POINT('',(3.703263240893E-17,0.,7.05));
#5039 = DIRECTION('',(0.,0.,-1.));
#5040 = DIRECTION('',(1.,0.,0.));
#5041 = ORIENTED_EDGE('',*,*,#5042,.F.);
#5042 = EDGE_CURVE('',#5043,#5034,#5045,.T.);
#5043 = VERTEX_POINT('',#5044);
#5044 = CARTESIAN_POINT('',(1.933907960581,-0.25,7.05));
#5045 = LINE('',#5046,#5047);
#5046 = CARTESIAN_POINT('',(-2.123482971891,-0.25,7.05));
#5047 = VECTOR('',#5048,1.);
#5048 = DIRECTION('',(-1.,0.,0.));
#5049 = ORIENTED_EDGE('',*,*,#5050,.T.);
#5050 = EDGE_CURVE('',#5043,#5051,#5053,.T.);
#5051 = VERTEX_POINT('',#5052);
#5052 = CARTESIAN_POINT('',(0.25,-1.933907960581,7.05));
#5053 = CIRCLE('',#5054,1.95);
#5054 = AXIS2_PLACEMENT_3D('',#5055,#5056,#5057);
#5055 = CARTESIAN_POINT('',(0.,0.,7.05));
#5056 = DIRECTION('',(0.,0.,-1.));
#5057 = DIRECTION('',(1.,0.,0.));
#5058 = ORIENTED_EDGE('',*,*,#5059,.F.);
#5059 = EDGE_CURVE('',#5060,#5051,#5062,.T.);
#5060 = VERTEX_POINT('',#5061);
#5061 = CARTESIAN_POINT('',(0.25,-0.707106781187,7.05));
#5062 = LINE('',#5063,#5064);
#5063 = CARTESIAN_POINT('',(0.25,-2.127528048725,7.05));
#5064 = VECTOR('',#5065,1.);
#5065 = DIRECTION('',(0.,-1.,0.));
#5066 = ORIENTED_EDGE('',*,*,#5067,.T.);
#5067 = EDGE_CURVE('',#5060,#5068,#5070,.T.);
#5068 = VERTEX_POINT('',#5069);
#5069 = CARTESIAN_POINT('',(-0.25,-0.707106781187,7.05));
#5070 = CIRCLE('',#5071,0.75);
#5071 = AXIS2_PLACEMENT_3D('',#5072,#5073,#5074);
#5072 = CARTESIAN_POINT('',(3.703263240893E-17,0.,7.05));
#5073 = DIRECTION('',(0.,0.,-1.));
#5074 = DIRECTION('',(1.,0.,0.));
#5075 = ORIENTED_EDGE('',*,*,#5076,.F.);
#5076 = EDGE_CURVE('',#5077,#5068,#5079,.T.);
#5077 = VERTEX_POINT('',#5078);
#5078 = CARTESIAN_POINT('',(-0.25,-1.933907960581,7.05));
#5079 = LINE('',#5080,#5081);
#5080 = CARTESIAN_POINT('',(-0.25,2.127528048725,7.05));
#5081 = VECTOR('',#5082,1.);
#5082 = DIRECTION('',(0.,1.,0.));
#5083 = ORIENTED_EDGE('',*,*,#5084,.T.);
#5084 = EDGE_CURVE('',#5077,#5085,#5087,.T.);
#5085 = VERTEX_POINT('',#5086);
#5086 = CARTESIAN_POINT('',(-1.933907960581,-0.25,7.05));
#5087 = CIRCLE('',#5088,1.95);
#5088 = AXIS2_PLACEMENT_3D('',#5089,#5090,#5091);
#5089 = CARTESIAN_POINT('',(0.,0.,7.05));
#5090 = DIRECTION('',(0.,0.,-1.));
#5091 = DIRECTION('',(1.,0.,0.));
#5092 = ORIENTED_EDGE('',*,*,#5093,.F.);
#5093 = EDGE_CURVE('',#5094,#5085,#5096,.T.);
#5094 = VERTEX_POINT('',#5095);
#5095 = CARTESIAN_POINT('',(-0.707106781187,-0.25,7.05));
#5096 = LINE('',#5097,#5098);
#5097 = CARTESIAN_POINT('',(-2.123482971891,-0.25,7.05));
#5098 = VECTOR('',#5099,1.);
#5099 = DIRECTION('',(-1.,0.,0.));
#5100 = ORIENTED_EDGE('',*,*,#5101,.T.);
#5101 = EDGE_CURVE('',#5094,#5102,#5104,.T.);
#5102 = VERTEX_POINT('',#5103);
#5103 = CARTESIAN_POINT('',(-0.75,9.184850993605E-17,7.05));
#5104 = CIRCLE('',#5105,0.75);
#5105 = AXIS2_PLACEMENT_3D('',#5106,#5107,#5108);
#5106 = CARTESIAN_POINT('',(3.703263240893E-17,0.,7.05));
#5107 = DIRECTION('',(0.,0.,-1.));
#5108 = DIRECTION('',(1.,0.,0.));
#5109 = ORIENTED_EDGE('',*,*,#5110,.T.);
#5110 = EDGE_CURVE('',#5102,#5111,#5113,.T.);
#5111 = VERTEX_POINT('',#5112);
#5112 = CARTESIAN_POINT('',(-0.707106781187,0.25,7.05));
#5113 = CIRCLE('',#5114,0.75);
#5114 = AXIS2_PLACEMENT_3D('',#5115,#5116,#5117);
#5115 = CARTESIAN_POINT('',(3.703263240893E-17,0.,7.05));
#5116 = DIRECTION('',(0.,0.,-1.));
#5117 = DIRECTION('',(1.,0.,0.));
#5118 = ORIENTED_EDGE('',*,*,#5119,.F.);
#5119 = EDGE_CURVE('',#5120,#5111,#5122,.T.);
#5120 = VERTEX_POINT('',#5121);
#5121 = CARTESIAN_POINT('',(-1.933907960581,0.25,7.05));
#5122 = LINE('',#5123,#5124);
#5123 = CARTESIAN_POINT('',(2.123482971891,0.25,7.05));
#5124 = VECTOR('',#5125,1.);
#5125 = DIRECTION('',(1.,0.,0.));
#5126 = ORIENTED_EDGE('',*,*,#5127,.T.);
#5127 = EDGE_CURVE('',#5120,#5128,#5130,.T.);
#5128 = VERTEX_POINT('',#5129);
#5129 = CARTESIAN_POINT('',(-0.25,1.933907960581,7.05));
#5130 = CIRCLE('',#5131,1.95);
#5131 = AXIS2_PLACEMENT_3D('',#5132,#5133,#5134);
#5132 = CARTESIAN_POINT('',(0.,0.,7.05));
#5133 = DIRECTION('',(0.,0.,-1.));
#5134 = DIRECTION('',(1.,0.,0.));
#5135 = ORIENTED_EDGE('',*,*,#5136,.F.);
#5136 = EDGE_CURVE('',#5137,#5128,#5139,.T.);
#5137 = VERTEX_POINT('',#5138);
#5138 = CARTESIAN_POINT('',(-0.25,0.707106781187,7.05));
#5139 = LINE('',#5140,#5141);
#5140 = CARTESIAN_POINT('',(-0.25,2.127528048725,7.05));
#5141 = VECTOR('',#5142,1.);
#5142 = DIRECTION('',(0.,1.,0.));
#5143 = ORIENTED_EDGE('',*,*,#5144,.T.);
#5144 = EDGE_CURVE('',#5137,#5145,#5147,.T.);
#5145 = VERTEX_POINT('',#5146);
#5146 = CARTESIAN_POINT('',(0.25,0.707106781187,7.05));
#5147 = CIRCLE('',#5148,0.75);
#5148 = AXIS2_PLACEMENT_3D('',#5149,#5150,#5151);
#5149 = CARTESIAN_POINT('',(3.703263240893E-17,0.,7.05));
#5150 = DIRECTION('',(0.,0.,-1.));
#5151 = DIRECTION('',(1.,0.,0.));
#5152 = ORIENTED_EDGE('',*,*,#5153,.F.);
#5153 = EDGE_CURVE('',#5015,#5145,#5154,.T.);
#5154 = LINE('',#5155,#5156);
#5155 = CARTESIAN_POINT('',(0.25,-2.127528048725,7.05));
#5156 = VECTOR('',#5157,1.);
#5157 = DIRECTION('',(0.,-1.,0.));
#5158 = PLANE('',#5159);
#5159 = AXIS2_PLACEMENT_3D('',#5160,#5161,#5162);
#5160 = CARTESIAN_POINT('',(0.,0.,7.05));
#5161 = DIRECTION('',(0.,0.,1.));
#5162 = DIRECTION('',(1.,0.,-0.));
#5163 = ADVANCED_FACE('',(#5164),#5200,.T.);
#5164 = FACE_BOUND('',#5165,.T.);
#5165 = EDGE_LOOP('',(#5166,#5176,#5185,#5193));
#5166 = ORIENTED_EDGE('',*,*,#5167,.T.);
#5167 = EDGE_CURVE('',#5168,#5170,#5172,.T.);
#5168 = VERTEX_POINT('',#5169);
#5169 = CARTESIAN_POINT('',(0.25,0.916515138991,14.6));
#5170 = VERTEX_POINT('',#5171);
#5171 = CARTESIAN_POINT('',(0.25,0.707106781187,14.6));
#5172 = LINE('',#5173,#5174);
#5173 = CARTESIAN_POINT('',(0.25,1.063764024363,14.6));
#5174 = VECTOR('',#5175,1.);
#5175 = DIRECTION('',(0.,-1.,0.));
#5176 = ORIENTED_EDGE('',*,*,#5177,.T.);
#5177 = EDGE_CURVE('',#5170,#5178,#5180,.T.);
#5178 = VERTEX_POINT('',#5179);
#5179 = CARTESIAN_POINT('',(0.707106781187,0.25,14.6));
#5180 = CIRCLE('',#5181,0.75);
#5181 = AXIS2_PLACEMENT_3D('',#5182,#5183,#5184);
#5182 = CARTESIAN_POINT('',(3.703263240893E-17,0.,14.6));
#5183 = DIRECTION('',(0.,0.,-1.));
#5184 = DIRECTION('',(1.,0.,0.));
#5185 = ORIENTED_EDGE('',*,*,#5186,.T.);
#5186 = EDGE_CURVE('',#5178,#5187,#5189,.T.);
#5187 = VERTEX_POINT('',#5188);
#5188 = CARTESIAN_POINT('',(0.916515138991,0.25,14.6));
#5189 = LINE('',#5190,#5191);
#5190 = CARTESIAN_POINT('',(0.125,0.25,14.6));
#5191 = VECTOR('',#5192,1.);
#5192 = DIRECTION('',(1.,0.,0.));
#5193 = ORIENTED_EDGE('',*,*,#5194,.F.);
#5194 = EDGE_CURVE('',#5168,#5187,#5195,.T.);
#5195 = CIRCLE('',#5196,0.95);
#5196 = AXIS2_PLACEMENT_3D('',#5197,#5198,#5199);
#5197 = CARTESIAN_POINT('',(0.,0.,14.6));
#5198 = DIRECTION('',(0.,0.,-1.));
#5199 = DIRECTION('',(1.,0.,0.));
#5200 = PLANE('',#5201);
#5201 = AXIS2_PLACEMENT_3D('',#5202,#5203,#5204);
#5202 = CARTESIAN_POINT('',(0.,0.,14.6));
#5203 = DIRECTION('',(0.,0.,1.));
#5204 = DIRECTION('',(1.,0.,-0.));
#5205 = ADVANCED_FACE('',(#5206),#5232,.T.);
#5206 = FACE_BOUND('',#5207,.T.);
#5207 = EDGE_LOOP('',(#5208,#5216,#5225,#5231));
#5208 = ORIENTED_EDGE('',*,*,#5209,.T.);
#5209 = EDGE_CURVE('',#5015,#5210,#5212,.T.);
#5210 = VERTEX_POINT('',#5211);
#5211 = CARTESIAN_POINT('',(0.25,1.933907960581,13.6));
#5212 = LINE('',#5213,#5214);
#5213 = CARTESIAN_POINT('',(0.25,1.933907960581,7.05));
#5214 = VECTOR('',#5215,1.);
#5215 = DIRECTION('',(0.,0.,1.));
#5216 = ORIENTED_EDGE('',*,*,#5217,.F.);
#5217 = EDGE_CURVE('',#5218,#5210,#5220,.T.);
#5218 = VERTEX_POINT('',#5219);
#5219 = CARTESIAN_POINT('',(1.933907960581,0.25,13.6));
#5220 = CIRCLE('',#5221,1.95);
#5221 = AXIS2_PLACEMENT_3D('',#5222,#5223,#5224);
#5222 = CARTESIAN_POINT('',(0.,0.,13.6));
#5223 = DIRECTION('',(0.,0.,1.));
#5224 = DIRECTION('',(1.,0.,-0.));
#5225 = ORIENTED_EDGE('',*,*,#5226,.T.);
#5226 = EDGE_CURVE('',#5218,#5017,#5227,.T.);
#5227 = LINE('',#5228,#5229);
#5228 = CARTESIAN_POINT('',(1.933907960581,0.25,7.05));
#5229 = VECTOR('',#5230,1.);
#5230 = DIRECTION('',(0.,0.,-1.));
#5231 = ORIENTED_EDGE('',*,*,#5014,.F.);
#5232 = CYLINDRICAL_SURFACE('',#5233,1.95);
#5233 = AXIS2_PLACEMENT_3D('',#5234,#5235,#5236);
#5234 = CARTESIAN_POINT('',(0.,0.,7.05));
#5235 = DIRECTION('',(0.,0.,1.));
#5236 = DIRECTION('',(1.,0.,-0.));
#5237 = ADVANCED_FACE('',(#5238),#5260,.F.);
#5238 = FACE_BOUND('',#5239,.F.);
#5239 = EDGE_LOOP('',(#5240,#5241,#5247,#5254));
#5240 = ORIENTED_EDGE('',*,*,#5177,.T.);
#5241 = ORIENTED_EDGE('',*,*,#5242,.F.);
#5242 = EDGE_CURVE('',#5026,#5178,#5243,.T.);
#5243 = LINE('',#5244,#5245);
#5244 = CARTESIAN_POINT('',(0.707106781187,0.25,10.825));
#5245 = VECTOR('',#5246,1.);
#5246 = DIRECTION('',(0.,0.,1.));
#5247 = ORIENTED_EDGE('',*,*,#5248,.F.);
#5248 = EDGE_CURVE('',#5145,#5026,#5249,.T.);
#5249 = CIRCLE('',#5250,0.75);
#5250 = AXIS2_PLACEMENT_3D('',#5251,#5252,#5253);
#5251 = CARTESIAN_POINT('',(3.703263240893E-17,0.,7.05));
#5252 = DIRECTION('',(0.,0.,-1.));
#5253 = DIRECTION('',(1.,0.,0.));
#5254 = ORIENTED_EDGE('',*,*,#5255,.F.);
#5255 = EDGE_CURVE('',#5170,#5145,#5256,.T.);
#5256 = LINE('',#5257,#5258);
#5257 = CARTESIAN_POINT('',(0.25,0.707106781187,10.825));
#5258 = VECTOR('',#5259,1.);
#5259 = DIRECTION('',(0.,0.,-1.));
#5260 = CYLINDRICAL_SURFACE('',#5261,0.75);
#5261 = AXIS2_PLACEMENT_3D('',#5262,#5263,#5264);
#5262 = CARTESIAN_POINT('',(3.703263240893E-17,0.,10.825));
#5263 = DIRECTION('',(0.,0.,-1.));
#5264 = DIRECTION('',(1.,0.,0.));
#5265 = ADVANCED_FACE('',(#5266),#5304,.F.);
#5266 = FACE_BOUND('',#5267,.F.);
#5267 = EDGE_LOOP('',(#5268,#5275,#5276,#5283,#5284,#5292,#5293,#5294,
    #5301,#5302,#5303));
#5268 = ORIENTED_EDGE('',*,*,#5269,.T.);
#5269 = EDGE_CURVE('',#5034,#5060,#5270,.T.);
#5270 = CIRCLE('',#5271,0.75);
#5271 = AXIS2_PLACEMENT_3D('',#5272,#5273,#5274);
#5272 = CARTESIAN_POINT('',(3.703263240893E-17,0.,7.05));
#5273 = DIRECTION('',(0.,0.,-1.));
#5274 = DIRECTION('',(1.,0.,0.));
#5275 = ORIENTED_EDGE('',*,*,#5067,.T.);
#5276 = ORIENTED_EDGE('',*,*,#5277,.T.);
#5277 = EDGE_CURVE('',#5068,#5094,#5278,.T.);
#5278 = CIRCLE('',#5279,0.75);
#5279 = AXIS2_PLACEMENT_3D('',#5280,#5281,#5282);
#5280 = CARTESIAN_POINT('',(3.703263240893E-17,0.,7.05));
#5281 = DIRECTION('',(0.,0.,-1.));
#5282 = DIRECTION('',(1.,0.,0.));
#5283 = ORIENTED_EDGE('',*,*,#5101,.T.);
#5284 = ORIENTED_EDGE('',*,*,#5285,.T.);
#5285 = EDGE_CURVE('',#5102,#5286,#5288,.T.);
#5286 = VERTEX_POINT('',#5287);
#5287 = CARTESIAN_POINT('',(3.703263240893E-17,0.,6.599354535729));
#5288 = LINE('',#5289,#5290);
#5289 = CARTESIAN_POINT('',(-0.375,4.592425496803E-17,6.824677267865));
#5290 = VECTOR('',#5291,1.);
#5291 = DIRECTION('',(0.857167300702,-1.049727191139E-16,-0.51503807491)
  );
#5292 = ORIENTED_EDGE('',*,*,#5285,.F.);
#5293 = ORIENTED_EDGE('',*,*,#5110,.T.);
#5294 = ORIENTED_EDGE('',*,*,#5295,.T.);
#5295 = EDGE_CURVE('',#5111,#5137,#5296,.T.);
#5296 = CIRCLE('',#5297,0.75);
#5297 = AXIS2_PLACEMENT_3D('',#5298,#5299,#5300);
#5298 = CARTESIAN_POINT('',(3.703263240893E-17,0.,7.05));
#5299 = DIRECTION('',(0.,0.,-1.));
#5300 = DIRECTION('',(1.,0.,0.));
#5301 = ORIENTED_EDGE('',*,*,#5144,.T.);
#5302 = ORIENTED_EDGE('',*,*,#5248,.T.);
#5303 = ORIENTED_EDGE('',*,*,#5033,.T.);
#5304 = CONICAL_SURFACE('',#5305,0.375,1.029744258677);
#5305 = AXIS2_PLACEMENT_3D('',#5306,#5307,#5308);
#5306 = CARTESIAN_POINT('',(3.703263240893E-17,0.,6.824677267865));
#5307 = DIRECTION('',(0.,0.,1.));
#5308 = DIRECTION('',(1.,0.,-0.));
#5309 = ADVANCED_FACE('',(#5310),#5340,.F.);
#5310 = FACE_BOUND('',#5311,.F.);
#5311 = EDGE_LOOP('',(#5312,#5313,#5326,#5327));
#5312 = ORIENTED_EDGE('',*,*,#5217,.F.);
#5313 = ORIENTED_EDGE('',*,*,#5314,.F.);
#5314 = EDGE_CURVE('',#5187,#5218,#5315,.T.);
#5315 = B_SPLINE_CURVE_WITH_KNOTS('',3,(#5316,#5317,#5318,#5319,#5320,
    #5321,#5322,#5323,#5324,#5325),.UNSPECIFIED.,.F.,.F.,(4,2,2,2,4),(
    0.57480034267,0.613086463033,0.650445810202,0.687455912231,
    0.724311894366),.UNSPECIFIED.);
#5316 = CARTESIAN_POINT('',(0.916515138991,0.25,14.6));
#5317 = CARTESIAN_POINT('',(1.044135540204,0.25,14.6));
#5318 = CARTESIAN_POINT('',(1.194504974893,0.25,14.57097819248));
#5319 = CARTESIAN_POINT('',(1.427709908204,0.25,14.475083106557));
#5320 = CARTESIAN_POINT('',(1.552293827446,0.25,14.392558078833));
#5321 = CARTESIAN_POINT('',(1.727996346526,0.25,14.217680623171));
#5322 = CARTESIAN_POINT('',(1.810537221274,0.25,14.094786496255));
#5323 = CARTESIAN_POINT('',(1.905035623814,0.25,13.867422298393));
#5324 = CARTESIAN_POINT('',(1.933907960581,0.25,13.722853273784));
#5325 = CARTESIAN_POINT('',(1.933907960581,0.25,13.6));
#5326 = ORIENTED_EDGE('',*,*,#5194,.F.);
#5327 = ORIENTED_EDGE('',*,*,#5328,.F.);
#5328 = EDGE_CURVE('',#5210,#5168,#5329,.T.);
#5329 = B_SPLINE_CURVE_WITH_KNOTS('',3,(#5330,#5331,#5332,#5333,#5334,
    #5335,#5336,#5337,#5338,#5339),.UNSPECIFIED.,.F.,.F.,(4,2,2,2,4),(
    0.241437298122,0.278293280257,0.315303382286,0.352662729455,
    0.390948849819),.UNSPECIFIED.);
#5330 = CARTESIAN_POINT('',(0.25,1.933907960581,13.6));
#5331 = CARTESIAN_POINT('',(0.25,1.933907960581,13.722853273784));
#5332 = CARTESIAN_POINT('',(0.25,1.905035623814,13.867422298393));
#5333 = CARTESIAN_POINT('',(0.25,1.810537221274,14.094786496255));
#5334 = CARTESIAN_POINT('',(0.25,1.727996346526,14.217680623171));
#5335 = CARTESIAN_POINT('',(0.25,1.552293827446,14.392558078833));
#5336 = CARTESIAN_POINT('',(0.25,1.427709908204,14.475083106557));
#5337 = CARTESIAN_POINT('',(0.25,1.194504974893,14.57097819248));
#5338 = CARTESIAN_POINT('',(0.25,1.044135540204,14.6));
#5339 = CARTESIAN_POINT('',(0.25,0.916515138991,14.6));
#5340 = ( BOUNDED_SURFACE() B_SPLINE_SURFACE(2,2,(
    (#5341,#5342,#5343)
    ,(#5344,#5345,#5346)
    ,(#5347,#5348,#5349
)),.UNSPECIFIED.,.F.,.F.,.F.) B_SPLINE_SURFACE_WITH_KNOTS((3,3),(3,3),(
    0.,1.570796326795),(0.128558960041,1.442237366753),
.PIECEWISE_BEZIER_KNOTS.) GEOMETRIC_REPRESENTATION_ITEM() 
RATIONAL_B_SPLINE_SURFACE((
    (1.,0.7919262197,1.)
    ,(0.707106781187,0.559976400149,0.707106781187)
,(1.,0.7919262197,1.))) REPRESENTATION_ITEM('') SURFACE() );
#5341 = CARTESIAN_POINT('',(1.933907960581,0.25,13.6));
#5342 = CARTESIAN_POINT('',(1.741144804925,1.741144804925,13.6));
#5343 = CARTESIAN_POINT('',(0.25,1.933907960581,13.6));
#5344 = CARTESIAN_POINT('',(1.933907960581,0.25,14.6));
#5345 = CARTESIAN_POINT('',(1.741144804925,1.741144804925,14.6));
#5346 = CARTESIAN_POINT('',(0.25,1.933907960581,14.6));
#5347 = CARTESIAN_POINT('',(0.942160288488,0.121794871795,14.6));
#5348 = CARTESIAN_POINT('',(0.848250033168,0.848250033168,14.6));
#5349 = CARTESIAN_POINT('',(0.121794871795,0.942160288488,14.6));
#5350 = ADVANCED_FACE('',(#5351),#5401,.F.);
#5351 = FACE_BOUND('',#5352,.F.);
#5352 = EDGE_LOOP('',(#5353,#5364,#5379,#5388));
#5353 = ORIENTED_EDGE('',*,*,#5354,.F.);
#5354 = EDGE_CURVE('',#5355,#5357,#5359,.T.);
#5355 = VERTEX_POINT('',#5356);
#5356 = CARTESIAN_POINT('',(-0.916515138991,0.25,14.6));
#5357 = VERTEX_POINT('',#5358);
#5358 = CARTESIAN_POINT('',(-0.25,0.916515138991,14.6));
#5359 = CIRCLE('',#5360,0.95);
#5360 = AXIS2_PLACEMENT_3D('',#5361,#5362,#5363);
#5361 = CARTESIAN_POINT('',(0.,0.,14.6));
#5362 = DIRECTION('',(0.,0.,-1.));
#5363 = DIRECTION('',(1.,0.,0.));
#5364 = ORIENTED_EDGE('',*,*,#5365,.F.);
#5365 = EDGE_CURVE('',#5366,#5355,#5368,.T.);
#5366 = VERTEX_POINT('',#5367);
#5367 = CARTESIAN_POINT('',(-1.933907960581,0.25,13.6));
#5368 = B_SPLINE_CURVE_WITH_KNOTS('',3,(#5369,#5370,#5371,#5372,#5373,
    #5374,#5375,#5376,#5377,#5378),.UNSPECIFIED.,.F.,.F.,(4,2,2,2,4),(
    0.241437298122,0.278293280257,0.315303382286,0.352662729455,
    0.390948849819),.UNSPECIFIED.);
#5369 = CARTESIAN_POINT('',(-1.933907960581,0.25,13.6));
#5370 = CARTESIAN_POINT('',(-1.933907960581,0.25,13.722853273784));
#5371 = CARTESIAN_POINT('',(-1.905035623814,0.25,13.867422298393));
#5372 = CARTESIAN_POINT('',(-1.810537221274,0.25,14.094786496255));
#5373 = CARTESIAN_POINT('',(-1.727996346526,0.25,14.217680623171));
#5374 = CARTESIAN_POINT('',(-1.552293827446,0.25,14.392558078833));
#5375 = CARTESIAN_POINT('',(-1.427709908204,0.25,14.475083106557));
#5376 = CARTESIAN_POINT('',(-1.194504974893,0.25,14.57097819248));
#5377 = CARTESIAN_POINT('',(-1.044135540204,0.25,14.6));
#5378 = CARTESIAN_POINT('',(-0.916515138991,0.25,14.6));
#5379 = ORIENTED_EDGE('',*,*,#5380,.F.);
#5380 = EDGE_CURVE('',#5381,#5366,#5383,.T.);
#5381 = VERTEX_POINT('',#5382);
#5382 = CARTESIAN_POINT('',(-0.25,1.933907960581,13.6));
#5383 = CIRCLE('',#5384,1.95);
#5384 = AXIS2_PLACEMENT_3D('',#5385,#5386,#5387);
#5385 = CARTESIAN_POINT('',(0.,0.,13.6));
#5386 = DIRECTION('',(0.,0.,1.));
#5387 = DIRECTION('',(1.,0.,-0.));
#5388 = ORIENTED_EDGE('',*,*,#5389,.F.);
#5389 = EDGE_CURVE('',#5357,#5381,#5390,.T.);
#5390 = B_SPLINE_CURVE_WITH_KNOTS('',3,(#5391,#5392,#5393,#5394,#5395,
    #5396,#5397,#5398,#5399,#5400),.UNSPECIFIED.,.F.,.F.,(4,2,2,2,4),(
    0.57480034267,0.613086463033,0.650445810202,0.687455912231,
    0.724311894366),.UNSPECIFIED.);
#5391 = CARTESIAN_POINT('',(-0.25,0.916515138991,14.6));
#5392 = CARTESIAN_POINT('',(-0.25,1.044135540204,14.6));
#5393 = CARTESIAN_POINT('',(-0.25,1.194504974893,14.57097819248));
#5394 = CARTESIAN_POINT('',(-0.25,1.427709908204,14.475083106557));
#5395 = CARTESIAN_POINT('',(-0.25,1.552293827446,14.392558078833));
#5396 = CARTESIAN_POINT('',(-0.25,1.727996346526,14.217680623171));
#5397 = CARTESIAN_POINT('',(-0.25,1.810537221274,14.094786496255));
#5398 = CARTESIAN_POINT('',(-0.25,1.905035623814,13.867422298393));
#5399 = CARTESIAN_POINT('',(-0.25,1.933907960581,13.722853273784));
#5400 = CARTESIAN_POINT('',(-0.25,1.933907960581,13.6));
#5401 = ( BOUNDED_SURFACE() B_SPLINE_SURFACE(2,2,(
    (#5402,#5403,#5404)
    ,(#5405,#5406,#5407)
    ,(#5408,#5409,#5410
)),.UNSPECIFIED.,.F.,.F.,.F.) B_SPLINE_SURFACE_WITH_KNOTS((3,3),(3,3),(
    0.,1.570796326795),(1.699355286836,3.013033693548),
.PIECEWISE_BEZIER_KNOTS.) GEOMETRIC_REPRESENTATION_ITEM() 
RATIONAL_B_SPLINE_SURFACE((
    (1.,0.7919262197,1.)
    ,(0.707106781187,0.559976400149,0.707106781187)
,(1.,0.7919262197,1.))) REPRESENTATION_ITEM('') SURFACE() );
#5402 = CARTESIAN_POINT('',(-0.25,1.933907960581,13.6));
#5403 = CARTESIAN_POINT('',(-1.741144804925,1.741144804925,13.6));
#5404 = CARTESIAN_POINT('',(-1.933907960581,0.25,13.6));
#5405 = CARTESIAN_POINT('',(-0.25,1.933907960581,14.6));
#5406 = CARTESIAN_POINT('',(-1.741144804925,1.741144804925,14.6));
#5407 = CARTESIAN_POINT('',(-1.933907960581,0.25,14.6));
#5408 = CARTESIAN_POINT('',(-0.121794871795,0.942160288488,14.6));
#5409 = CARTESIAN_POINT('',(-0.848250033168,0.848250033168,14.6));
#5410 = CARTESIAN_POINT('',(-0.942160288488,0.121794871795,14.6));
#5411 = ADVANCED_FACE('',(#5412),#5462,.F.);
#5412 = FACE_BOUND('',#5413,.F.);
#5413 = EDGE_LOOP('',(#5414,#5425,#5440,#5449));
#5414 = ORIENTED_EDGE('',*,*,#5415,.F.);
#5415 = EDGE_CURVE('',#5416,#5418,#5420,.T.);
#5416 = VERTEX_POINT('',#5417);
#5417 = CARTESIAN_POINT('',(-0.25,-0.916515138991,14.6));
#5418 = VERTEX_POINT('',#5419);
#5419 = CARTESIAN_POINT('',(-0.916515138991,-0.25,14.6));
#5420 = CIRCLE('',#5421,0.95);
#5421 = AXIS2_PLACEMENT_3D('',#5422,#5423,#5424);
#5422 = CARTESIAN_POINT('',(0.,0.,14.6));
#5423 = DIRECTION('',(0.,0.,-1.));
#5424 = DIRECTION('',(1.,0.,0.));
#5425 = ORIENTED_EDGE('',*,*,#5426,.F.);
#5426 = EDGE_CURVE('',#5427,#5416,#5429,.T.);
#5427 = VERTEX_POINT('',#5428);
#5428 = CARTESIAN_POINT('',(-0.25,-1.933907960581,13.6));
#5429 = B_SPLINE_CURVE_WITH_KNOTS('',3,(#5430,#5431,#5432,#5433,#5434,
    #5435,#5436,#5437,#5438,#5439),.UNSPECIFIED.,.F.,.F.,(4,2,2,2,4),(
    0.241437298122,0.278293280257,0.315303382286,0.352662729455,
    0.390948849819),.UNSPECIFIED.);
#5430 = CARTESIAN_POINT('',(-0.25,-1.933907960581,13.6));
#5431 = CARTESIAN_POINT('',(-0.25,-1.933907960581,13.722853273784));
#5432 = CARTESIAN_POINT('',(-0.25,-1.905035623814,13.867422298393));
#5433 = CARTESIAN_POINT('',(-0.25,-1.810537221274,14.094786496255));
#5434 = CARTESIAN_POINT('',(-0.25,-1.727996346526,14.217680623171));
#5435 = CARTESIAN_POINT('',(-0.25,-1.552293827446,14.392558078833));
#5436 = CARTESIAN_POINT('',(-0.25,-1.427709908204,14.475083106557));
#5437 = CARTESIAN_POINT('',(-0.25,-1.194504974893,14.57097819248));
#5438 = CARTESIAN_POINT('',(-0.25,-1.044135540204,14.6));
#5439 = CARTESIAN_POINT('',(-0.25,-0.916515138991,14.6));
#5440 = ORIENTED_EDGE('',*,*,#5441,.F.);
#5441 = EDGE_CURVE('',#5442,#5427,#5444,.T.);
#5442 = VERTEX_POINT('',#5443);
#5443 = CARTESIAN_POINT('',(-1.933907960581,-0.25,13.6));
#5444 = CIRCLE('',#5445,1.95);
#5445 = AXIS2_PLACEMENT_3D('',#5446,#5447,#5448);
#5446 = CARTESIAN_POINT('',(0.,0.,13.6));
#5447 = DIRECTION('',(0.,0.,1.));
#5448 = DIRECTION('',(1.,0.,-0.));
#5449 = ORIENTED_EDGE('',*,*,#5450,.F.);
#5450 = EDGE_CURVE('',#5418,#5442,#5451,.T.);
#5451 = B_SPLINE_CURVE_WITH_KNOTS('',3,(#5452,#5453,#5454,#5455,#5456,
    #5457,#5458,#5459,#5460,#5461),.UNSPECIFIED.,.F.,.F.,(4,2,2,2,4),(
    0.57480034267,0.613086463033,0.650445810202,0.687455912231,
    0.724311894366),.UNSPECIFIED.);
#5452 = CARTESIAN_POINT('',(-0.916515138991,-0.25,14.6));
#5453 = CARTESIAN_POINT('',(-1.044135540204,-0.25,14.6));
#5454 = CARTESIAN_POINT('',(-1.194504974893,-0.25,14.57097819248));
#5455 = CARTESIAN_POINT('',(-1.427709908204,-0.25,14.475083106557));
#5456 = CARTESIAN_POINT('',(-1.552293827446,-0.25,14.392558078833));
#5457 = CARTESIAN_POINT('',(-1.727996346526,-0.25,14.217680623171));
#5458 = CARTESIAN_POINT('',(-1.810537221274,-0.25,14.094786496255));
#5459 = CARTESIAN_POINT('',(-1.905035623814,-0.25,13.867422298393));
#5460 = CARTESIAN_POINT('',(-1.933907960581,-0.25,13.722853273784));
#5461 = CARTESIAN_POINT('',(-1.933907960581,-0.25,13.6));
#5462 = ( BOUNDED_SURFACE() B_SPLINE_SURFACE(2,2,(
    (#5463,#5464,#5465)
    ,(#5466,#5467,#5468)
    ,(#5469,#5470,#5471
)),.UNSPECIFIED.,.F.,.F.,.F.) B_SPLINE_SURFACE_WITH_KNOTS((3,3),(3,3),(
    0.,1.570796326795),(-3.013033693548,-1.699355286836),
.PIECEWISE_BEZIER_KNOTS.) GEOMETRIC_REPRESENTATION_ITEM() 
RATIONAL_B_SPLINE_SURFACE((
    (1.,0.7919262197,1.)
    ,(0.707106781187,0.559976400149,0.707106781187)
,(1.,0.7919262197,1.))) REPRESENTATION_ITEM('') SURFACE() );
#5463 = CARTESIAN_POINT('',(-1.933907960581,-0.25,13.6));
#5464 = CARTESIAN_POINT('',(-1.741144804925,-1.741144804925,13.6));
#5465 = CARTESIAN_POINT('',(-0.25,-1.933907960581,13.6));
#5466 = CARTESIAN_POINT('',(-1.933907960581,-0.25,14.6));
#5467 = CARTESIAN_POINT('',(-1.741144804925,-1.741144804925,14.6));
#5468 = CARTESIAN_POINT('',(-0.25,-1.933907960581,14.6));
#5469 = CARTESIAN_POINT('',(-0.942160288488,-0.121794871795,14.6));
#5470 = CARTESIAN_POINT('',(-0.848250033168,-0.848250033168,14.6));
#5471 = CARTESIAN_POINT('',(-0.121794871795,-0.942160288488,14.6));
#5472 = ADVANCED_FACE('',(#5473),#5523,.F.);
#5473 = FACE_BOUND('',#5474,.F.);
#5474 = EDGE_LOOP('',(#5475,#5486,#5501,#5510));
#5475 = ORIENTED_EDGE('',*,*,#5476,.F.);
#5476 = EDGE_CURVE('',#5477,#5479,#5481,.T.);
#5477 = VERTEX_POINT('',#5478);
#5478 = CARTESIAN_POINT('',(0.916515138991,-0.25,14.6));
#5479 = VERTEX_POINT('',#5480);
#5480 = CARTESIAN_POINT('',(0.25,-0.916515138991,14.6));
#5481 = CIRCLE('',#5482,0.95);
#5482 = AXIS2_PLACEMENT_3D('',#5483,#5484,#5485);
#5483 = CARTESIAN_POINT('',(0.,0.,14.6));
#5484 = DIRECTION('',(0.,0.,-1.));
#5485 = DIRECTION('',(1.,0.,0.));
#5486 = ORIENTED_EDGE('',*,*,#5487,.F.);
#5487 = EDGE_CURVE('',#5488,#5477,#5490,.T.);
#5488 = VERTEX_POINT('',#5489);
#5489 = CARTESIAN_POINT('',(1.933907960581,-0.25,13.6));
#5490 = B_SPLINE_CURVE_WITH_KNOTS('',3,(#5491,#5492,#5493,#5494,#5495,
    #5496,#5497,#5498,#5499,#5500),.UNSPECIFIED.,.F.,.F.,(4,2,2,2,4),(
    0.241437298122,0.278293280257,0.315303382286,0.352662729455,
    0.390948849819),.UNSPECIFIED.);
#5491 = CARTESIAN_POINT('',(1.933907960581,-0.25,13.6));
#5492 = CARTESIAN_POINT('',(1.933907960581,-0.25,13.722853273784));
#5493 = CARTESIAN_POINT('',(1.905035623814,-0.25,13.867422298393));
#5494 = CARTESIAN_POINT('',(1.810537221274,-0.25,14.094786496255));
#5495 = CARTESIAN_POINT('',(1.727996346526,-0.25,14.217680623171));
#5496 = CARTESIAN_POINT('',(1.552293827446,-0.25,14.392558078833));
#5497 = CARTESIAN_POINT('',(1.427709908204,-0.25,14.475083106557));
#5498 = CARTESIAN_POINT('',(1.194504974893,-0.25,14.57097819248));
#5499 = CARTESIAN_POINT('',(1.044135540204,-0.25,14.6));
#5500 = CARTESIAN_POINT('',(0.916515138991,-0.25,14.6));
#5501 = ORIENTED_EDGE('',*,*,#5502,.F.);
#5502 = EDGE_CURVE('',#5503,#5488,#5505,.T.);
#5503 = VERTEX_POINT('',#5504);
#5504 = CARTESIAN_POINT('',(0.25,-1.933907960581,13.6));
#5505 = CIRCLE('',#5506,1.95);
#5506 = AXIS2_PLACEMENT_3D('',#5507,#5508,#5509);
#5507 = CARTESIAN_POINT('',(0.,0.,13.6));
#5508 = DIRECTION('',(0.,0.,1.));
#5509 = DIRECTION('',(1.,0.,-0.));
#5510 = ORIENTED_EDGE('',*,*,#5511,.F.);
#5511 = EDGE_CURVE('',#5479,#5503,#5512,.T.);
#5512 = B_SPLINE_CURVE_WITH_KNOTS('',3,(#5513,#5514,#5515,#5516,#5517,
    #5518,#5519,#5520,#5521,#5522),.UNSPECIFIED.,.F.,.F.,(4,2,2,2,4),(
    0.57480034267,0.613086463033,0.650445810202,0.687455912231,
    0.724311894366),.UNSPECIFIED.);
#5513 = CARTESIAN_POINT('',(0.25,-0.916515138991,14.6));
#5514 = CARTESIAN_POINT('',(0.25,-1.044135540204,14.6));
#5515 = CARTESIAN_POINT('',(0.25,-1.194504974893,14.57097819248));
#5516 = CARTESIAN_POINT('',(0.25,-1.427709908204,14.475083106557));
#5517 = CARTESIAN_POINT('',(0.25,-1.552293827446,14.392558078833));
#5518 = CARTESIAN_POINT('',(0.25,-1.727996346526,14.217680623171));
#5519 = CARTESIAN_POINT('',(0.25,-1.810537221274,14.094786496255));
#5520 = CARTESIAN_POINT('',(0.25,-1.905035623814,13.867422298393));
#5521 = CARTESIAN_POINT('',(0.25,-1.933907960581,13.722853273784));
#5522 = CARTESIAN_POINT('',(0.25,-1.933907960581,13.6));
#5523 = ( BOUNDED_SURFACE() B_SPLINE_SURFACE(2,2,(
    (#5524,#5525,#5526)
    ,(#5527,#5528,#5529)
    ,(#5530,#5531,#5532
)),.UNSPECIFIED.,.F.,.F.,.F.) B_SPLINE_SURFACE_WITH_KNOTS((3,3),(3,3),(
    0.,1.570796326795),(-1.442237366753,-0.128558960041),
.PIECEWISE_BEZIER_KNOTS.) GEOMETRIC_REPRESENTATION_ITEM() 
RATIONAL_B_SPLINE_SURFACE((
    (1.,0.7919262197,1.)
    ,(0.707106781187,0.559976400149,0.707106781187)
,(1.,0.7919262197,1.))) REPRESENTATION_ITEM('') SURFACE() );
#5524 = CARTESIAN_POINT('',(0.25,-1.933907960581,13.6));
#5525 = CARTESIAN_POINT('',(1.741144804925,-1.741144804925,13.6));
#5526 = CARTESIAN_POINT('',(1.933907960581,-0.25,13.6));
#5527 = CARTESIAN_POINT('',(0.25,-1.933907960581,14.6));
#5528 = CARTESIAN_POINT('',(1.741144804925,-1.741144804925,14.6));
#5529 = CARTESIAN_POINT('',(1.933907960581,-0.25,14.6));
#5530 = CARTESIAN_POINT('',(0.121794871795,-0.942160288488,14.6));
#5531 = CARTESIAN_POINT('',(0.848250033168,-0.848250033168,14.6));
#5532 = CARTESIAN_POINT('',(0.942160288488,-0.121794871795,14.6));
#5533 = ADVANCED_FACE('',(#5534),#5550,.T.);
#5534 = FACE_BOUND('',#5535,.T.);
#5535 = EDGE_LOOP('',(#5536,#5542,#5543,#5549));
#5536 = ORIENTED_EDGE('',*,*,#5537,.T.);
#5537 = EDGE_CURVE('',#5381,#5128,#5538,.T.);
#5538 = LINE('',#5539,#5540);
#5539 = CARTESIAN_POINT('',(-0.25,1.933907960581,7.05));
#5540 = VECTOR('',#5541,1.);
#5541 = DIRECTION('',(0.,0.,-1.));
#5542 = ORIENTED_EDGE('',*,*,#5127,.F.);
#5543 = ORIENTED_EDGE('',*,*,#5544,.T.);
#5544 = EDGE_CURVE('',#5120,#5366,#5545,.T.);
#5545 = LINE('',#5546,#5547);
#5546 = CARTESIAN_POINT('',(-1.933907960581,0.25,7.05));
#5547 = VECTOR('',#5548,1.);
#5548 = DIRECTION('',(0.,0.,1.));
#5549 = ORIENTED_EDGE('',*,*,#5380,.F.);
#5550 = CYLINDRICAL_SURFACE('',#5551,1.95);
#5551 = AXIS2_PLACEMENT_3D('',#5552,#5553,#5554);
#5552 = CARTESIAN_POINT('',(0.,0.,7.05));
#5553 = DIRECTION('',(0.,0.,1.));
#5554 = DIRECTION('',(1.,0.,-0.));
#5555 = ADVANCED_FACE('',(#5556),#5572,.T.);
#5556 = FACE_BOUND('',#5557,.T.);
#5557 = EDGE_LOOP('',(#5558,#5564,#5565,#5571));
#5558 = ORIENTED_EDGE('',*,*,#5559,.T.);
#5559 = EDGE_CURVE('',#5442,#5085,#5560,.T.);
#5560 = LINE('',#5561,#5562);
#5561 = CARTESIAN_POINT('',(-1.933907960581,-0.25,7.05));
#5562 = VECTOR('',#5563,1.);
#5563 = DIRECTION('',(0.,0.,-1.));
#5564 = ORIENTED_EDGE('',*,*,#5084,.F.);
#5565 = ORIENTED_EDGE('',*,*,#5566,.T.);
#5566 = EDGE_CURVE('',#5077,#5427,#5567,.T.);
#5567 = LINE('',#5568,#5569);
#5568 = CARTESIAN_POINT('',(-0.25,-1.933907960581,7.05));
#5569 = VECTOR('',#5570,1.);
#5570 = DIRECTION('',(0.,0.,1.));
#5571 = ORIENTED_EDGE('',*,*,#5441,.F.);
#5572 = CYLINDRICAL_SURFACE('',#5573,1.95);
#5573 = AXIS2_PLACEMENT_3D('',#5574,#5575,#5576);
#5574 = CARTESIAN_POINT('',(0.,0.,7.05));
#5575 = DIRECTION('',(0.,0.,1.));
#5576 = DIRECTION('',(1.,0.,-0.));
#5577 = ADVANCED_FACE('',(#5578),#5594,.T.);
#5578 = FACE_BOUND('',#5579,.T.);
#5579 = EDGE_LOOP('',(#5580,#5586,#5587,#5593));
#5580 = ORIENTED_EDGE('',*,*,#5581,.T.);
#5581 = EDGE_CURVE('',#5503,#5051,#5582,.T.);
#5582 = LINE('',#5583,#5584);
#5583 = CARTESIAN_POINT('',(0.25,-1.933907960581,7.05));
#5584 = VECTOR('',#5585,1.);
#5585 = DIRECTION('',(0.,0.,-1.));
#5586 = ORIENTED_EDGE('',*,*,#5050,.F.);
#5587 = ORIENTED_EDGE('',*,*,#5588,.T.);
#5588 = EDGE_CURVE('',#5043,#5488,#5589,.T.);
#5589 = LINE('',#5590,#5591);
#5590 = CARTESIAN_POINT('',(1.933907960581,-0.25,7.05));
#5591 = VECTOR('',#5592,1.);
#5592 = DIRECTION('',(0.,0.,1.));
#5593 = ORIENTED_EDGE('',*,*,#5502,.F.);
#5594 = CYLINDRICAL_SURFACE('',#5595,1.95);
#5595 = AXIS2_PLACEMENT_3D('',#5596,#5597,#5598);
#5596 = CARTESIAN_POINT('',(0.,0.,7.05));
#5597 = DIRECTION('',(0.,0.,1.));
#5598 = DIRECTION('',(1.,0.,-0.));
#5599 = ADVANCED_FACE('',(#5600),#5626,.T.);
#5600 = FACE_BOUND('',#5601,.T.);
#5601 = EDGE_LOOP('',(#5602,#5610,#5611,#5619));
#5602 = ORIENTED_EDGE('',*,*,#5603,.T.);
#5603 = EDGE_CURVE('',#5604,#5357,#5606,.T.);
#5604 = VERTEX_POINT('',#5605);
#5605 = CARTESIAN_POINT('',(-0.25,0.707106781187,14.6));
#5606 = LINE('',#5607,#5608);
#5607 = CARTESIAN_POINT('',(-0.25,0.125,14.6));
#5608 = VECTOR('',#5609,1.);
#5609 = DIRECTION('',(0.,1.,0.));
#5610 = ORIENTED_EDGE('',*,*,#5354,.F.);
#5611 = ORIENTED_EDGE('',*,*,#5612,.T.);
#5612 = EDGE_CURVE('',#5355,#5613,#5615,.T.);
#5613 = VERTEX_POINT('',#5614);
#5614 = CARTESIAN_POINT('',(-0.707106781187,0.25,14.6));
#5615 = LINE('',#5616,#5617);
#5616 = CARTESIAN_POINT('',(-1.061741485945,0.25,14.6));
#5617 = VECTOR('',#5618,1.);
#5618 = DIRECTION('',(1.,0.,0.));
#5619 = ORIENTED_EDGE('',*,*,#5620,.T.);
#5620 = EDGE_CURVE('',#5613,#5604,#5621,.T.);
#5621 = CIRCLE('',#5622,0.75);
#5622 = AXIS2_PLACEMENT_3D('',#5623,#5624,#5625);
#5623 = CARTESIAN_POINT('',(3.703263240893E-17,0.,14.6));
#5624 = DIRECTION('',(0.,0.,-1.));
#5625 = DIRECTION('',(1.,0.,0.));
#5626 = PLANE('',#5627);
#5627 = AXIS2_PLACEMENT_3D('',#5628,#5629,#5630);
#5628 = CARTESIAN_POINT('',(0.,0.,14.6));
#5629 = DIRECTION('',(0.,0.,1.));
#5630 = DIRECTION('',(1.,0.,-0.));
#5631 = ADVANCED_FACE('',(#5632),#5658,.T.);
#5632 = FACE_BOUND('',#5633,.T.);
#5633 = EDGE_LOOP('',(#5634,#5642,#5643,#5651));
#5634 = ORIENTED_EDGE('',*,*,#5635,.T.);
#5635 = EDGE_CURVE('',#5636,#5418,#5638,.T.);
#5636 = VERTEX_POINT('',#5637);
#5637 = CARTESIAN_POINT('',(-0.707106781187,-0.25,14.6));
#5638 = LINE('',#5639,#5640);
#5639 = CARTESIAN_POINT('',(-0.125,-0.25,14.6));
#5640 = VECTOR('',#5641,1.);
#5641 = DIRECTION('',(-1.,0.,0.));
#5642 = ORIENTED_EDGE('',*,*,#5415,.F.);
#5643 = ORIENTED_EDGE('',*,*,#5644,.T.);
#5644 = EDGE_CURVE('',#5416,#5645,#5647,.T.);
#5645 = VERTEX_POINT('',#5646);
#5646 = CARTESIAN_POINT('',(-0.25,-0.707106781187,14.6));
#5647 = LINE('',#5648,#5649);
#5648 = CARTESIAN_POINT('',(-0.25,-1.063764024363,14.6));
#5649 = VECTOR('',#5650,1.);
#5650 = DIRECTION('',(0.,1.,0.));
#5651 = ORIENTED_EDGE('',*,*,#5652,.T.);
#5652 = EDGE_CURVE('',#5645,#5636,#5653,.T.);
#5653 = CIRCLE('',#5654,0.75);
#5654 = AXIS2_PLACEMENT_3D('',#5655,#5656,#5657);
#5655 = CARTESIAN_POINT('',(3.703263240893E-17,0.,14.6));
#5656 = DIRECTION('',(0.,0.,-1.));
#5657 = DIRECTION('',(1.,0.,0.));
#5658 = PLANE('',#5659);
#5659 = AXIS2_PLACEMENT_3D('',#5660,#5661,#5662);
#5660 = CARTESIAN_POINT('',(0.,0.,14.6));
#5661 = DIRECTION('',(0.,0.,1.));
#5662 = DIRECTION('',(1.,0.,-0.));
#5663 = ADVANCED_FACE('',(#5664),#5690,.T.);
#5664 = FACE_BOUND('',#5665,.T.);
#5665 = EDGE_LOOP('',(#5666,#5674,#5675,#5683));
#5666 = ORIENTED_EDGE('',*,*,#5667,.T.);
#5667 = EDGE_CURVE('',#5668,#5479,#5670,.T.);
#5668 = VERTEX_POINT('',#5669);
#5669 = CARTESIAN_POINT('',(0.25,-0.707106781187,14.6));
#5670 = LINE('',#5671,#5672);
#5671 = CARTESIAN_POINT('',(0.25,-0.125,14.6));
#5672 = VECTOR('',#5673,1.);
#5673 = DIRECTION('',(0.,-1.,0.));
#5674 = ORIENTED_EDGE('',*,*,#5476,.F.);
#5675 = ORIENTED_EDGE('',*,*,#5676,.T.);
#5676 = EDGE_CURVE('',#5477,#5677,#5679,.T.);
#5677 = VERTEX_POINT('',#5678);
#5678 = CARTESIAN_POINT('',(0.707106781187,-0.25,14.6));
#5679 = LINE('',#5680,#5681);
#5680 = CARTESIAN_POINT('',(1.061741485945,-0.25,14.6));
#5681 = VECTOR('',#5682,1.);
#5682 = DIRECTION('',(-1.,0.,0.));
#5683 = ORIENTED_EDGE('',*,*,#5684,.T.);
#5684 = EDGE_CURVE('',#5677,#5668,#5685,.T.);
#5685 = CIRCLE('',#5686,0.75);
#5686 = AXIS2_PLACEMENT_3D('',#5687,#5688,#5689);
#5687 = CARTESIAN_POINT('',(3.703263240893E-17,0.,14.6));
#5688 = DIRECTION('',(0.,0.,-1.));
#5689 = DIRECTION('',(1.,0.,0.));
#5690 = PLANE('',#5691);
#5691 = AXIS2_PLACEMENT_3D('',#5692,#5693,#5694);
#5692 = CARTESIAN_POINT('',(0.,0.,14.6));
#5693 = DIRECTION('',(0.,0.,1.));
#5694 = DIRECTION('',(1.,0.,-0.));
#5695 = ADVANCED_FACE('',(#5696),#5712,.F.);
#5696 = FACE_BOUND('',#5697,.F.);
#5697 = EDGE_LOOP('',(#5698,#5699,#5705,#5706));
#5698 = ORIENTED_EDGE('',*,*,#5295,.F.);
#5699 = ORIENTED_EDGE('',*,*,#5700,.F.);
#5700 = EDGE_CURVE('',#5613,#5111,#5701,.T.);
#5701 = LINE('',#5702,#5703);
#5702 = CARTESIAN_POINT('',(-0.707106781187,0.25,10.825));
#5703 = VECTOR('',#5704,1.);
#5704 = DIRECTION('',(0.,0.,-1.));
#5705 = ORIENTED_EDGE('',*,*,#5620,.T.);
#5706 = ORIENTED_EDGE('',*,*,#5707,.F.);
#5707 = EDGE_CURVE('',#5137,#5604,#5708,.T.);
#5708 = LINE('',#5709,#5710);
#5709 = CARTESIAN_POINT('',(-0.25,0.707106781187,10.825));
#5710 = VECTOR('',#5711,1.);
#5711 = DIRECTION('',(0.,0.,1.));
#5712 = CYLINDRICAL_SURFACE('',#5713,0.75);
#5713 = AXIS2_PLACEMENT_3D('',#5714,#5715,#5716);
#5714 = CARTESIAN_POINT('',(3.703263240893E-17,0.,10.825));
#5715 = DIRECTION('',(0.,0.,-1.));
#5716 = DIRECTION('',(1.,0.,0.));
#5717 = ADVANCED_FACE('',(#5718),#5734,.F.);
#5718 = FACE_BOUND('',#5719,.F.);
#5719 = EDGE_LOOP('',(#5720,#5721,#5727,#5728));
#5720 = ORIENTED_EDGE('',*,*,#5277,.F.);
#5721 = ORIENTED_EDGE('',*,*,#5722,.F.);
#5722 = EDGE_CURVE('',#5645,#5068,#5723,.T.);
#5723 = LINE('',#5724,#5725);
#5724 = CARTESIAN_POINT('',(-0.25,-0.707106781187,10.825));
#5725 = VECTOR('',#5726,1.);
#5726 = DIRECTION('',(0.,0.,-1.));
#5727 = ORIENTED_EDGE('',*,*,#5652,.T.);
#5728 = ORIENTED_EDGE('',*,*,#5729,.F.);
#5729 = EDGE_CURVE('',#5094,#5636,#5730,.T.);
#5730 = LINE('',#5731,#5732);
#5731 = CARTESIAN_POINT('',(-0.707106781187,-0.25,10.825));
#5732 = VECTOR('',#5733,1.);
#5733 = DIRECTION('',(0.,0.,1.));
#5734 = CYLINDRICAL_SURFACE('',#5735,0.75);
#5735 = AXIS2_PLACEMENT_3D('',#5736,#5737,#5738);
#5736 = CARTESIAN_POINT('',(3.703263240893E-17,0.,10.825));
#5737 = DIRECTION('',(0.,0.,-1.));
#5738 = DIRECTION('',(1.,0.,0.));
#5739 = ADVANCED_FACE('',(#5740),#5756,.F.);
#5740 = FACE_BOUND('',#5741,.F.);
#5741 = EDGE_LOOP('',(#5742,#5743,#5749,#5750));
#5742 = ORIENTED_EDGE('',*,*,#5269,.F.);
#5743 = ORIENTED_EDGE('',*,*,#5744,.F.);
#5744 = EDGE_CURVE('',#5677,#5034,#5745,.T.);
#5745 = LINE('',#5746,#5747);
#5746 = CARTESIAN_POINT('',(0.707106781187,-0.25,10.825));
#5747 = VECTOR('',#5748,1.);
#5748 = DIRECTION('',(0.,0.,-1.));
#5749 = ORIENTED_EDGE('',*,*,#5684,.T.);
#5750 = ORIENTED_EDGE('',*,*,#5751,.F.);
#5751 = EDGE_CURVE('',#5060,#5668,#5752,.T.);
#5752 = LINE('',#5753,#5754);
#5753 = CARTESIAN_POINT('',(0.25,-0.707106781187,10.825));
#5754 = VECTOR('',#5755,1.);
#5755 = DIRECTION('',(0.,0.,1.));
#5756 = CYLINDRICAL_SURFACE('',#5757,0.75);
#5757 = AXIS2_PLACEMENT_3D('',#5758,#5759,#5760);
#5758 = CARTESIAN_POINT('',(3.703263240893E-17,0.,10.825));
#5759 = DIRECTION('',(0.,0.,-1.));
#5760 = DIRECTION('',(1.,0.,0.));
#5761 = ADVANCED_FACE('',(#5762),#5769,.F.);
#5762 = FACE_BOUND('',#5763,.T.);
#5763 = EDGE_LOOP('',(#5764,#5765,#5766,#5767,#5768));
#5764 = ORIENTED_EDGE('',*,*,#5744,.F.);
#5765 = ORIENTED_EDGE('',*,*,#5676,.F.);
#5766 = ORIENTED_EDGE('',*,*,#5487,.F.);
#5767 = ORIENTED_EDGE('',*,*,#5588,.F.);
#5768 = ORIENTED_EDGE('',*,*,#5042,.T.);
#5769 = PLANE('',#5770);
#5770 = AXIS2_PLACEMENT_3D('',#5771,#5772,#5773);
#5771 = CARTESIAN_POINT('',(2.123482971891,-0.25,14.6));
#5772 = DIRECTION('',(0.,-1.,0.));
#5773 = DIRECTION('',(-1.,0.,0.));
#5774 = ADVANCED_FACE('',(#5775),#5782,.F.);
#5775 = FACE_BOUND('',#5776,.T.);
#5776 = EDGE_LOOP('',(#5777,#5778,#5779,#5780,#5781));
#5777 = ORIENTED_EDGE('',*,*,#5722,.F.);
#5778 = ORIENTED_EDGE('',*,*,#5644,.F.);
#5779 = ORIENTED_EDGE('',*,*,#5426,.F.);
#5780 = ORIENTED_EDGE('',*,*,#5566,.F.);
#5781 = ORIENTED_EDGE('',*,*,#5076,.T.);
#5782 = PLANE('',#5783);
#5783 = AXIS2_PLACEMENT_3D('',#5784,#5785,#5786);
#5784 = CARTESIAN_POINT('',(-0.25,-2.127528048725,14.6));
#5785 = DIRECTION('',(-1.,0.,0.));
#5786 = DIRECTION('',(0.,1.,0.));
#5787 = ADVANCED_FACE('',(#5788),#5795,.F.);
#5788 = FACE_BOUND('',#5789,.T.);
#5789 = EDGE_LOOP('',(#5790,#5791,#5792,#5793,#5794));
#5790 = ORIENTED_EDGE('',*,*,#5255,.F.);
#5791 = ORIENTED_EDGE('',*,*,#5167,.F.);
#5792 = ORIENTED_EDGE('',*,*,#5328,.F.);
#5793 = ORIENTED_EDGE('',*,*,#5209,.F.);
#5794 = ORIENTED_EDGE('',*,*,#5153,.T.);
#5795 = PLANE('',#5796);
#5796 = AXIS2_PLACEMENT_3D('',#5797,#5798,#5799);
#5797 = CARTESIAN_POINT('',(0.25,2.127528048725,14.6));
#5798 = DIRECTION('',(1.,0.,0.));
#5799 = DIRECTION('',(0.,-1.,0.));
#5800 = ADVANCED_FACE('',(#5801),#5808,.F.);
#5801 = FACE_BOUND('',#5802,.T.);
#5802 = EDGE_LOOP('',(#5803,#5804,#5805,#5806,#5807));
#5803 = ORIENTED_EDGE('',*,*,#5242,.F.);
#5804 = ORIENTED_EDGE('',*,*,#5025,.T.);
#5805 = ORIENTED_EDGE('',*,*,#5226,.F.);
#5806 = ORIENTED_EDGE('',*,*,#5314,.F.);
#5807 = ORIENTED_EDGE('',*,*,#5186,.F.);
#5808 = PLANE('',#5809);
#5809 = AXIS2_PLACEMENT_3D('',#5810,#5811,#5812);
#5810 = CARTESIAN_POINT('',(0.25,0.25,14.6));
#5811 = DIRECTION('',(0.,1.,0.));
#5812 = DIRECTION('',(1.,0.,0.));
#5813 = ADVANCED_FACE('',(#5814),#5821,.F.);
#5814 = FACE_BOUND('',#5815,.T.);
#5815 = EDGE_LOOP('',(#5816,#5817,#5818,#5819,#5820));
#5816 = ORIENTED_EDGE('',*,*,#5751,.F.);
#5817 = ORIENTED_EDGE('',*,*,#5059,.T.);
#5818 = ORIENTED_EDGE('',*,*,#5581,.F.);
#5819 = ORIENTED_EDGE('',*,*,#5511,.F.);
#5820 = ORIENTED_EDGE('',*,*,#5667,.F.);
#5821 = PLANE('',#5822);
#5822 = AXIS2_PLACEMENT_3D('',#5823,#5824,#5825);
#5823 = CARTESIAN_POINT('',(0.25,-0.25,14.6));
#5824 = DIRECTION('',(1.,0.,0.));
#5825 = DIRECTION('',(0.,-1.,0.));
#5826 = ADVANCED_FACE('',(#5827),#5834,.F.);
#5827 = FACE_BOUND('',#5828,.T.);
#5828 = EDGE_LOOP('',(#5829,#5830,#5831,#5832,#5833));
#5829 = ORIENTED_EDGE('',*,*,#5729,.F.);
#5830 = ORIENTED_EDGE('',*,*,#5093,.T.);
#5831 = ORIENTED_EDGE('',*,*,#5559,.F.);
#5832 = ORIENTED_EDGE('',*,*,#5450,.F.);
#5833 = ORIENTED_EDGE('',*,*,#5635,.F.);
#5834 = PLANE('',#5835);
#5835 = AXIS2_PLACEMENT_3D('',#5836,#5837,#5838);
#5836 = CARTESIAN_POINT('',(-0.25,-0.25,14.6));
#5837 = DIRECTION('',(0.,-1.,0.));
#5838 = DIRECTION('',(-1.,0.,0.));
#5839 = ADVANCED_FACE('',(#5840),#5847,.F.);
#5840 = FACE_BOUND('',#5841,.T.);
#5841 = EDGE_LOOP('',(#5842,#5843,#5844,#5845,#5846));
#5842 = ORIENTED_EDGE('',*,*,#5544,.F.);
#5843 = ORIENTED_EDGE('',*,*,#5119,.T.);
#5844 = ORIENTED_EDGE('',*,*,#5700,.F.);
#5845 = ORIENTED_EDGE('',*,*,#5612,.F.);
#5846 = ORIENTED_EDGE('',*,*,#5365,.F.);
#5847 = PLANE('',#5848);
#5848 = AXIS2_PLACEMENT_3D('',#5849,#5850,#5851);
#5849 = CARTESIAN_POINT('',(-2.123482971891,0.25,14.6));
#5850 = DIRECTION('',(0.,1.,0.));
#5851 = DIRECTION('',(1.,0.,0.));
#5852 = ADVANCED_FACE('',(#5853),#5860,.F.);
#5853 = FACE_BOUND('',#5854,.T.);
#5854 = EDGE_LOOP('',(#5855,#5856,#5857,#5858,#5859));
#5855 = ORIENTED_EDGE('',*,*,#5707,.F.);
#5856 = ORIENTED_EDGE('',*,*,#5136,.T.);
#5857 = ORIENTED_EDGE('',*,*,#5537,.F.);
#5858 = ORIENTED_EDGE('',*,*,#5389,.F.);
#5859 = ORIENTED_EDGE('',*,*,#5603,.F.);
#5860 = PLANE('',#5861);
#5861 = AXIS2_PLACEMENT_3D('',#5862,#5863,#5864);
#5862 = CARTESIAN_POINT('',(-0.25,0.25,14.6));
#5863 = DIRECTION('',(-1.,0.,0.));
#5864 = DIRECTION('',(0.,1.,0.));
#5865 = ADVANCED_FACE('',(#5866),#5936,.F.);
#5866 = FACE_BOUND('',#5867,.F.);
#5867 = EDGE_LOOP('',(#5868,#5879,#5887,#5896,#5904,#5913,#5920,#5921,
    #5930));
#5868 = ORIENTED_EDGE('',*,*,#5869,.F.);
#5869 = EDGE_CURVE('',#5870,#5872,#5874,.T.);
#5870 = VERTEX_POINT('',#5871);
#5871 = CARTESIAN_POINT('',(0.,-1.5,-1.5));
#5872 = VERTEX_POINT('',#5873);
#5873 = CARTESIAN_POINT('',(0.,1.5,-1.5));
#5874 = CIRCLE('',#5875,1.5);
#5875 = AXIS2_PLACEMENT_3D('',#5876,#5877,#5878);
#5876 = CARTESIAN_POINT('',(-8.381069439917E-17,0.,-1.5));
#5877 = DIRECTION('',(0.,0.,-1.));
#5878 = DIRECTION('',(-1.,0.,0.));
#5879 = ORIENTED_EDGE('',*,*,#5880,.F.);
#5880 = EDGE_CURVE('',#5881,#5870,#5883,.T.);
#5881 = VERTEX_POINT('',#5882);
#5882 = CARTESIAN_POINT('',(0.,-1.5,-4.5));
#5883 = LINE('',#5884,#5885);
#5884 = CARTESIAN_POINT('',(0.,-1.5,-1.5));
#5885 = VECTOR('',#5886,1.);
#5886 = DIRECTION('',(0.,0.,1.));
#5887 = ORIENTED_EDGE('',*,*,#5888,.T.);
#5888 = EDGE_CURVE('',#5881,#5889,#5891,.T.);
#5889 = VERTEX_POINT('',#5890);
#5890 = CARTESIAN_POINT('',(1.5,1.836970198721E-16,-4.5));
#5891 = CIRCLE('',#5892,1.5);
#5892 = AXIS2_PLACEMENT_3D('',#5893,#5894,#5895);
#5893 = CARTESIAN_POINT('',(-8.381069439917E-17,0.,-4.5));
#5894 = DIRECTION('',(0.,0.,1.));
#5895 = DIRECTION('',(-1.,0.,0.));
#5896 = ORIENTED_EDGE('',*,*,#5897,.T.);
#5897 = EDGE_CURVE('',#5889,#5898,#5900,.T.);
#5898 = VERTEX_POINT('',#5899);
#5899 = CARTESIAN_POINT('',(1.5,1.836970198721E-16,1.5));
#5900 = LINE('',#5901,#5902);
#5901 = CARTESIAN_POINT('',(1.5,1.836970198721E-16,-1.5));
#5902 = VECTOR('',#5903,1.);
#5903 = DIRECTION('',(0.,0.,1.));
#5904 = ORIENTED_EDGE('',*,*,#5905,.F.);
#5905 = EDGE_CURVE('',#5906,#5898,#5908,.T.);
#5906 = VERTEX_POINT('',#5907);
#5907 = CARTESIAN_POINT('',(-1.5,0.,1.5));
#5908 = CIRCLE('',#5909,1.5);
#5909 = AXIS2_PLACEMENT_3D('',#5910,#5911,#5912);
#5910 = CARTESIAN_POINT('',(-8.381069439917E-17,0.,1.5));
#5911 = DIRECTION('',(0.,0.,1.));
#5912 = DIRECTION('',(-1.,0.,0.));
#5913 = ORIENTED_EDGE('',*,*,#5914,.F.);
#5914 = EDGE_CURVE('',#5898,#5906,#5915,.T.);
#5915 = CIRCLE('',#5916,1.5);
#5916 = AXIS2_PLACEMENT_3D('',#5917,#5918,#5919);
#5917 = CARTESIAN_POINT('',(-8.381069439917E-17,0.,1.5));
#5918 = DIRECTION('',(0.,0.,1.));
#5919 = DIRECTION('',(-1.,0.,0.));
#5920 = ORIENTED_EDGE('',*,*,#5897,.F.);
#5921 = ORIENTED_EDGE('',*,*,#5922,.T.);
#5922 = EDGE_CURVE('',#5889,#5923,#5925,.T.);
#5923 = VERTEX_POINT('',#5924);
#5924 = CARTESIAN_POINT('',(0.,1.5,-4.5));
#5925 = CIRCLE('',#5926,1.5);
#5926 = AXIS2_PLACEMENT_3D('',#5927,#5928,#5929);
#5927 = CARTESIAN_POINT('',(-8.381069439917E-17,0.,-4.5));
#5928 = DIRECTION('',(0.,0.,1.));
#5929 = DIRECTION('',(-1.,0.,0.));
#5930 = ORIENTED_EDGE('',*,*,#5931,.F.);
#5931 = EDGE_CURVE('',#5872,#5923,#5932,.T.);
#5932 = LINE('',#5933,#5934);
#5933 = CARTESIAN_POINT('',(0.,1.5,-1.5));
#5934 = VECTOR('',#5935,1.);
#5935 = DIRECTION('',(0.,0.,-1.));
#5936 = CYLINDRICAL_SURFACE('',#5937,1.5);
#5937 = AXIS2_PLACEMENT_3D('',#5938,#5939,#5940);
#5938 = CARTESIAN_POINT('',(-8.381069439917E-17,0.,-1.5));
#5939 = DIRECTION('',(0.,0.,1.));
#5940 = DIRECTION('',(-1.,0.,0.));
#5941 = ADVANCED_FACE('',(#5942),#5955,.F.);
#5942 = FACE_BOUND('',#5943,.F.);
#5943 = EDGE_LOOP('',(#5944,#5952,#5953,#5954));
#5944 = ORIENTED_EDGE('',*,*,#5945,.T.);
#5945 = EDGE_CURVE('',#5898,#5946,#5948,.T.);
#5946 = VERTEX_POINT('',#5947);
#5947 = CARTESIAN_POINT('',(-8.381069439917E-17,0.,2.401290928541));
#5948 = LINE('',#5949,#5950);
#5949 = CARTESIAN_POINT('',(0.75,9.184850993605E-17,1.950645464271));
#5950 = VECTOR('',#5951,1.);
#5951 = DIRECTION('',(-0.857167300702,-1.049727191139E-16,0.51503807491)
  );
#5952 = ORIENTED_EDGE('',*,*,#5945,.F.);
#5953 = ORIENTED_EDGE('',*,*,#5914,.T.);
#5954 = ORIENTED_EDGE('',*,*,#5905,.T.);
#5955 = CONICAL_SURFACE('',#5956,0.75,1.029744258677);
#5956 = AXIS2_PLACEMENT_3D('',#5957,#5958,#5959);
#5957 = CARTESIAN_POINT('',(-8.381069439917E-17,0.,1.950645464271));
#5958 = DIRECTION('',(0.,0.,-1.));
#5959 = DIRECTION('',(-1.,0.,0.));
#5960 = ADVANCED_FACE('',(#5961),#6015,.T.);
#5961 = FACE_BOUND('',#5962,.T.);
#5962 = EDGE_LOOP('',(#5963,#5973,#5982,#5990,#5999,#6005,#6006,#6007,
    #6008));
#5963 = ORIENTED_EDGE('',*,*,#5964,.T.);
#5964 = EDGE_CURVE('',#5965,#5967,#5969,.T.);
#5965 = VERTEX_POINT('',#5966);
#5966 = CARTESIAN_POINT('',(0.,2.15,-4.5));
#5967 = VERTEX_POINT('',#5968);
#5968 = CARTESIAN_POINT('',(0.,2.15,-1.5));
#5969 = LINE('',#5970,#5971);
#5970 = CARTESIAN_POINT('',(0.,2.15,3.));
#5971 = VECTOR('',#5972,1.);
#5972 = DIRECTION('',(0.,0.,1.));
#5973 = ORIENTED_EDGE('',*,*,#5974,.T.);
#5974 = EDGE_CURVE('',#5967,#5975,#5977,.T.);
#5975 = VERTEX_POINT('',#5976);
#5976 = CARTESIAN_POINT('',(0.,-2.15,-1.5));
#5977 = CIRCLE('',#5978,2.15);
#5978 = AXIS2_PLACEMENT_3D('',#5979,#5980,#5981);
#5979 = CARTESIAN_POINT('',(0.,0.,-1.5));
#5980 = DIRECTION('',(0.,0.,1.));
#5981 = DIRECTION('',(-1.,0.,0.));
#5982 = ORIENTED_EDGE('',*,*,#5983,.T.);
#5983 = EDGE_CURVE('',#5975,#5984,#5986,.T.);
#5984 = VERTEX_POINT('',#5985);
#5985 = CARTESIAN_POINT('',(0.,-2.15,-4.5));
#5986 = LINE('',#5987,#5988);
#5987 = CARTESIAN_POINT('',(0.,-2.15,3.));
#5988 = VECTOR('',#5989,1.);
#5989 = DIRECTION('',(0.,0.,-1.));
#5990 = ORIENTED_EDGE('',*,*,#5991,.F.);
#5991 = EDGE_CURVE('',#5992,#5984,#5994,.T.);
#5992 = VERTEX_POINT('',#5993);
#5993 = CARTESIAN_POINT('',(2.15,-2.632990618167E-16,-4.5));
#5994 = CIRCLE('',#5995,2.15);
#5995 = AXIS2_PLACEMENT_3D('',#5996,#5997,#5998);
#5996 = CARTESIAN_POINT('',(0.,0.,-4.5));
#5997 = DIRECTION('',(0.,0.,-1.));
#5998 = DIRECTION('',(-1.,0.,0.));
#5999 = ORIENTED_EDGE('',*,*,#6000,.T.);
#6000 = EDGE_CURVE('',#5992,#4997,#6001,.T.);
#6001 = LINE('',#6002,#6003);
#6002 = CARTESIAN_POINT('',(2.15,-2.632990618167E-16,3.));
#6003 = VECTOR('',#6004,1.);
#6004 = DIRECTION('',(0.,0.,1.));
#6005 = ORIENTED_EDGE('',*,*,#4994,.F.);
#6006 = ORIENTED_EDGE('',*,*,#5005,.F.);
#6007 = ORIENTED_EDGE('',*,*,#6000,.F.);
#6008 = ORIENTED_EDGE('',*,*,#6009,.F.);
#6009 = EDGE_CURVE('',#5965,#5992,#6010,.T.);
#6010 = CIRCLE('',#6011,2.15);
#6011 = AXIS2_PLACEMENT_3D('',#6012,#6013,#6014);
#6012 = CARTESIAN_POINT('',(0.,0.,-4.5));
#6013 = DIRECTION('',(0.,0.,-1.));
#6014 = DIRECTION('',(-1.,0.,0.));
#6015 = CYLINDRICAL_SURFACE('',#6016,2.15);
#6016 = AXIS2_PLACEMENT_3D('',#6017,#6018,#6019);
#6017 = CARTESIAN_POINT('',(0.,0.,3.));
#6018 = DIRECTION('',(0.,0.,-1.));
#6019 = DIRECTION('',(-1.,0.,0.));
#6020 = ADVANCED_FACE('',(#6021),#6039,.T.);
#6021 = FACE_BOUND('',#6022,.T.);
#6022 = EDGE_LOOP('',(#6023,#6029,#6030,#6031,#6037,#6038));
#6023 = ORIENTED_EDGE('',*,*,#6024,.T.);
#6024 = EDGE_CURVE('',#5923,#5965,#6025,.T.);
#6025 = LINE('',#6026,#6027);
#6026 = CARTESIAN_POINT('',(0.,-1.075,-4.5));
#6027 = VECTOR('',#6028,1.);
#6028 = DIRECTION('',(0.,1.,0.));
#6029 = ORIENTED_EDGE('',*,*,#6009,.T.);
#6030 = ORIENTED_EDGE('',*,*,#5991,.T.);
#6031 = ORIENTED_EDGE('',*,*,#6032,.T.);
#6032 = EDGE_CURVE('',#5984,#5881,#6033,.T.);
#6033 = LINE('',#6034,#6035);
#6034 = CARTESIAN_POINT('',(0.,-1.075,-4.5));
#6035 = VECTOR('',#6036,1.);
#6036 = DIRECTION('',(0.,1.,0.));
#6037 = ORIENTED_EDGE('',*,*,#5888,.T.);
#6038 = ORIENTED_EDGE('',*,*,#5922,.T.);
#6039 = PLANE('',#6040);
#6040 = AXIS2_PLACEMENT_3D('',#6041,#6042,#6043);
#6041 = CARTESIAN_POINT('',(0.,0.,-4.5));
#6042 = DIRECTION('',(0.,0.,-1.));
#6043 = DIRECTION('',(-1.,0.,0.));
#6044 = ADVANCED_FACE('',(#6045),#6061,.F.);
#6045 = FACE_BOUND('',#6046,.T.);
#6046 = EDGE_LOOP('',(#6047,#6048,#6054,#6055));
#6047 = ORIENTED_EDGE('',*,*,#5869,.F.);
#6048 = ORIENTED_EDGE('',*,*,#6049,.F.);
#6049 = EDGE_CURVE('',#5975,#5870,#6050,.T.);
#6050 = LINE('',#6051,#6052);
#6051 = CARTESIAN_POINT('',(0.,-2.15,-1.5));
#6052 = VECTOR('',#6053,1.);
#6053 = DIRECTION('',(0.,1.,0.));
#6054 = ORIENTED_EDGE('',*,*,#5974,.F.);
#6055 = ORIENTED_EDGE('',*,*,#6056,.F.);
#6056 = EDGE_CURVE('',#5872,#5967,#6057,.T.);
#6057 = LINE('',#6058,#6059);
#6058 = CARTESIAN_POINT('',(0.,-2.15,-1.5));
#6059 = VECTOR('',#6060,1.);
#6060 = DIRECTION('',(0.,1.,0.));
#6061 = PLANE('',#6062);
#6062 = AXIS2_PLACEMENT_3D('',#6063,#6064,#6065);
#6063 = CARTESIAN_POINT('',(-2.89999993518,-2.15,-1.5));
#6064 = DIRECTION('',(0.,0.,1.));
#6065 = DIRECTION('',(1.,0.,-0.));
#6066 = ADVANCED_FACE('',(#6067),#6073,.F.);
#6067 = FACE_BOUND('',#6068,.T.);
#6068 = EDGE_LOOP('',(#6069,#6070,#6071,#6072));
#6069 = ORIENTED_EDGE('',*,*,#5931,.F.);
#6070 = ORIENTED_EDGE('',*,*,#6056,.T.);
#6071 = ORIENTED_EDGE('',*,*,#5964,.F.);
#6072 = ORIENTED_EDGE('',*,*,#6024,.F.);
#6073 = PLANE('',#6074);
#6074 = AXIS2_PLACEMENT_3D('',#6075,#6076,#6077);
#6075 = CARTESIAN_POINT('',(0.,-2.15,-1.5));
#6076 = DIRECTION('',(1.,0.,0.));
#6077 = DIRECTION('',(0.,0.,-1.));
#6078 = ADVANCED_FACE('',(#6079),#6085,.F.);
#6079 = FACE_BOUND('',#6080,.T.);
#6080 = EDGE_LOOP('',(#6081,#6082,#6083,#6084));
#6081 = ORIENTED_EDGE('',*,*,#5880,.F.);
#6082 = ORIENTED_EDGE('',*,*,#6032,.F.);
#6083 = ORIENTED_EDGE('',*,*,#5983,.F.);
#6084 = ORIENTED_EDGE('',*,*,#6049,.T.);
#6085 = PLANE('',#6086);
#6086 = AXIS2_PLACEMENT_3D('',#6087,#6088,#6089);
#6087 = CARTESIAN_POINT('',(0.,-2.15,-1.5));
#6088 = DIRECTION('',(1.,0.,0.));
#6089 = DIRECTION('',(0.,0.,-1.));
#6090 = MANIFOLD_SOLID_BREP('',#6091);
#6091 = CLOSED_SHELL('',(#6092,#6134,#6176,#6216,#6247,#6278,#6300,#6312
    ,#6352,#6383,#6414,#6436,#6448,#6488,#6519,#6550,#6572,#6584,#6624,
    #6655,#6686,#6717,#6748,#6779,#6810,#6841,#6872,#6903,#6934,#6956,
    #6976,#7009,#7021,#7054,#7066,#7106,#7146,#7168,#7278,#7309,#7333,
    #7361,#7378,#7390,#7421,#7445,#7473,#7497,#7521,#7538,#7584,#7615,
    #7652,#7683,#7720,#7756,#7778));
#6092 = ADVANCED_FACE('',(#6093),#6129,.F.);
#6093 = FACE_BOUND('',#6094,.F.);
#6094 = EDGE_LOOP('',(#6095,#6105,#6112,#6113,#6122));
#6095 = ORIENTED_EDGE('',*,*,#6096,.T.);
#6096 = EDGE_CURVE('',#6097,#6099,#6101,.T.);
#6097 = VERTEX_POINT('',#6098);
#6098 = CARTESIAN_POINT('',(2.15,-2.632990618167E-16,6.7));
#6099 = VERTEX_POINT('',#6100);
#6100 = CARTESIAN_POINT('',(2.15,-2.632990618167E-16,3.));
#6101 = LINE('',#6102,#6103);
#6102 = CARTESIAN_POINT('',(2.15,-2.632990618167E-16,3.));
#6103 = VECTOR('',#6104,1.);
#6104 = DIRECTION('',(0.,0.,-1.));
#6105 = ORIENTED_EDGE('',*,*,#6106,.T.);
#6106 = EDGE_CURVE('',#6099,#6099,#6107,.T.);
#6107 = CIRCLE('',#6108,2.15);
#6108 = AXIS2_PLACEMENT_3D('',#6109,#6110,#6111);
#6109 = CARTESIAN_POINT('',(0.,0.,3.));
#6110 = DIRECTION('',(0.,0.,1.));
#6111 = DIRECTION('',(-1.,0.,0.));
#6112 = ORIENTED_EDGE('',*,*,#6096,.F.);
#6113 = ORIENTED_EDGE('',*,*,#6114,.T.);
#6114 = EDGE_CURVE('',#6097,#6115,#6117,.T.);
#6115 = VERTEX_POINT('',#6116);
#6116 = CARTESIAN_POINT('',(-2.15,-2.632990618167E-16,6.7));
#6117 = CIRCLE('',#6118,2.15);
#6118 = AXIS2_PLACEMENT_3D('',#6119,#6120,#6121);
#6119 = CARTESIAN_POINT('',(0.,0.,6.7));
#6120 = DIRECTION('',(0.,0.,-1.));
#6121 = DIRECTION('',(1.,0.,0.));
#6122 = ORIENTED_EDGE('',*,*,#6123,.T.);
#6123 = EDGE_CURVE('',#6115,#6097,#6124,.T.);
#6124 = CIRCLE('',#6125,2.15);
#6125 = AXIS2_PLACEMENT_3D('',#6126,#6127,#6128);
#6126 = CARTESIAN_POINT('',(0.,0.,6.7));
#6127 = DIRECTION('',(0.,0.,-1.));
#6128 = DIRECTION('',(1.,0.,0.));
#6129 = CYLINDRICAL_SURFACE('',#6130,2.15);
#6130 = AXIS2_PLACEMENT_3D('',#6131,#6132,#6133);
#6131 = CARTESIAN_POINT('',(0.,0.,3.));
#6132 = DIRECTION('',(0.,0.,-1.));
#6133 = DIRECTION('',(-1.,0.,0.));
#6134 = ADVANCED_FACE('',(#6135),#6171,.F.);
#6135 = FACE_BOUND('',#6136,.F.);
#6136 = EDGE_LOOP('',(#6137,#6147,#6154,#6155,#6164));
#6137 = ORIENTED_EDGE('',*,*,#6138,.T.);
#6138 = EDGE_CURVE('',#6139,#6141,#6143,.T.);
#6139 = VERTEX_POINT('',#6140);
#6140 = CARTESIAN_POINT('',(9.35,-2.632990618167E-16,6.7));
#6141 = VERTEX_POINT('',#6142);
#6142 = CARTESIAN_POINT('',(9.35,-2.632990618167E-16,3.));
#6143 = LINE('',#6144,#6145);
#6144 = CARTESIAN_POINT('',(9.35,-2.632990618167E-16,3.));
#6145 = VECTOR('',#6146,1.);
#6146 = DIRECTION('',(0.,0.,-1.));
#6147 = ORIENTED_EDGE('',*,*,#6148,.T.);
#6148 = EDGE_CURVE('',#6141,#6141,#6149,.T.);
#6149 = CIRCLE('',#6150,2.15);
#6150 = AXIS2_PLACEMENT_3D('',#6151,#6152,#6153);
#6151 = CARTESIAN_POINT('',(7.2,0.,3.));
#6152 = DIRECTION('',(0.,0.,1.));
#6153 = DIRECTION('',(-1.,0.,0.));
#6154 = ORIENTED_EDGE('',*,*,#6138,.F.);
#6155 = ORIENTED_EDGE('',*,*,#6156,.T.);
#6156 = EDGE_CURVE('',#6139,#6157,#6159,.T.);
#6157 = VERTEX_POINT('',#6158);
#6158 = CARTESIAN_POINT('',(5.05,-2.632990618167E-16,6.7));
#6159 = CIRCLE('',#6160,2.15);
#6160 = AXIS2_PLACEMENT_3D('',#6161,#6162,#6163);
#6161 = CARTESIAN_POINT('',(7.2,0.,6.7));
#6162 = DIRECTION('',(0.,0.,-1.));
#6163 = DIRECTION('',(1.,0.,0.));
#6164 = ORIENTED_EDGE('',*,*,#6165,.T.);
#6165 = EDGE_CURVE('',#6157,#6139,#6166,.T.);
#6166 = CIRCLE('',#6167,2.15);
#6167 = AXIS2_PLACEMENT_3D('',#6168,#6169,#6170);
#6168 = CARTESIAN_POINT('',(7.2,0.,6.7));
#6169 = DIRECTION('',(0.,0.,-1.));
#6170 = DIRECTION('',(1.,0.,0.));
#6171 = CYLINDRICAL_SURFACE('',#6172,2.15);
#6172 = AXIS2_PLACEMENT_3D('',#6173,#6174,#6175);
#6173 = CARTESIAN_POINT('',(7.2,0.,3.));
#6174 = DIRECTION('',(0.,0.,-1.));
#6175 = DIRECTION('',(-1.,0.,0.));
#6176 = ADVANCED_FACE('',(#6177),#6211,.F.);
#6177 = FACE_BOUND('',#6178,.T.);
#6178 = EDGE_LOOP('',(#6179,#6189,#6197,#6205));
#6179 = ORIENTED_EDGE('',*,*,#6180,.F.);
#6180 = EDGE_CURVE('',#6181,#6183,#6185,.T.);
#6181 = VERTEX_POINT('',#6182);
#6182 = CARTESIAN_POINT('',(-0.349010858087,-4.05,1.));
#6183 = VERTEX_POINT('',#6184);
#6184 = CARTESIAN_POINT('',(-0.349010858087,-4.05,6.5));
#6185 = LINE('',#6186,#6187);
#6186 = CARTESIAN_POINT('',(-0.349010858087,-4.05,0.5));
#6187 = VECTOR('',#6188,1.);
#6188 = DIRECTION('',(0.,0.,1.));
#6189 = ORIENTED_EDGE('',*,*,#6190,.T.);
#6190 = EDGE_CURVE('',#6181,#6191,#6193,.T.);
#6191 = VERTEX_POINT('',#6192);
#6192 = CARTESIAN_POINT('',(-0.349010858087,-3.25,1.));
#6193 = LINE('',#6194,#6195);
#6194 = CARTESIAN_POINT('',(-0.349010858087,-4.05,1.));
#6195 = VECTOR('',#6196,1.);
#6196 = DIRECTION('',(0.,1.,0.));
#6197 = ORIENTED_EDGE('',*,*,#6198,.T.);
#6198 = EDGE_CURVE('',#6191,#6199,#6201,.T.);
#6199 = VERTEX_POINT('',#6200);
#6200 = CARTESIAN_POINT('',(-0.349010858087,-3.25,6.5));
#6201 = LINE('',#6202,#6203);
#6202 = CARTESIAN_POINT('',(-0.349010858087,-3.25,1.));
#6203 = VECTOR('',#6204,1.);
#6204 = DIRECTION('',(0.,0.,1.));
#6205 = ORIENTED_EDGE('',*,*,#6206,.F.);
#6206 = EDGE_CURVE('',#6183,#6199,#6207,.T.);
#6207 = LINE('',#6208,#6209);
#6208 = CARTESIAN_POINT('',(-0.349010858087,-4.05,6.5));
#6209 = VECTOR('',#6210,1.);
#6210 = DIRECTION('',(0.,1.,0.));
#6211 = PLANE('',#6212);
#6212 = AXIS2_PLACEMENT_3D('',#6213,#6214,#6215);
#6213 = CARTESIAN_POINT('',(-0.349010858087,-4.05,1.));
#6214 = DIRECTION('',(-1.,0.,0.));
#6215 = DIRECTION('',(0.,0.,1.));
#6216 = ADVANCED_FACE('',(#6217),#6242,.F.);
#6217 = FACE_BOUND('',#6218,.T.);
#6218 = EDGE_LOOP('',(#6219,#6227,#6235,#6241));
#6219 = ORIENTED_EDGE('',*,*,#6220,.F.);
#6220 = EDGE_CURVE('',#6221,#6181,#6223,.T.);
#6221 = VERTEX_POINT('',#6222);
#6222 = CARTESIAN_POINT('',(9.650989141913,-4.05,1.));
#6223 = LINE('',#6224,#6225);
#6224 = CARTESIAN_POINT('',(4.250494570956,-4.05,1.));
#6225 = VECTOR('',#6226,1.);
#6226 = DIRECTION('',(-1.,0.,0.));
#6227 = ORIENTED_EDGE('',*,*,#6228,.T.);
#6228 = EDGE_CURVE('',#6221,#6229,#6231,.T.);
#6229 = VERTEX_POINT('',#6230);
#6230 = CARTESIAN_POINT('',(9.650989141913,-3.25,1.));
#6231 = LINE('',#6232,#6233);
#6232 = CARTESIAN_POINT('',(9.650989141913,-4.05,1.));
#6233 = VECTOR('',#6234,1.);
#6234 = DIRECTION('',(0.,1.,0.));
#6235 = ORIENTED_EDGE('',*,*,#6236,.T.);
#6236 = EDGE_CURVE('',#6229,#6191,#6237,.T.);
#6237 = LINE('',#6238,#6239);
#6238 = CARTESIAN_POINT('',(9.650989141913,-3.25,1.));
#6239 = VECTOR('',#6240,1.);
#6240 = DIRECTION('',(-1.,0.,0.));
#6241 = ORIENTED_EDGE('',*,*,#6190,.F.);
#6242 = PLANE('',#6243);
#6243 = AXIS2_PLACEMENT_3D('',#6244,#6245,#6246);
#6244 = CARTESIAN_POINT('',(9.650989141913,-4.05,1.));
#6245 = DIRECTION('',(0.,0.,-1.));
#6246 = DIRECTION('',(-1.,0.,0.));
#6247 = ADVANCED_FACE('',(#6248),#6273,.F.);
#6248 = FACE_BOUND('',#6249,.T.);
#6249 = EDGE_LOOP('',(#6250,#6258,#6266,#6272));
#6250 = ORIENTED_EDGE('',*,*,#6251,.F.);
#6251 = EDGE_CURVE('',#6252,#6221,#6254,.T.);
#6252 = VERTEX_POINT('',#6253);
#6253 = CARTESIAN_POINT('',(9.650989141913,-4.05,6.5));
#6254 = LINE('',#6255,#6256);
#6255 = CARTESIAN_POINT('',(9.650989141913,-4.05,3.25));
#6256 = VECTOR('',#6257,1.);
#6257 = DIRECTION('',(0.,0.,-1.));
#6258 = ORIENTED_EDGE('',*,*,#6259,.T.);
#6259 = EDGE_CURVE('',#6252,#6260,#6262,.T.);
#6260 = VERTEX_POINT('',#6261);
#6261 = CARTESIAN_POINT('',(9.650989141913,-3.25,6.5));
#6262 = LINE('',#6263,#6264);
#6263 = CARTESIAN_POINT('',(9.650989141913,-4.05,6.5));
#6264 = VECTOR('',#6265,1.);
#6265 = DIRECTION('',(0.,1.,0.));
#6266 = ORIENTED_EDGE('',*,*,#6267,.T.);
#6267 = EDGE_CURVE('',#6260,#6229,#6268,.T.);
#6268 = LINE('',#6269,#6270);
#6269 = CARTESIAN_POINT('',(9.650989141913,-3.25,6.5));
#6270 = VECTOR('',#6271,1.);
#6271 = DIRECTION('',(0.,0.,-1.));
#6272 = ORIENTED_EDGE('',*,*,#6228,.F.);
#6273 = PLANE('',#6274);
#6274 = AXIS2_PLACEMENT_3D('',#6275,#6276,#6277);
#6275 = CARTESIAN_POINT('',(9.650989141913,-4.05,6.5));
#6276 = DIRECTION('',(1.,0.,0.));
#6277 = DIRECTION('',(0.,0.,-1.));
#6278 = ADVANCED_FACE('',(#6279),#6295,.F.);
#6279 = FACE_BOUND('',#6280,.T.);
#6280 = EDGE_LOOP('',(#6281,#6287,#6288,#6294));
#6281 = ORIENTED_EDGE('',*,*,#6282,.F.);
#6282 = EDGE_CURVE('',#6183,#6252,#6283,.T.);
#6283 = LINE('',#6284,#6285);
#6284 = CARTESIAN_POINT('',(-0.749505429044,-4.05,6.5));
#6285 = VECTOR('',#6286,1.);
#6286 = DIRECTION('',(1.,0.,0.));
#6287 = ORIENTED_EDGE('',*,*,#6206,.T.);
#6288 = ORIENTED_EDGE('',*,*,#6289,.T.);
#6289 = EDGE_CURVE('',#6199,#6260,#6290,.T.);
#6290 = LINE('',#6291,#6292);
#6291 = CARTESIAN_POINT('',(-0.349010858087,-3.25,6.5));
#6292 = VECTOR('',#6293,1.);
#6293 = DIRECTION('',(1.,0.,0.));
#6294 = ORIENTED_EDGE('',*,*,#6259,.F.);
#6295 = PLANE('',#6296);
#6296 = AXIS2_PLACEMENT_3D('',#6297,#6298,#6299);
#6297 = CARTESIAN_POINT('',(-0.349010858087,-4.05,6.5));
#6298 = DIRECTION('',(0.,0.,1.));
#6299 = DIRECTION('',(1.,0.,-0.));
#6300 = ADVANCED_FACE('',(#6301),#6307,.F.);
#6301 = FACE_BOUND('',#6302,.T.);
#6302 = EDGE_LOOP('',(#6303,#6304,#6305,#6306));
#6303 = ORIENTED_EDGE('',*,*,#6289,.F.);
#6304 = ORIENTED_EDGE('',*,*,#6198,.F.);
#6305 = ORIENTED_EDGE('',*,*,#6236,.F.);
#6306 = ORIENTED_EDGE('',*,*,#6267,.F.);
#6307 = PLANE('',#6308);
#6308 = AXIS2_PLACEMENT_3D('',#6309,#6310,#6311);
#6309 = CARTESIAN_POINT('',(4.650989141913,-3.25,3.75));
#6310 = DIRECTION('',(0.,1.,0.));
#6311 = DIRECTION('',(0.,-0.,1.));
#6312 = ADVANCED_FACE('',(#6313),#6347,.F.);
#6313 = FACE_BOUND('',#6314,.T.);
#6314 = EDGE_LOOP('',(#6315,#6325,#6333,#6341));
#6315 = ORIENTED_EDGE('',*,*,#6316,.F.);
#6316 = EDGE_CURVE('',#6317,#6319,#6321,.T.);
#6317 = VERTEX_POINT('',#6318);
#6318 = CARTESIAN_POINT('',(-0.65,4.05,1.));
#6319 = VERTEX_POINT('',#6320);
#6320 = CARTESIAN_POINT('',(9.35,4.05,1.));
#6321 = LINE('',#6322,#6323);
#6322 = CARTESIAN_POINT('',(5.35,4.05,1.));
#6323 = VECTOR('',#6324,1.);
#6324 = DIRECTION('',(1.,0.,0.));
#6325 = ORIENTED_EDGE('',*,*,#6326,.T.);
#6326 = EDGE_CURVE('',#6317,#6327,#6329,.T.);
#6327 = VERTEX_POINT('',#6328);
#6328 = CARTESIAN_POINT('',(-0.65,3.25,1.));
#6329 = LINE('',#6330,#6331);
#6330 = CARTESIAN_POINT('',(-0.65,4.05,1.));
#6331 = VECTOR('',#6332,1.);
#6332 = DIRECTION('',(0.,-1.,0.));
#6333 = ORIENTED_EDGE('',*,*,#6334,.T.);
#6334 = EDGE_CURVE('',#6327,#6335,#6337,.T.);
#6335 = VERTEX_POINT('',#6336);
#6336 = CARTESIAN_POINT('',(9.35,3.25,1.));
#6337 = LINE('',#6338,#6339);
#6338 = CARTESIAN_POINT('',(9.35,3.25,1.));
#6339 = VECTOR('',#6340,1.);
#6340 = DIRECTION('',(1.,0.,0.));
#6341 = ORIENTED_EDGE('',*,*,#6342,.F.);
#6342 = EDGE_CURVE('',#6319,#6335,#6343,.T.);
#6343 = LINE('',#6344,#6345);
#6344 = CARTESIAN_POINT('',(9.35,4.05,1.));
#6345 = VECTOR('',#6346,1.);
#6346 = DIRECTION('',(0.,-1.,0.));
#6347 = PLANE('',#6348);
#6348 = AXIS2_PLACEMENT_3D('',#6349,#6350,#6351);
#6349 = CARTESIAN_POINT('',(-0.65,4.05,1.));
#6350 = DIRECTION('',(0.,0.,-1.));
#6351 = DIRECTION('',(1.,0.,0.));
#6352 = ADVANCED_FACE('',(#6353),#6378,.F.);
#6353 = FACE_BOUND('',#6354,.T.);
#6354 = EDGE_LOOP('',(#6355,#6363,#6371,#6377));
#6355 = ORIENTED_EDGE('',*,*,#6356,.F.);
#6356 = EDGE_CURVE('',#6357,#6317,#6359,.T.);
#6357 = VERTEX_POINT('',#6358);
#6358 = CARTESIAN_POINT('',(-0.65,4.05,6.5));
#6359 = LINE('',#6360,#6361);
#6360 = CARTESIAN_POINT('',(-0.65,4.05,3.25));
#6361 = VECTOR('',#6362,1.);
#6362 = DIRECTION('',(0.,0.,-1.));
#6363 = ORIENTED_EDGE('',*,*,#6364,.T.);
#6364 = EDGE_CURVE('',#6357,#6365,#6367,.T.);
#6365 = VERTEX_POINT('',#6366);
#6366 = CARTESIAN_POINT('',(-0.65,3.25,6.5));
#6367 = LINE('',#6368,#6369);
#6368 = CARTESIAN_POINT('',(-0.65,4.05,6.5));
#6369 = VECTOR('',#6370,1.);
#6370 = DIRECTION('',(0.,-1.,0.));
#6371 = ORIENTED_EDGE('',*,*,#6372,.T.);
#6372 = EDGE_CURVE('',#6365,#6327,#6373,.T.);
#6373 = LINE('',#6374,#6375);
#6374 = CARTESIAN_POINT('',(-0.65,3.25,1.));
#6375 = VECTOR('',#6376,1.);
#6376 = DIRECTION('',(0.,0.,-1.));
#6377 = ORIENTED_EDGE('',*,*,#6326,.F.);
#6378 = PLANE('',#6379);
#6379 = AXIS2_PLACEMENT_3D('',#6380,#6381,#6382);
#6380 = CARTESIAN_POINT('',(-0.65,4.05,6.5));
#6381 = DIRECTION('',(-1.,0.,0.));
#6382 = DIRECTION('',(0.,0.,-1.));
#6383 = ADVANCED_FACE('',(#6384),#6409,.F.);
#6384 = FACE_BOUND('',#6385,.T.);
#6385 = EDGE_LOOP('',(#6386,#6394,#6402,#6408));
#6386 = ORIENTED_EDGE('',*,*,#6387,.F.);
#6387 = EDGE_CURVE('',#6388,#6357,#6390,.T.);
#6388 = VERTEX_POINT('',#6389);
#6389 = CARTESIAN_POINT('',(9.35,4.05,6.5));
#6390 = LINE('',#6391,#6392);
#6391 = CARTESIAN_POINT('',(10.35,4.05,6.5));
#6392 = VECTOR('',#6393,1.);
#6393 = DIRECTION('',(-1.,0.,0.));
#6394 = ORIENTED_EDGE('',*,*,#6395,.T.);
#6395 = EDGE_CURVE('',#6388,#6396,#6398,.T.);
#6396 = VERTEX_POINT('',#6397);
#6397 = CARTESIAN_POINT('',(9.35,3.25,6.5));
#6398 = LINE('',#6399,#6400);
#6399 = CARTESIAN_POINT('',(9.35,4.05,6.5));
#6400 = VECTOR('',#6401,1.);
#6401 = DIRECTION('',(0.,-1.,0.));
#6402 = ORIENTED_EDGE('',*,*,#6403,.T.);
#6403 = EDGE_CURVE('',#6396,#6365,#6404,.T.);
#6404 = LINE('',#6405,#6406);
#6405 = CARTESIAN_POINT('',(-0.65,3.25,6.5));
#6406 = VECTOR('',#6407,1.);
#6407 = DIRECTION('',(-1.,0.,0.));
#6408 = ORIENTED_EDGE('',*,*,#6364,.F.);
#6409 = PLANE('',#6410);
#6410 = AXIS2_PLACEMENT_3D('',#6411,#6412,#6413);
#6411 = CARTESIAN_POINT('',(9.35,4.05,6.5));
#6412 = DIRECTION('',(0.,0.,1.));
#6413 = DIRECTION('',(-1.,0.,0.));
#6414 = ADVANCED_FACE('',(#6415),#6431,.F.);
#6415 = FACE_BOUND('',#6416,.T.);
#6416 = EDGE_LOOP('',(#6417,#6423,#6424,#6430));
#6417 = ORIENTED_EDGE('',*,*,#6418,.F.);
#6418 = EDGE_CURVE('',#6319,#6388,#6419,.T.);
#6419 = LINE('',#6420,#6421);
#6420 = CARTESIAN_POINT('',(9.35,4.05,0.5));
#6421 = VECTOR('',#6422,1.);
#6422 = DIRECTION('',(0.,0.,1.));
#6423 = ORIENTED_EDGE('',*,*,#6342,.T.);
#6424 = ORIENTED_EDGE('',*,*,#6425,.T.);
#6425 = EDGE_CURVE('',#6335,#6396,#6426,.T.);
#6426 = LINE('',#6427,#6428);
#6427 = CARTESIAN_POINT('',(9.35,3.25,6.5));
#6428 = VECTOR('',#6429,1.);
#6429 = DIRECTION('',(0.,0.,1.));
#6430 = ORIENTED_EDGE('',*,*,#6395,.F.);
#6431 = PLANE('',#6432);
#6432 = AXIS2_PLACEMENT_3D('',#6433,#6434,#6435);
#6433 = CARTESIAN_POINT('',(9.35,4.05,1.));
#6434 = DIRECTION('',(1.,0.,0.));
#6435 = DIRECTION('',(0.,0.,1.));
#6436 = ADVANCED_FACE('',(#6437),#6443,.F.);
#6437 = FACE_BOUND('',#6438,.T.);
#6438 = EDGE_LOOP('',(#6439,#6440,#6441,#6442));
#6439 = ORIENTED_EDGE('',*,*,#6425,.F.);
#6440 = ORIENTED_EDGE('',*,*,#6334,.F.);
#6441 = ORIENTED_EDGE('',*,*,#6372,.F.);
#6442 = ORIENTED_EDGE('',*,*,#6403,.F.);
#6443 = PLANE('',#6444);
#6444 = AXIS2_PLACEMENT_3D('',#6445,#6446,#6447);
#6445 = CARTESIAN_POINT('',(4.35,3.25,3.75));
#6446 = DIRECTION('',(0.,-1.,0.));
#6447 = DIRECTION('',(0.,0.,-1.));
#6448 = ADVANCED_FACE('',(#6449),#6483,.T.);
#6449 = FACE_BOUND('',#6450,.T.);
#6450 = EDGE_LOOP('',(#6451,#6461,#6469,#6477));
#6451 = ORIENTED_EDGE('',*,*,#6452,.F.);
#6452 = EDGE_CURVE('',#6453,#6455,#6457,.T.);
#6453 = VERTEX_POINT('',#6454);
#6454 = CARTESIAN_POINT('',(-4.15,-1.,3.));
#6455 = VERTEX_POINT('',#6456);
#6456 = CARTESIAN_POINT('',(-4.15,1.,3.));
#6457 = LINE('',#6458,#6459);
#6458 = CARTESIAN_POINT('',(-4.15,1.275,3.));
#6459 = VECTOR('',#6460,1.);
#6460 = DIRECTION('',(0.,1.,0.));
#6461 = ORIENTED_EDGE('',*,*,#6462,.T.);
#6462 = EDGE_CURVE('',#6453,#6463,#6465,.T.);
#6463 = VERTEX_POINT('',#6464);
#6464 = CARTESIAN_POINT('',(-4.35,-1.,3.));
#6465 = LINE('',#6466,#6467);
#6466 = CARTESIAN_POINT('',(-4.15,-1.,3.));
#6467 = VECTOR('',#6468,1.);
#6468 = DIRECTION('',(-1.,0.,0.));
#6469 = ORIENTED_EDGE('',*,*,#6470,.F.);
#6470 = EDGE_CURVE('',#6471,#6463,#6473,.T.);
#6471 = VERTEX_POINT('',#6472);
#6472 = CARTESIAN_POINT('',(-4.35,1.,3.));
#6473 = LINE('',#6474,#6475);
#6474 = CARTESIAN_POINT('',(-4.35,-1.,3.));
#6475 = VECTOR('',#6476,1.);
#6476 = DIRECTION('',(0.,-1.,0.));
#6477 = ORIENTED_EDGE('',*,*,#6478,.F.);
#6478 = EDGE_CURVE('',#6455,#6471,#6479,.T.);
#6479 = LINE('',#6480,#6481);
#6480 = CARTESIAN_POINT('',(-4.15,1.,3.));
#6481 = VECTOR('',#6482,1.);
#6482 = DIRECTION('',(-1.,0.,0.));
#6483 = PLANE('',#6484);
#6484 = AXIS2_PLACEMENT_3D('',#6485,#6486,#6487);
#6485 = CARTESIAN_POINT('',(-4.15,1.,3.));
#6486 = DIRECTION('',(0.,0.,-1.));
#6487 = DIRECTION('',(0.,-1.,0.));
#6488 = ADVANCED_FACE('',(#6489),#6514,.T.);
#6489 = FACE_BOUND('',#6490,.T.);
#6490 = EDGE_LOOP('',(#6491,#6499,#6500,#6508));
#6491 = ORIENTED_EDGE('',*,*,#6492,.F.);
#6492 = EDGE_CURVE('',#6455,#6493,#6495,.T.);
#6493 = VERTEX_POINT('',#6494);
#6494 = CARTESIAN_POINT('',(-4.15,1.,3.2));
#6495 = LINE('',#6496,#6497);
#6496 = CARTESIAN_POINT('',(-4.15,1.,1.6));
#6497 = VECTOR('',#6498,1.);
#6498 = DIRECTION('',(0.,0.,1.));
#6499 = ORIENTED_EDGE('',*,*,#6478,.T.);
#6500 = ORIENTED_EDGE('',*,*,#6501,.F.);
#6501 = EDGE_CURVE('',#6502,#6471,#6504,.T.);
#6502 = VERTEX_POINT('',#6503);
#6503 = CARTESIAN_POINT('',(-4.35,1.,3.2));
#6504 = LINE('',#6505,#6506);
#6505 = CARTESIAN_POINT('',(-4.35,1.,3.));
#6506 = VECTOR('',#6507,1.);
#6507 = DIRECTION('',(0.,0.,-1.));
#6508 = ORIENTED_EDGE('',*,*,#6509,.F.);
#6509 = EDGE_CURVE('',#6493,#6502,#6510,.T.);
#6510 = LINE('',#6511,#6512);
#6511 = CARTESIAN_POINT('',(-4.15,1.,3.2));
#6512 = VECTOR('',#6513,1.);
#6513 = DIRECTION('',(-1.,0.,0.));
#6514 = PLANE('',#6515);
#6515 = AXIS2_PLACEMENT_3D('',#6516,#6517,#6518);
#6516 = CARTESIAN_POINT('',(-4.15,1.,3.2));
#6517 = DIRECTION('',(0.,1.,0.));
#6518 = DIRECTION('',(0.,0.,-1.));
#6519 = ADVANCED_FACE('',(#6520),#6545,.T.);
#6520 = FACE_BOUND('',#6521,.T.);
#6521 = EDGE_LOOP('',(#6522,#6530,#6531,#6539));
#6522 = ORIENTED_EDGE('',*,*,#6523,.F.);
#6523 = EDGE_CURVE('',#6493,#6524,#6526,.T.);
#6524 = VERTEX_POINT('',#6525);
#6525 = CARTESIAN_POINT('',(-4.15,-1.,3.2));
#6526 = LINE('',#6527,#6528);
#6527 = CARTESIAN_POINT('',(-4.15,0.275,3.2));
#6528 = VECTOR('',#6529,1.);
#6529 = DIRECTION('',(0.,-1.,0.));
#6530 = ORIENTED_EDGE('',*,*,#6509,.T.);
#6531 = ORIENTED_EDGE('',*,*,#6532,.F.);
#6532 = EDGE_CURVE('',#6533,#6502,#6535,.T.);
#6533 = VERTEX_POINT('',#6534);
#6534 = CARTESIAN_POINT('',(-4.35,-1.,3.2));
#6535 = LINE('',#6536,#6537);
#6536 = CARTESIAN_POINT('',(-4.35,1.,3.2));
#6537 = VECTOR('',#6538,1.);
#6538 = DIRECTION('',(0.,1.,0.));
#6539 = ORIENTED_EDGE('',*,*,#6540,.F.);
#6540 = EDGE_CURVE('',#6524,#6533,#6541,.T.);
#6541 = LINE('',#6542,#6543);
#6542 = CARTESIAN_POINT('',(-4.15,-1.,3.2));
#6543 = VECTOR('',#6544,1.);
#6544 = DIRECTION('',(-1.,0.,0.));
#6545 = PLANE('',#6546);
#6546 = AXIS2_PLACEMENT_3D('',#6547,#6548,#6549);
#6547 = CARTESIAN_POINT('',(-4.15,-1.,3.2));
#6548 = DIRECTION('',(0.,0.,1.));
#6549 = DIRECTION('',(0.,1.,0.));
#6550 = ADVANCED_FACE('',(#6551),#6567,.T.);
#6551 = FACE_BOUND('',#6552,.T.);
#6552 = EDGE_LOOP('',(#6553,#6559,#6560,#6566));
#6553 = ORIENTED_EDGE('',*,*,#6554,.F.);
#6554 = EDGE_CURVE('',#6524,#6453,#6555,.T.);
#6555 = LINE('',#6556,#6557);
#6556 = CARTESIAN_POINT('',(-4.15,-1.,1.5));
#6557 = VECTOR('',#6558,1.);
#6558 = DIRECTION('',(0.,0.,-1.));
#6559 = ORIENTED_EDGE('',*,*,#6540,.T.);
#6560 = ORIENTED_EDGE('',*,*,#6561,.F.);
#6561 = EDGE_CURVE('',#6463,#6533,#6562,.T.);
#6562 = LINE('',#6563,#6564);
#6563 = CARTESIAN_POINT('',(-4.35,-1.,3.2));
#6564 = VECTOR('',#6565,1.);
#6565 = DIRECTION('',(0.,0.,1.));
#6566 = ORIENTED_EDGE('',*,*,#6462,.F.);
#6567 = PLANE('',#6568);
#6568 = AXIS2_PLACEMENT_3D('',#6569,#6570,#6571);
#6569 = CARTESIAN_POINT('',(-4.15,-1.,3.));
#6570 = DIRECTION('',(0.,-1.,0.));
#6571 = DIRECTION('',(0.,0.,1.));
#6572 = ADVANCED_FACE('',(#6573),#6579,.T.);
#6573 = FACE_BOUND('',#6574,.T.);
#6574 = EDGE_LOOP('',(#6575,#6576,#6577,#6578));
#6575 = ORIENTED_EDGE('',*,*,#6561,.T.);
#6576 = ORIENTED_EDGE('',*,*,#6532,.T.);
#6577 = ORIENTED_EDGE('',*,*,#6501,.T.);
#6578 = ORIENTED_EDGE('',*,*,#6470,.T.);
#6579 = PLANE('',#6580);
#6580 = AXIS2_PLACEMENT_3D('',#6581,#6582,#6583);
#6581 = CARTESIAN_POINT('',(-4.35,0.,3.1));
#6582 = DIRECTION('',(-1.,0.,0.));
#6583 = DIRECTION('',(0.,0.,1.));
#6584 = ADVANCED_FACE('',(#6585),#6619,.T.);
#6585 = FACE_BOUND('',#6586,.T.);
#6586 = EDGE_LOOP('',(#6587,#6597,#6605,#6613));
#6587 = ORIENTED_EDGE('',*,*,#6588,.F.);
#6588 = EDGE_CURVE('',#6589,#6591,#6593,.T.);
#6589 = VERTEX_POINT('',#6590);
#6590 = CARTESIAN_POINT('',(11.35,-0.25,2.750000860135));
#6591 = VERTEX_POINT('',#6592);
#6592 = CARTESIAN_POINT('',(11.35,-1.000000860135,2.750000860135));
#6593 = LINE('',#6594,#6595);
#6594 = CARTESIAN_POINT('',(11.35,-2.525000430068,2.750000860135));
#6595 = VECTOR('',#6596,1.);
#6596 = DIRECTION('',(0.,-1.,-1.480295668494E-15));
#6597 = ORIENTED_EDGE('',*,*,#6598,.T.);
#6598 = EDGE_CURVE('',#6589,#6599,#6601,.T.);
#6599 = VERTEX_POINT('',#6600);
#6600 = CARTESIAN_POINT('',(11.55,-0.25,2.750000860135));
#6601 = LINE('',#6602,#6603);
#6602 = CARTESIAN_POINT('',(11.35,-0.25,2.750000860135));
#6603 = VECTOR('',#6604,1.);
#6604 = DIRECTION('',(1.,0.,0.));
#6605 = ORIENTED_EDGE('',*,*,#6606,.F.);
#6606 = EDGE_CURVE('',#6607,#6599,#6609,.T.);
#6607 = VERTEX_POINT('',#6608);
#6608 = CARTESIAN_POINT('',(11.55,-1.000000860135,2.750000860135));
#6609 = LINE('',#6610,#6611);
#6610 = CARTESIAN_POINT('',(11.55,-1.000000860135,2.750000860135));
#6611 = VECTOR('',#6612,1.);
#6612 = DIRECTION('',(0.,1.,1.480295668494E-15));
#6613 = ORIENTED_EDGE('',*,*,#6614,.F.);
#6614 = EDGE_CURVE('',#6591,#6607,#6615,.T.);
#6615 = LINE('',#6616,#6617);
#6616 = CARTESIAN_POINT('',(11.35,-1.000000860135,2.750000860135));
#6617 = VECTOR('',#6618,1.);
#6618 = DIRECTION('',(1.,0.,0.));
#6619 = PLANE('',#6620);
#6620 = AXIS2_PLACEMENT_3D('',#6621,#6622,#6623);
#6621 = CARTESIAN_POINT('',(11.35,-1.000000860135,2.750000860135));
#6622 = DIRECTION('',(0.,1.480295668494E-15,-1.));
#6623 = DIRECTION('',(0.,1.,1.480295668494E-15));
#6624 = ADVANCED_FACE('',(#6625),#6650,.T.);
#6625 = FACE_BOUND('',#6626,.T.);
#6626 = EDGE_LOOP('',(#6627,#6635,#6636,#6644));
#6627 = ORIENTED_EDGE('',*,*,#6628,.F.);
#6628 = EDGE_CURVE('',#6591,#6629,#6631,.T.);
#6629 = VERTEX_POINT('',#6630);
#6630 = CARTESIAN_POINT('',(11.35,-1.000000860135,3.250000860135));
#6631 = LINE('',#6632,#6633);
#6632 = CARTESIAN_POINT('',(11.35,-1.000000860135,1.625000430068));
#6633 = VECTOR('',#6634,1.);
#6634 = DIRECTION('',(0.,1.110223024625E-15,1.));
#6635 = ORIENTED_EDGE('',*,*,#6614,.T.);
#6636 = ORIENTED_EDGE('',*,*,#6637,.F.);
#6637 = EDGE_CURVE('',#6638,#6607,#6640,.T.);
#6638 = VERTEX_POINT('',#6639);
#6639 = CARTESIAN_POINT('',(11.55,-1.000000860135,3.250000860135));
#6640 = LINE('',#6641,#6642);
#6641 = CARTESIAN_POINT('',(11.55,-1.000000860135,3.250000860135));
#6642 = VECTOR('',#6643,1.);
#6643 = DIRECTION('',(0.,-1.110223024625E-15,-1.));
#6644 = ORIENTED_EDGE('',*,*,#6645,.F.);
#6645 = EDGE_CURVE('',#6629,#6638,#6646,.T.);
#6646 = LINE('',#6647,#6648);
#6647 = CARTESIAN_POINT('',(11.35,-1.000000860135,3.250000860135));
#6648 = VECTOR('',#6649,1.);
#6649 = DIRECTION('',(1.,0.,0.));
#6650 = PLANE('',#6651);
#6651 = AXIS2_PLACEMENT_3D('',#6652,#6653,#6654);
#6652 = CARTESIAN_POINT('',(11.35,-1.000000860135,3.250000860135));
#6653 = DIRECTION('',(0.,-1.,1.110223024625E-15));
#6654 = DIRECTION('',(0.,-1.110223024625E-15,-1.));
#6655 = ADVANCED_FACE('',(#6656),#6681,.T.);
#6656 = FACE_BOUND('',#6657,.T.);
#6657 = EDGE_LOOP('',(#6658,#6666,#6667,#6675));
#6658 = ORIENTED_EDGE('',*,*,#6659,.F.);
#6659 = EDGE_CURVE('',#6629,#6660,#6662,.T.);
#6660 = VERTEX_POINT('',#6661);
#6661 = CARTESIAN_POINT('',(11.35,-0.25,3.250000860135));
#6662 = LINE('',#6663,#6664);
#6663 = CARTESIAN_POINT('',(11.35,-2.15,3.250000860135));
#6664 = VECTOR('',#6665,1.);
#6665 = DIRECTION('',(0.,1.,0.));
#6666 = ORIENTED_EDGE('',*,*,#6645,.T.);
#6667 = ORIENTED_EDGE('',*,*,#6668,.F.);
#6668 = EDGE_CURVE('',#6669,#6638,#6671,.T.);
#6669 = VERTEX_POINT('',#6670);
#6670 = CARTESIAN_POINT('',(11.55,-0.25,3.250000860135));
#6671 = LINE('',#6672,#6673);
#6672 = CARTESIAN_POINT('',(11.55,-0.25,3.250000860135));
#6673 = VECTOR('',#6674,1.);
#6674 = DIRECTION('',(0.,-1.,0.));
#6675 = ORIENTED_EDGE('',*,*,#6676,.F.);
#6676 = EDGE_CURVE('',#6660,#6669,#6677,.T.);
#6677 = LINE('',#6678,#6679);
#6678 = CARTESIAN_POINT('',(11.35,-0.25,3.250000860135));
#6679 = VECTOR('',#6680,1.);
#6680 = DIRECTION('',(1.,0.,0.));
#6681 = PLANE('',#6682);
#6682 = AXIS2_PLACEMENT_3D('',#6683,#6684,#6685);
#6683 = CARTESIAN_POINT('',(11.35,-0.25,3.250000860135));
#6684 = DIRECTION('',(0.,0.,1.));
#6685 = DIRECTION('',(0.,-1.,0.));
#6686 = ADVANCED_FACE('',(#6687),#6712,.T.);
#6687 = FACE_BOUND('',#6688,.T.);
#6688 = EDGE_LOOP('',(#6689,#6697,#6698,#6706));
#6689 = ORIENTED_EDGE('',*,*,#6690,.F.);
#6690 = EDGE_CURVE('',#6660,#6691,#6693,.T.);
#6691 = VERTEX_POINT('',#6692);
#6692 = CARTESIAN_POINT('',(11.35,-0.25,4.000001720271));
#6693 = LINE('',#6694,#6695);
#6694 = CARTESIAN_POINT('',(11.35,-0.25,2.000000860135));
#6695 = VECTOR('',#6696,1.);
#6696 = DIRECTION('',(0.,-9.251847928087E-17,1.));
#6697 = ORIENTED_EDGE('',*,*,#6676,.T.);
#6698 = ORIENTED_EDGE('',*,*,#6699,.F.);
#6699 = EDGE_CURVE('',#6700,#6669,#6702,.T.);
#6700 = VERTEX_POINT('',#6701);
#6701 = CARTESIAN_POINT('',(11.55,-0.25,4.000001720271));
#6702 = LINE('',#6703,#6704);
#6703 = CARTESIAN_POINT('',(11.55,-0.25,4.000001720271));
#6704 = VECTOR('',#6705,1.);
#6705 = DIRECTION('',(0.,9.251847928087E-17,-1.));
#6706 = ORIENTED_EDGE('',*,*,#6707,.F.);
#6707 = EDGE_CURVE('',#6691,#6700,#6708,.T.);
#6708 = LINE('',#6709,#6710);
#6709 = CARTESIAN_POINT('',(11.35,-0.25,4.000001720271));
#6710 = VECTOR('',#6711,1.);
#6711 = DIRECTION('',(1.,0.,0.));
#6712 = PLANE('',#6713);
#6713 = AXIS2_PLACEMENT_3D('',#6714,#6715,#6716);
#6714 = CARTESIAN_POINT('',(11.35,-0.25,4.000001720271));
#6715 = DIRECTION('',(0.,-1.,-9.251847928087E-17));
#6716 = DIRECTION('',(0.,9.251847928087E-17,-1.));
#6717 = ADVANCED_FACE('',(#6718),#6743,.T.);
#6718 = FACE_BOUND('',#6719,.T.);
#6719 = EDGE_LOOP('',(#6720,#6728,#6729,#6737));
#6720 = ORIENTED_EDGE('',*,*,#6721,.F.);
#6721 = EDGE_CURVE('',#6691,#6722,#6724,.T.);
#6722 = VERTEX_POINT('',#6723);
#6723 = CARTESIAN_POINT('',(11.35,0.250002366257,4.000001720271));
#6724 = LINE('',#6725,#6726);
#6725 = CARTESIAN_POINT('',(11.35,-1.899998816872,4.000001720271));
#6726 = VECTOR('',#6727,1.);
#6727 = DIRECTION('',(0.,1.,0.));
#6728 = ORIENTED_EDGE('',*,*,#6707,.T.);
#6729 = ORIENTED_EDGE('',*,*,#6730,.F.);
#6730 = EDGE_CURVE('',#6731,#6700,#6733,.T.);
#6731 = VERTEX_POINT('',#6732);
#6732 = CARTESIAN_POINT('',(11.55,0.250002366257,4.000001720271));
#6733 = LINE('',#6734,#6735);
#6734 = CARTESIAN_POINT('',(11.55,0.250002366257,4.000001720271));
#6735 = VECTOR('',#6736,1.);
#6736 = DIRECTION('',(0.,-1.,0.));
#6737 = ORIENTED_EDGE('',*,*,#6738,.F.);
#6738 = EDGE_CURVE('',#6722,#6731,#6739,.T.);
#6739 = LINE('',#6740,#6741);
#6740 = CARTESIAN_POINT('',(11.35,0.250002366257,4.000001720271));
#6741 = VECTOR('',#6742,1.);
#6742 = DIRECTION('',(1.,0.,0.));
#6743 = PLANE('',#6744);
#6744 = AXIS2_PLACEMENT_3D('',#6745,#6746,#6747);
#6745 = CARTESIAN_POINT('',(11.35,0.250002366257,4.000001720271));
#6746 = DIRECTION('',(0.,0.,1.));
#6747 = DIRECTION('',(0.,-1.,0.));
#6748 = ADVANCED_FACE('',(#6749),#6774,.T.);
#6749 = FACE_BOUND('',#6750,.T.);
#6750 = EDGE_LOOP('',(#6751,#6759,#6760,#6768));
#6751 = ORIENTED_EDGE('',*,*,#6752,.F.);
#6752 = EDGE_CURVE('',#6722,#6753,#6755,.T.);
#6753 = VERTEX_POINT('',#6754);
#6754 = CARTESIAN_POINT('',(11.35,0.250002366257,3.250000860134));
#6755 = LINE('',#6756,#6757);
#6756 = CARTESIAN_POINT('',(11.35,0.250002366257,1.625000430067));
#6757 = VECTOR('',#6758,1.);
#6758 = DIRECTION('',(0.,9.251847928069E-17,-1.));
#6759 = ORIENTED_EDGE('',*,*,#6738,.T.);
#6760 = ORIENTED_EDGE('',*,*,#6761,.F.);
#6761 = EDGE_CURVE('',#6762,#6731,#6764,.T.);
#6762 = VERTEX_POINT('',#6763);
#6763 = CARTESIAN_POINT('',(11.55,0.250002366257,3.250000860134));
#6764 = LINE('',#6765,#6766);
#6765 = CARTESIAN_POINT('',(11.55,0.250002366257,3.250000860134));
#6766 = VECTOR('',#6767,1.);
#6767 = DIRECTION('',(0.,-9.251847928069E-17,1.));
#6768 = ORIENTED_EDGE('',*,*,#6769,.F.);
#6769 = EDGE_CURVE('',#6753,#6762,#6770,.T.);
#6770 = LINE('',#6771,#6772);
#6771 = CARTESIAN_POINT('',(11.35,0.250002366257,3.250000860134));
#6772 = VECTOR('',#6773,1.);
#6773 = DIRECTION('',(1.,0.,0.));
#6774 = PLANE('',#6775);
#6775 = AXIS2_PLACEMENT_3D('',#6776,#6777,#6778);
#6776 = CARTESIAN_POINT('',(11.35,0.250002366257,3.250000860134));
#6777 = DIRECTION('',(0.,1.,9.251847928069E-17));
#6778 = DIRECTION('',(0.,-9.251847928069E-17,1.));
#6779 = ADVANCED_FACE('',(#6780),#6805,.T.);
#6780 = FACE_BOUND('',#6781,.T.);
#6781 = EDGE_LOOP('',(#6782,#6790,#6791,#6799));
#6782 = ORIENTED_EDGE('',*,*,#6783,.F.);
#6783 = EDGE_CURVE('',#6753,#6784,#6786,.T.);
#6784 = VERTEX_POINT('',#6785);
#6785 = CARTESIAN_POINT('',(11.35,1.000003226392,3.250000860134));
#6786 = LINE('',#6787,#6788);
#6787 = CARTESIAN_POINT('',(11.35,-1.524998386804,3.250000860134));
#6788 = VECTOR('',#6789,1.);
#6789 = DIRECTION('',(0.,1.,0.));
#6790 = ORIENTED_EDGE('',*,*,#6769,.T.);
#6791 = ORIENTED_EDGE('',*,*,#6792,.F.);
#6792 = EDGE_CURVE('',#6793,#6762,#6795,.T.);
#6793 = VERTEX_POINT('',#6794);
#6794 = CARTESIAN_POINT('',(11.55,1.000003226392,3.250000860134));
#6795 = LINE('',#6796,#6797);
#6796 = CARTESIAN_POINT('',(11.55,1.000003226392,3.250000860134));
#6797 = VECTOR('',#6798,1.);
#6798 = DIRECTION('',(0.,-1.,0.));
#6799 = ORIENTED_EDGE('',*,*,#6800,.F.);
#6800 = EDGE_CURVE('',#6784,#6793,#6801,.T.);
#6801 = LINE('',#6802,#6803);
#6802 = CARTESIAN_POINT('',(11.35,1.000003226392,3.250000860134));
#6803 = VECTOR('',#6804,1.);
#6804 = DIRECTION('',(1.,0.,0.));
#6805 = PLANE('',#6806);
#6806 = AXIS2_PLACEMENT_3D('',#6807,#6808,#6809);
#6807 = CARTESIAN_POINT('',(11.35,1.000003226392,3.250000860134));
#6808 = DIRECTION('',(0.,0.,1.));
#6809 = DIRECTION('',(0.,-1.,0.));
#6810 = ADVANCED_FACE('',(#6811),#6836,.T.);
#6811 = FACE_BOUND('',#6812,.T.);
#6812 = EDGE_LOOP('',(#6813,#6821,#6822,#6830));
#6813 = ORIENTED_EDGE('',*,*,#6814,.F.);
#6814 = EDGE_CURVE('',#6784,#6815,#6817,.T.);
#6815 = VERTEX_POINT('',#6816);
#6816 = CARTESIAN_POINT('',(11.35,1.000002366257,2.750000860134));
#6817 = LINE('',#6818,#6819);
#6818 = CARTESIAN_POINT('',(11.35,1.000000000876,1.374996086385));
#6819 = VECTOR('',#6820,1.);
#6820 = DIRECTION('',(0.,-1.720270748071E-06,-0.999999999999));
#6821 = ORIENTED_EDGE('',*,*,#6800,.T.);
#6822 = ORIENTED_EDGE('',*,*,#6823,.F.);
#6823 = EDGE_CURVE('',#6824,#6793,#6826,.T.);
#6824 = VERTEX_POINT('',#6825);
#6825 = CARTESIAN_POINT('',(11.55,1.000002366257,2.750000860134));
#6826 = LINE('',#6827,#6828);
#6827 = CARTESIAN_POINT('',(11.55,1.000002366257,2.750000860134));
#6828 = VECTOR('',#6829,1.);
#6829 = DIRECTION('',(0.,1.720270748071E-06,0.999999999999));
#6830 = ORIENTED_EDGE('',*,*,#6831,.F.);
#6831 = EDGE_CURVE('',#6815,#6824,#6832,.T.);
#6832 = LINE('',#6833,#6834);
#6833 = CARTESIAN_POINT('',(11.35,1.000002366257,2.750000860134));
#6834 = VECTOR('',#6835,1.);
#6835 = DIRECTION('',(1.,0.,0.));
#6836 = PLANE('',#6837);
#6837 = AXIS2_PLACEMENT_3D('',#6838,#6839,#6840);
#6838 = CARTESIAN_POINT('',(11.35,1.000002366257,2.750000860134));
#6839 = DIRECTION('',(0.,0.999999999999,-1.720270748071E-06));
#6840 = DIRECTION('',(0.,1.720270748071E-06,0.999999999999));
#6841 = ADVANCED_FACE('',(#6842),#6867,.T.);
#6842 = FACE_BOUND('',#6843,.T.);
#6843 = EDGE_LOOP('',(#6844,#6852,#6853,#6861));
#6844 = ORIENTED_EDGE('',*,*,#6845,.F.);
#6845 = EDGE_CURVE('',#6815,#6846,#6848,.T.);
#6846 = VERTEX_POINT('',#6847);
#6847 = CARTESIAN_POINT('',(11.35,0.250001506121,2.750000860134));
#6848 = LINE('',#6849,#6850);
#6849 = CARTESIAN_POINT('',(11.35,-1.899999246939,2.750000860134));
#6850 = VECTOR('',#6851,1.);
#6851 = DIRECTION('',(0.,-1.,0.));
#6852 = ORIENTED_EDGE('',*,*,#6831,.T.);
#6853 = ORIENTED_EDGE('',*,*,#6854,.F.);
#6854 = EDGE_CURVE('',#6855,#6824,#6857,.T.);
#6855 = VERTEX_POINT('',#6856);
#6856 = CARTESIAN_POINT('',(11.55,0.250001506121,2.750000860134));
#6857 = LINE('',#6858,#6859);
#6858 = CARTESIAN_POINT('',(11.55,0.250001506121,2.750000860134));
#6859 = VECTOR('',#6860,1.);
#6860 = DIRECTION('',(0.,1.,0.));
#6861 = ORIENTED_EDGE('',*,*,#6862,.F.);
#6862 = EDGE_CURVE('',#6846,#6855,#6863,.T.);
#6863 = LINE('',#6864,#6865);
#6864 = CARTESIAN_POINT('',(11.35,0.250001506121,2.750000860134));
#6865 = VECTOR('',#6866,1.);
#6866 = DIRECTION('',(1.,0.,0.));
#6867 = PLANE('',#6868);
#6868 = AXIS2_PLACEMENT_3D('',#6869,#6870,#6871);
#6869 = CARTESIAN_POINT('',(11.35,0.250001506121,2.750000860134));
#6870 = DIRECTION('',(0.,0.,-1.));
#6871 = DIRECTION('',(0.,1.,0.));
#6872 = ADVANCED_FACE('',(#6873),#6898,.T.);
#6873 = FACE_BOUND('',#6874,.T.);
#6874 = EDGE_LOOP('',(#6875,#6883,#6884,#6892));
#6875 = ORIENTED_EDGE('',*,*,#6876,.F.);
#6876 = EDGE_CURVE('',#6846,#6877,#6879,.T.);
#6877 = VERTEX_POINT('',#6878);
#6878 = CARTESIAN_POINT('',(11.35,0.25,2.));
#6879 = LINE('',#6880,#6881);
#6880 = CARTESIAN_POINT('',(11.35,0.249997991832,0.999995682462));
#6881 = VECTOR('',#6882,1.);
#6882 = DIRECTION('',(0.,-2.008159217909E-06,-0.999999999998));
#6883 = ORIENTED_EDGE('',*,*,#6862,.T.);
#6884 = ORIENTED_EDGE('',*,*,#6885,.F.);
#6885 = EDGE_CURVE('',#6886,#6855,#6888,.T.);
#6886 = VERTEX_POINT('',#6887);
#6887 = CARTESIAN_POINT('',(11.55,0.25,2.));
#6888 = LINE('',#6889,#6890);
#6889 = CARTESIAN_POINT('',(11.55,0.25,2.));
#6890 = VECTOR('',#6891,1.);
#6891 = DIRECTION('',(0.,2.008159217909E-06,0.999999999998));
#6892 = ORIENTED_EDGE('',*,*,#6893,.F.);
#6893 = EDGE_CURVE('',#6877,#6886,#6894,.T.);
#6894 = LINE('',#6895,#6896);
#6895 = CARTESIAN_POINT('',(11.35,0.25,2.));
#6896 = VECTOR('',#6897,1.);
#6897 = DIRECTION('',(1.,0.,0.));
#6898 = PLANE('',#6899);
#6899 = AXIS2_PLACEMENT_3D('',#6900,#6901,#6902);
#6900 = CARTESIAN_POINT('',(11.35,0.25,2.));
#6901 = DIRECTION('',(0.,0.999999999998,-2.008159217909E-06));
#6902 = DIRECTION('',(0.,2.008159217909E-06,0.999999999998));
#6903 = ADVANCED_FACE('',(#6904),#6929,.T.);
#6904 = FACE_BOUND('',#6905,.T.);
#6905 = EDGE_LOOP('',(#6906,#6914,#6915,#6923));
#6906 = ORIENTED_EDGE('',*,*,#6907,.F.);
#6907 = EDGE_CURVE('',#6877,#6908,#6910,.T.);
#6908 = VERTEX_POINT('',#6909);
#6909 = CARTESIAN_POINT('',(11.35,-0.25,2.));
#6910 = LINE('',#6911,#6912);
#6911 = CARTESIAN_POINT('',(11.35,-2.15,2.));
#6912 = VECTOR('',#6913,1.);
#6913 = DIRECTION('',(0.,-1.,0.));
#6914 = ORIENTED_EDGE('',*,*,#6893,.T.);
#6915 = ORIENTED_EDGE('',*,*,#6916,.F.);
#6916 = EDGE_CURVE('',#6917,#6886,#6919,.T.);
#6917 = VERTEX_POINT('',#6918);
#6918 = CARTESIAN_POINT('',(11.55,-0.25,2.));
#6919 = LINE('',#6920,#6921);
#6920 = CARTESIAN_POINT('',(11.55,-0.25,2.));
#6921 = VECTOR('',#6922,1.);
#6922 = DIRECTION('',(0.,1.,0.));
#6923 = ORIENTED_EDGE('',*,*,#6924,.F.);
#6924 = EDGE_CURVE('',#6908,#6917,#6925,.T.);
#6925 = LINE('',#6926,#6927);
#6926 = CARTESIAN_POINT('',(11.35,-0.25,2.));
#6927 = VECTOR('',#6928,1.);
#6928 = DIRECTION('',(1.,0.,0.));
#6929 = PLANE('',#6930);
#6930 = AXIS2_PLACEMENT_3D('',#6931,#6932,#6933);
#6931 = CARTESIAN_POINT('',(11.35,-0.25,2.));
#6932 = DIRECTION('',(0.,0.,-1.));
#6933 = DIRECTION('',(0.,1.,0.));
#6934 = ADVANCED_FACE('',(#6935),#6951,.T.);
#6935 = FACE_BOUND('',#6936,.T.);
#6936 = EDGE_LOOP('',(#6937,#6943,#6944,#6950));
#6937 = ORIENTED_EDGE('',*,*,#6938,.F.);
#6938 = EDGE_CURVE('',#6908,#6589,#6939,.T.);
#6939 = LINE('',#6940,#6941);
#6940 = CARTESIAN_POINT('',(11.35,-0.25,1.375000430068));
#6941 = VECTOR('',#6942,1.);
#6942 = DIRECTION('',(0.,-9.714440324492E-16,1.));
#6943 = ORIENTED_EDGE('',*,*,#6924,.T.);
#6944 = ORIENTED_EDGE('',*,*,#6945,.F.);
#6945 = EDGE_CURVE('',#6599,#6917,#6946,.T.);
#6946 = LINE('',#6947,#6948);
#6947 = CARTESIAN_POINT('',(11.55,-0.25,2.750000860135));
#6948 = VECTOR('',#6949,1.);
#6949 = DIRECTION('',(0.,9.714440324492E-16,-1.));
#6950 = ORIENTED_EDGE('',*,*,#6598,.F.);
#6951 = PLANE('',#6952);
#6952 = AXIS2_PLACEMENT_3D('',#6953,#6954,#6955);
#6953 = CARTESIAN_POINT('',(11.35,-0.25,2.750000860135));
#6954 = DIRECTION('',(0.,-1.,-9.714440324492E-16));
#6955 = DIRECTION('',(0.,9.714440324492E-16,-1.));
#6956 = ADVANCED_FACE('',(#6957),#6971,.T.);
#6957 = FACE_BOUND('',#6958,.T.);
#6958 = EDGE_LOOP('',(#6959,#6960,#6961,#6962,#6963,#6964,#6965,#6966,
    #6967,#6968,#6969,#6970));
#6959 = ORIENTED_EDGE('',*,*,#6945,.T.);
#6960 = ORIENTED_EDGE('',*,*,#6916,.T.);
#6961 = ORIENTED_EDGE('',*,*,#6885,.T.);
#6962 = ORIENTED_EDGE('',*,*,#6854,.T.);
#6963 = ORIENTED_EDGE('',*,*,#6823,.T.);
#6964 = ORIENTED_EDGE('',*,*,#6792,.T.);
#6965 = ORIENTED_EDGE('',*,*,#6761,.T.);
#6966 = ORIENTED_EDGE('',*,*,#6730,.T.);
#6967 = ORIENTED_EDGE('',*,*,#6699,.T.);
#6968 = ORIENTED_EDGE('',*,*,#6668,.T.);
#6969 = ORIENTED_EDGE('',*,*,#6637,.T.);
#6970 = ORIENTED_EDGE('',*,*,#6606,.T.);
#6971 = PLANE('',#6972);
#6972 = AXIS2_PLACEMENT_3D('',#6973,#6974,#6975);
#6973 = CARTESIAN_POINT('',(11.55,1.183128257448E-06,3.000000860135));
#6974 = DIRECTION('',(1.,0.,0.));
#6975 = DIRECTION('',(0.,0.,-1.));
#6976 = ADVANCED_FACE('',(#6977),#7004,.F.);
#6977 = FACE_BOUND('',#6978,.F.);
#6978 = EDGE_LOOP('',(#6979,#6989,#6996,#6997));
#6979 = ORIENTED_EDGE('',*,*,#6980,.T.);
#6980 = EDGE_CURVE('',#6981,#6983,#6985,.T.);
#6981 = VERTEX_POINT('',#6982);
#6982 = CARTESIAN_POINT('',(4.2,-3.673940397442E-16,0.));
#6983 = VERTEX_POINT('',#6984);
#6984 = CARTESIAN_POINT('',(4.2,-3.673940397442E-16,3.));
#6985 = LINE('',#6986,#6987);
#6986 = CARTESIAN_POINT('',(4.2,-3.673940397442E-16,0.));
#6987 = VECTOR('',#6988,1.);
#6988 = DIRECTION('',(0.,0.,1.));
#6989 = ORIENTED_EDGE('',*,*,#6990,.F.);
#6990 = EDGE_CURVE('',#6983,#6983,#6991,.T.);
#6991 = CIRCLE('',#6992,3.);
#6992 = AXIS2_PLACEMENT_3D('',#6993,#6994,#6995);
#6993 = CARTESIAN_POINT('',(7.2,0.,3.));
#6994 = DIRECTION('',(0.,0.,1.));
#6995 = DIRECTION('',(1.,0.,-0.));
#6996 = ORIENTED_EDGE('',*,*,#6980,.F.);
#6997 = ORIENTED_EDGE('',*,*,#6998,.T.);
#6998 = EDGE_CURVE('',#6981,#6981,#6999,.T.);
#6999 = CIRCLE('',#7000,3.);
#7000 = AXIS2_PLACEMENT_3D('',#7001,#7002,#7003);
#7001 = CARTESIAN_POINT('',(7.2,0.,0.));
#7002 = DIRECTION('',(0.,0.,1.));
#7003 = DIRECTION('',(1.,0.,-0.));
#7004 = CYLINDRICAL_SURFACE('',#7005,3.);
#7005 = AXIS2_PLACEMENT_3D('',#7006,#7007,#7008);
#7006 = CARTESIAN_POINT('',(7.2,0.,0.));
#7007 = DIRECTION('',(0.,0.,1.));
#7008 = DIRECTION('',(1.,0.,-0.));
#7009 = ADVANCED_FACE('',(#7010,#7013),#7016,.F.);
#7010 = FACE_BOUND('',#7011,.T.);
#7011 = EDGE_LOOP('',(#7012));
#7012 = ORIENTED_EDGE('',*,*,#6990,.F.);
#7013 = FACE_BOUND('',#7014,.T.);
#7014 = EDGE_LOOP('',(#7015));
#7015 = ORIENTED_EDGE('',*,*,#6148,.T.);
#7016 = PLANE('',#7017);
#7017 = AXIS2_PLACEMENT_3D('',#7018,#7019,#7020);
#7018 = CARTESIAN_POINT('',(7.2,0.,3.));
#7019 = DIRECTION('',(0.,0.,1.));
#7020 = DIRECTION('',(1.,0.,-0.));
#7021 = ADVANCED_FACE('',(#7022),#7049,.F.);
#7022 = FACE_BOUND('',#7023,.F.);
#7023 = EDGE_LOOP('',(#7024,#7034,#7041,#7042));
#7024 = ORIENTED_EDGE('',*,*,#7025,.T.);
#7025 = EDGE_CURVE('',#7026,#7028,#7030,.T.);
#7026 = VERTEX_POINT('',#7027);
#7027 = CARTESIAN_POINT('',(-3.,-3.673940397442E-16,0.));
#7028 = VERTEX_POINT('',#7029);
#7029 = CARTESIAN_POINT('',(-3.,-3.673940397442E-16,3.));
#7030 = LINE('',#7031,#7032);
#7031 = CARTESIAN_POINT('',(-3.,-3.673940397442E-16,0.));
#7032 = VECTOR('',#7033,1.);
#7033 = DIRECTION('',(0.,0.,1.));
#7034 = ORIENTED_EDGE('',*,*,#7035,.F.);
#7035 = EDGE_CURVE('',#7028,#7028,#7036,.T.);
#7036 = CIRCLE('',#7037,3.);
#7037 = AXIS2_PLACEMENT_3D('',#7038,#7039,#7040);
#7038 = CARTESIAN_POINT('',(0.,0.,3.));
#7039 = DIRECTION('',(0.,0.,1.));
#7040 = DIRECTION('',(1.,0.,-0.));
#7041 = ORIENTED_EDGE('',*,*,#7025,.F.);
#7042 = ORIENTED_EDGE('',*,*,#7043,.T.);
#7043 = EDGE_CURVE('',#7026,#7026,#7044,.T.);
#7044 = CIRCLE('',#7045,3.);
#7045 = AXIS2_PLACEMENT_3D('',#7046,#7047,#7048);
#7046 = CARTESIAN_POINT('',(0.,0.,0.));
#7047 = DIRECTION('',(0.,0.,1.));
#7048 = DIRECTION('',(1.,0.,-0.));
#7049 = CYLINDRICAL_SURFACE('',#7050,3.);
#7050 = AXIS2_PLACEMENT_3D('',#7051,#7052,#7053);
#7051 = CARTESIAN_POINT('',(0.,0.,0.));
#7052 = DIRECTION('',(0.,0.,1.));
#7053 = DIRECTION('',(1.,0.,-0.));
#7054 = ADVANCED_FACE('',(#7055,#7058),#7061,.F.);
#7055 = FACE_BOUND('',#7056,.T.);
#7056 = EDGE_LOOP('',(#7057));
#7057 = ORIENTED_EDGE('',*,*,#7035,.F.);
#7058 = FACE_BOUND('',#7059,.T.);
#7059 = EDGE_LOOP('',(#7060));
#7060 = ORIENTED_EDGE('',*,*,#6106,.T.);
#7061 = PLANE('',#7062);
#7062 = AXIS2_PLACEMENT_3D('',#7063,#7064,#7065);
#7063 = CARTESIAN_POINT('',(0.,0.,3.));
#7064 = DIRECTION('',(0.,0.,1.));
#7065 = DIRECTION('',(1.,0.,-0.));
#7066 = ADVANCED_FACE('',(#7067),#7101,.T.);
#7067 = FACE_BOUND('',#7068,.T.);
#7068 = EDGE_LOOP('',(#7069,#7079,#7087,#7095));
#7069 = ORIENTED_EDGE('',*,*,#7070,.F.);
#7070 = EDGE_CURVE('',#7071,#7073,#7075,.T.);
#7071 = VERTEX_POINT('',#7072);
#7072 = CARTESIAN_POINT('',(3.099999959767,-3.299999926239,6.7));
#7073 = VERTEX_POINT('',#7074);
#7074 = CARTESIAN_POINT('',(3.099999959767,-2.,6.7));
#7075 = LINE('',#7076,#7077);
#7076 = CARTESIAN_POINT('',(3.099999959767,-1.,6.7));
#7077 = VECTOR('',#7078,1.);
#7078 = DIRECTION('',(0.,1.,0.));
#7079 = ORIENTED_EDGE('',*,*,#7080,.F.);
#7080 = EDGE_CURVE('',#7081,#7071,#7083,.T.);
#7081 = VERTEX_POINT('',#7082);
#7082 = CARTESIAN_POINT('',(3.099999959767,-3.299999926239,14.5));
#7083 = LINE('',#7084,#7085);
#7084 = CARTESIAN_POINT('',(3.099999959767,-3.3,11.35));
#7085 = VECTOR('',#7086,1.);
#7086 = DIRECTION('',(0.,0.,-1.));
#7087 = ORIENTED_EDGE('',*,*,#7088,.F.);
#7088 = EDGE_CURVE('',#7089,#7081,#7091,.T.);
#7089 = VERTEX_POINT('',#7090);
#7090 = CARTESIAN_POINT('',(3.099999959767,-2.,14.5));
#7091 = LINE('',#7092,#7093);
#7092 = CARTESIAN_POINT('',(3.099999959767,-2.,14.5));
#7093 = VECTOR('',#7094,1.);
#7094 = DIRECTION('',(0.,-1.,0.));
#7095 = ORIENTED_EDGE('',*,*,#7096,.F.);
#7096 = EDGE_CURVE('',#7073,#7089,#7097,.T.);
#7097 = LINE('',#7098,#7099);
#7098 = CARTESIAN_POINT('',(3.099999959767,-2.,6.7));
#7099 = VECTOR('',#7100,1.);
#7100 = DIRECTION('',(0.,0.,1.));
#7101 = PLANE('',#7102);
#7102 = AXIS2_PLACEMENT_3D('',#7103,#7104,#7105);
#7103 = CARTESIAN_POINT('',(3.099999959767,-2.,6.7));
#7104 = DIRECTION('',(-1.,0.,0.));
#7105 = DIRECTION('',(0.,-1.,0.));
#7106 = ADVANCED_FACE('',(#7107),#7141,.T.);
#7107 = FACE_BOUND('',#7108,.T.);
#7108 = EDGE_LOOP('',(#7109,#7119,#7127,#7135));
#7109 = ORIENTED_EDGE('',*,*,#7110,.F.);
#7110 = EDGE_CURVE('',#7111,#7113,#7115,.T.);
#7111 = VERTEX_POINT('',#7112);
#7112 = CARTESIAN_POINT('',(4.099999959767,-2.,6.7));
#7113 = VERTEX_POINT('',#7114);
#7114 = CARTESIAN_POINT('',(4.099999959767,-3.299999926239,6.7));
#7115 = LINE('',#7116,#7117);
#7116 = CARTESIAN_POINT('',(4.099999959767,-1.64999996312,6.7));
#7117 = VECTOR('',#7118,1.);
#7118 = DIRECTION('',(0.,-1.,0.));
#7119 = ORIENTED_EDGE('',*,*,#7120,.T.);
#7120 = EDGE_CURVE('',#7111,#7121,#7123,.T.);
#7121 = VERTEX_POINT('',#7122);
#7122 = CARTESIAN_POINT('',(4.099999959767,-2.,14.5));
#7123 = LINE('',#7124,#7125);
#7124 = CARTESIAN_POINT('',(4.099999959767,-2.,6.7));
#7125 = VECTOR('',#7126,1.);
#7126 = DIRECTION('',(0.,0.,1.));
#7127 = ORIENTED_EDGE('',*,*,#7128,.F.);
#7128 = EDGE_CURVE('',#7129,#7121,#7131,.T.);
#7129 = VERTEX_POINT('',#7130);
#7130 = CARTESIAN_POINT('',(4.099999959767,-3.299999926239,14.5));
#7131 = LINE('',#7132,#7133);
#7132 = CARTESIAN_POINT('',(4.099999959767,-3.299999926239,14.5));
#7133 = VECTOR('',#7134,1.);
#7134 = DIRECTION('',(0.,1.,0.));
#7135 = ORIENTED_EDGE('',*,*,#7136,.F.);
#7136 = EDGE_CURVE('',#7113,#7129,#7137,.T.);
#7137 = LINE('',#7138,#7139);
#7138 = CARTESIAN_POINT('',(4.099999959767,-3.3,11.35));
#7139 = VECTOR('',#7140,1.);
#7140 = DIRECTION('',(0.,0.,1.));
#7141 = PLANE('',#7142);
#7142 = AXIS2_PLACEMENT_3D('',#7143,#7144,#7145);
#7143 = CARTESIAN_POINT('',(4.099999959767,-3.299999926239,6.7));
#7144 = DIRECTION('',(1.,0.,0.));
#7145 = DIRECTION('',(-0.,1.,0.));
#7146 = ADVANCED_FACE('',(#7147),#7163,.T.);
#7147 = FACE_BOUND('',#7148,.T.);
#7148 = EDGE_LOOP('',(#7149,#7150,#7156,#7157));
#7149 = ORIENTED_EDGE('',*,*,#7128,.T.);
#7150 = ORIENTED_EDGE('',*,*,#7151,.T.);
#7151 = EDGE_CURVE('',#7121,#7089,#7152,.T.);
#7152 = LINE('',#7153,#7154);
#7153 = CARTESIAN_POINT('',(4.099999959767,-2.,14.5));
#7154 = VECTOR('',#7155,1.);
#7155 = DIRECTION('',(-1.,0.,0.));
#7156 = ORIENTED_EDGE('',*,*,#7088,.T.);
#7157 = ORIENTED_EDGE('',*,*,#7158,.F.);
#7158 = EDGE_CURVE('',#7129,#7081,#7159,.T.);
#7159 = LINE('',#7160,#7161);
#7160 = CARTESIAN_POINT('',(7.099999979883,-3.3,14.5));
#7161 = VECTOR('',#7162,1.);
#7162 = DIRECTION('',(-1.,-4.836113808461E-17,0.));
#7163 = PLANE('',#7164);
#7164 = AXIS2_PLACEMENT_3D('',#7165,#7166,#7167);
#7165 = CARTESIAN_POINT('',(3.599999959767,-2.64999996312,14.5));
#7166 = DIRECTION('',(0.,0.,1.));
#7167 = DIRECTION('',(1.,0.,-0.));
#7168 = ADVANCED_FACE('',(#7169,#7265,#7269),#7273,.F.);
#7169 = FACE_BOUND('',#7170,.T.);
#7170 = EDGE_LOOP('',(#7171,#7172,#7180,#7188,#7196,#7204,#7212,#7220,
    #7226,#7227,#7235,#7243,#7251,#7259));
#7171 = ORIENTED_EDGE('',*,*,#7110,.T.);
#7172 = ORIENTED_EDGE('',*,*,#7173,.F.);
#7173 = EDGE_CURVE('',#7174,#7113,#7176,.T.);
#7174 = VERTEX_POINT('',#7175);
#7175 = CARTESIAN_POINT('',(10.6,-3.3,6.7));
#7176 = LINE('',#7177,#7178);
#7177 = CARTESIAN_POINT('',(-0.878462548614,-3.3,6.7));
#7178 = VECTOR('',#7179,1.);
#7179 = DIRECTION('',(-1.,-4.836113808461E-17,0.));
#7180 = ORIENTED_EDGE('',*,*,#7181,.F.);
#7181 = EDGE_CURVE('',#7182,#7174,#7184,.T.);
#7182 = VERTEX_POINT('',#7183);
#7183 = CARTESIAN_POINT('',(10.6,3.3,6.7));
#7184 = LINE('',#7185,#7186);
#7185 = CARTESIAN_POINT('',(10.6,-3.3,6.7));
#7186 = VECTOR('',#7187,1.);
#7187 = DIRECTION('',(0.,-1.,0.));
#7188 = ORIENTED_EDGE('',*,*,#7189,.F.);
#7189 = EDGE_CURVE('',#7190,#7182,#7192,.T.);
#7190 = VERTEX_POINT('',#7191);
#7191 = CARTESIAN_POINT('',(-0.878462548614,3.3,6.7));
#7192 = LINE('',#7193,#7194);
#7193 = CARTESIAN_POINT('',(10.6,3.3,6.7));
#7194 = VECTOR('',#7195,1.);
#7195 = DIRECTION('',(1.,9.672227616923E-17,0.));
#7196 = ORIENTED_EDGE('',*,*,#7197,.F.);
#7197 = EDGE_CURVE('',#7198,#7190,#7200,.T.);
#7198 = VERTEX_POINT('',#7199);
#7199 = CARTESIAN_POINT('',(-3.4,1.198718790512,6.7));
#7200 = LINE('',#7201,#7202);
#7201 = CARTESIAN_POINT('',(-0.878462548614,3.3,6.7));
#7202 = VECTOR('',#7203,1.);
#7203 = DIRECTION('',(0.768221279597,0.640184399664,0.));
#7204 = ORIENTED_EDGE('',*,*,#7205,.F.);
#7205 = EDGE_CURVE('',#7206,#7198,#7208,.T.);
#7206 = VERTEX_POINT('',#7207);
#7207 = CARTESIAN_POINT('',(-3.4,-1.198718790512,6.7));
#7208 = LINE('',#7209,#7210);
#7209 = CARTESIAN_POINT('',(-3.4,1.198718790512,6.7));
#7210 = VECTOR('',#7211,1.);
#7211 = DIRECTION('',(0.,1.,0.));
#7212 = ORIENTED_EDGE('',*,*,#7213,.F.);
#7213 = EDGE_CURVE('',#7214,#7206,#7216,.T.);
#7214 = VERTEX_POINT('',#7215);
#7215 = CARTESIAN_POINT('',(-0.878462548614,-3.3,6.7));
#7216 = LINE('',#7217,#7218);
#7217 = CARTESIAN_POINT('',(-3.4,-1.198718790512,6.7));
#7218 = VECTOR('',#7219,1.);
#7219 = DIRECTION('',(-0.768221279597,0.640184399664,0.));
#7220 = ORIENTED_EDGE('',*,*,#7221,.F.);
#7221 = EDGE_CURVE('',#7071,#7214,#7222,.T.);
#7222 = LINE('',#7223,#7224);
#7223 = CARTESIAN_POINT('',(-0.878462548614,-3.3,6.7));
#7224 = VECTOR('',#7225,1.);
#7225 = DIRECTION('',(-1.,-4.836113808461E-17,0.));
#7226 = ORIENTED_EDGE('',*,*,#7070,.T.);
#7227 = ORIENTED_EDGE('',*,*,#7228,.T.);
#7228 = EDGE_CURVE('',#7073,#7229,#7231,.T.);
#7229 = VERTEX_POINT('',#7230);
#7230 = CARTESIAN_POINT('',(2.95,-2.,6.7));
#7231 = LINE('',#7232,#7233);
#7232 = CARTESIAN_POINT('',(3.925,-2.,6.7));
#7233 = VECTOR('',#7234,1.);
#7234 = DIRECTION('',(-1.,0.,0.));
#7235 = ORIENTED_EDGE('',*,*,#7236,.T.);
#7236 = EDGE_CURVE('',#7229,#7237,#7239,.T.);
#7237 = VERTEX_POINT('',#7238);
#7238 = CARTESIAN_POINT('',(2.95,2.,6.7));
#7239 = LINE('',#7240,#7241);
#7240 = CARTESIAN_POINT('',(2.95,-1.,6.7));
#7241 = VECTOR('',#7242,1.);
#7242 = DIRECTION('',(0.,1.,0.));
#7243 = ORIENTED_EDGE('',*,*,#7244,.T.);
#7244 = EDGE_CURVE('',#7237,#7245,#7247,.T.);
#7245 = VERTEX_POINT('',#7246);
#7246 = CARTESIAN_POINT('',(4.25,2.,6.7));
#7247 = LINE('',#7248,#7249);
#7248 = CARTESIAN_POINT('',(3.275,2.,6.7));
#7249 = VECTOR('',#7250,1.);
#7250 = DIRECTION('',(1.,0.,0.));
#7251 = ORIENTED_EDGE('',*,*,#7252,.T.);
#7252 = EDGE_CURVE('',#7245,#7253,#7255,.T.);
#7253 = VERTEX_POINT('',#7254);
#7254 = CARTESIAN_POINT('',(4.25,-2.,6.7));
#7255 = LINE('',#7256,#7257);
#7256 = CARTESIAN_POINT('',(4.25,1.,6.7));
#7257 = VECTOR('',#7258,1.);
#7258 = DIRECTION('',(0.,-1.,0.));
#7259 = ORIENTED_EDGE('',*,*,#7260,.T.);
#7260 = EDGE_CURVE('',#7253,#7111,#7261,.T.);
#7261 = LINE('',#7262,#7263);
#7262 = CARTESIAN_POINT('',(3.925,-2.,6.7));
#7263 = VECTOR('',#7264,1.);
#7264 = DIRECTION('',(-1.,0.,0.));
#7265 = FACE_BOUND('',#7266,.T.);
#7266 = EDGE_LOOP('',(#7267,#7268));
#7267 = ORIENTED_EDGE('',*,*,#6123,.T.);
#7268 = ORIENTED_EDGE('',*,*,#6114,.T.);
#7269 = FACE_BOUND('',#7270,.T.);
#7270 = EDGE_LOOP('',(#7271,#7272));
#7271 = ORIENTED_EDGE('',*,*,#6165,.T.);
#7272 = ORIENTED_EDGE('',*,*,#6156,.T.);
#7273 = PLANE('',#7274);
#7274 = AXIS2_PLACEMENT_3D('',#7275,#7276,#7277);
#7275 = CARTESIAN_POINT('',(3.6,0.,6.7));
#7276 = DIRECTION('',(0.,0.,-1.));
#7277 = DIRECTION('',(-1.,0.,0.));
#7278 = ADVANCED_FACE('',(#7279),#7304,.F.);
#7279 = FACE_BOUND('',#7280,.T.);
#7280 = EDGE_LOOP('',(#7281,#7282,#7290,#7298));
#7281 = ORIENTED_EDGE('',*,*,#7244,.F.);
#7282 = ORIENTED_EDGE('',*,*,#7283,.T.);
#7283 = EDGE_CURVE('',#7237,#7284,#7286,.T.);
#7284 = VERTEX_POINT('',#7285);
#7285 = CARTESIAN_POINT('',(2.95,2.,5.7));
#7286 = LINE('',#7287,#7288);
#7287 = CARTESIAN_POINT('',(2.95,2.,6.7));
#7288 = VECTOR('',#7289,1.);
#7289 = DIRECTION('',(0.,0.,-1.));
#7290 = ORIENTED_EDGE('',*,*,#7291,.T.);
#7291 = EDGE_CURVE('',#7284,#7292,#7294,.T.);
#7292 = VERTEX_POINT('',#7293);
#7293 = CARTESIAN_POINT('',(4.25,2.,5.7));
#7294 = LINE('',#7295,#7296);
#7295 = CARTESIAN_POINT('',(4.25,2.,5.7));
#7296 = VECTOR('',#7297,1.);
#7297 = DIRECTION('',(1.,0.,0.));
#7298 = ORIENTED_EDGE('',*,*,#7299,.F.);
#7299 = EDGE_CURVE('',#7245,#7292,#7300,.T.);
#7300 = LINE('',#7301,#7302);
#7301 = CARTESIAN_POINT('',(4.25,2.,6.7));
#7302 = VECTOR('',#7303,1.);
#7303 = DIRECTION('',(0.,0.,-1.));
#7304 = PLANE('',#7305);
#7305 = AXIS2_PLACEMENT_3D('',#7306,#7307,#7308);
#7306 = CARTESIAN_POINT('',(2.95,2.,6.7));
#7307 = DIRECTION('',(0.,1.,0.));
#7308 = DIRECTION('',(1.,0.,0.));
#7309 = ADVANCED_FACE('',(#7310),#7328,.F.);
#7310 = FACE_BOUND('',#7311,.T.);
#7311 = EDGE_LOOP('',(#7312,#7313,#7321,#7327));
#7312 = ORIENTED_EDGE('',*,*,#7236,.F.);
#7313 = ORIENTED_EDGE('',*,*,#7314,.T.);
#7314 = EDGE_CURVE('',#7229,#7315,#7317,.T.);
#7315 = VERTEX_POINT('',#7316);
#7316 = CARTESIAN_POINT('',(2.95,-2.,5.7));
#7317 = LINE('',#7318,#7319);
#7318 = CARTESIAN_POINT('',(2.95,-2.,6.7));
#7319 = VECTOR('',#7320,1.);
#7320 = DIRECTION('',(0.,0.,-1.));
#7321 = ORIENTED_EDGE('',*,*,#7322,.T.);
#7322 = EDGE_CURVE('',#7315,#7284,#7323,.T.);
#7323 = LINE('',#7324,#7325);
#7324 = CARTESIAN_POINT('',(2.95,2.,5.7));
#7325 = VECTOR('',#7326,1.);
#7326 = DIRECTION('',(0.,1.,0.));
#7327 = ORIENTED_EDGE('',*,*,#7283,.F.);
#7328 = PLANE('',#7329);
#7329 = AXIS2_PLACEMENT_3D('',#7330,#7331,#7332);
#7330 = CARTESIAN_POINT('',(2.95,-2.,6.7));
#7331 = DIRECTION('',(-1.,0.,0.));
#7332 = DIRECTION('',(0.,1.,0.));
#7333 = ADVANCED_FACE('',(#7334),#7356,.F.);
#7334 = FACE_BOUND('',#7335,.T.);
#7335 = EDGE_LOOP('',(#7336,#7337,#7345,#7351,#7352,#7353,#7354,#7355));
#7336 = ORIENTED_EDGE('',*,*,#7260,.F.);
#7337 = ORIENTED_EDGE('',*,*,#7338,.T.);
#7338 = EDGE_CURVE('',#7253,#7339,#7341,.T.);
#7339 = VERTEX_POINT('',#7340);
#7340 = CARTESIAN_POINT('',(4.25,-2.,5.7));
#7341 = LINE('',#7342,#7343);
#7342 = CARTESIAN_POINT('',(4.25,-2.,6.7));
#7343 = VECTOR('',#7344,1.);
#7344 = DIRECTION('',(0.,0.,-1.));
#7345 = ORIENTED_EDGE('',*,*,#7346,.T.);
#7346 = EDGE_CURVE('',#7339,#7315,#7347,.T.);
#7347 = LINE('',#7348,#7349);
#7348 = CARTESIAN_POINT('',(2.95,-2.,5.7));
#7349 = VECTOR('',#7350,1.);
#7350 = DIRECTION('',(-1.,0.,0.));
#7351 = ORIENTED_EDGE('',*,*,#7314,.F.);
#7352 = ORIENTED_EDGE('',*,*,#7228,.F.);
#7353 = ORIENTED_EDGE('',*,*,#7096,.T.);
#7354 = ORIENTED_EDGE('',*,*,#7151,.F.);
#7355 = ORIENTED_EDGE('',*,*,#7120,.F.);
#7356 = PLANE('',#7357);
#7357 = AXIS2_PLACEMENT_3D('',#7358,#7359,#7360);
#7358 = CARTESIAN_POINT('',(4.25,-2.,6.7));
#7359 = DIRECTION('',(0.,-1.,0.));
#7360 = DIRECTION('',(-1.,0.,0.));
#7361 = ADVANCED_FACE('',(#7362),#7373,.F.);
#7362 = FACE_BOUND('',#7363,.T.);
#7363 = EDGE_LOOP('',(#7364,#7365,#7366,#7372));
#7364 = ORIENTED_EDGE('',*,*,#7252,.F.);
#7365 = ORIENTED_EDGE('',*,*,#7299,.T.);
#7366 = ORIENTED_EDGE('',*,*,#7367,.T.);
#7367 = EDGE_CURVE('',#7292,#7339,#7368,.T.);
#7368 = LINE('',#7369,#7370);
#7369 = CARTESIAN_POINT('',(4.25,-2.,5.7));
#7370 = VECTOR('',#7371,1.);
#7371 = DIRECTION('',(0.,-1.,0.));
#7372 = ORIENTED_EDGE('',*,*,#7338,.F.);
#7373 = PLANE('',#7374);
#7374 = AXIS2_PLACEMENT_3D('',#7375,#7376,#7377);
#7375 = CARTESIAN_POINT('',(4.25,2.,6.7));
#7376 = DIRECTION('',(1.,0.,0.));
#7377 = DIRECTION('',(0.,-1.,0.));
#7378 = ADVANCED_FACE('',(#7379),#7385,.F.);
#7379 = FACE_BOUND('',#7380,.T.);
#7380 = EDGE_LOOP('',(#7381,#7382,#7383,#7384));
#7381 = ORIENTED_EDGE('',*,*,#7367,.F.);
#7382 = ORIENTED_EDGE('',*,*,#7291,.F.);
#7383 = ORIENTED_EDGE('',*,*,#7322,.F.);
#7384 = ORIENTED_EDGE('',*,*,#7346,.F.);
#7385 = PLANE('',#7386);
#7386 = AXIS2_PLACEMENT_3D('',#7387,#7388,#7389);
#7387 = CARTESIAN_POINT('',(3.6,0.,5.7));
#7388 = DIRECTION('',(0.,0.,-1.));
#7389 = DIRECTION('',(-1.,0.,0.));
#7390 = ADVANCED_FACE('',(#7391),#7416,.F.);
#7391 = FACE_BOUND('',#7392,.T.);
#7392 = EDGE_LOOP('',(#7393,#7403,#7409,#7410));
#7393 = ORIENTED_EDGE('',*,*,#7394,.F.);
#7394 = EDGE_CURVE('',#7395,#7397,#7399,.T.);
#7395 = VERTEX_POINT('',#7396);
#7396 = CARTESIAN_POINT('',(-3.4,-1.198718790512,16.));
#7397 = VERTEX_POINT('',#7398);
#7398 = CARTESIAN_POINT('',(-3.4,1.198718790512,16.));
#7399 = LINE('',#7400,#7401);
#7400 = CARTESIAN_POINT('',(-3.4,-0.599359395256,16.));
#7401 = VECTOR('',#7402,1.);
#7402 = DIRECTION('',(0.,1.,0.));
#7403 = ORIENTED_EDGE('',*,*,#7404,.T.);
#7404 = EDGE_CURVE('',#7395,#7206,#7405,.T.);
#7405 = LINE('',#7406,#7407);
#7406 = CARTESIAN_POINT('',(-3.4,-1.198718790512,16.));
#7407 = VECTOR('',#7408,1.);
#7408 = DIRECTION('',(0.,0.,-1.));
#7409 = ORIENTED_EDGE('',*,*,#7205,.T.);
#7410 = ORIENTED_EDGE('',*,*,#7411,.F.);
#7411 = EDGE_CURVE('',#7397,#7198,#7412,.T.);
#7412 = LINE('',#7413,#7414);
#7413 = CARTESIAN_POINT('',(-3.4,1.198718790512,16.));
#7414 = VECTOR('',#7415,1.);
#7415 = DIRECTION('',(0.,0.,-1.));
#7416 = PLANE('',#7417);
#7417 = AXIS2_PLACEMENT_3D('',#7418,#7419,#7420);
#7418 = CARTESIAN_POINT('',(-3.4,-1.198718790512,16.));
#7419 = DIRECTION('',(-1.,0.,0.));
#7420 = DIRECTION('',(0.,1.,0.));
#7421 = ADVANCED_FACE('',(#7422),#7440,.F.);
#7422 = FACE_BOUND('',#7423,.T.);
#7423 = EDGE_LOOP('',(#7424,#7432,#7438,#7439));
#7424 = ORIENTED_EDGE('',*,*,#7425,.F.);
#7425 = EDGE_CURVE('',#7426,#7395,#7428,.T.);
#7426 = VERTEX_POINT('',#7427);
#7427 = CARTESIAN_POINT('',(-0.878462548614,-3.3,16.));
#7428 = LINE('',#7429,#7430);
#7429 = CARTESIAN_POINT('',(-0.368424419515,-3.725031774249,16.));
#7430 = VECTOR('',#7431,1.);
#7431 = DIRECTION('',(-0.768221279597,0.640184399664,0.));
#7432 = ORIENTED_EDGE('',*,*,#7433,.T.);
#7433 = EDGE_CURVE('',#7426,#7214,#7434,.T.);
#7434 = LINE('',#7435,#7436);
#7435 = CARTESIAN_POINT('',(-0.878462548614,-3.3,16.));
#7436 = VECTOR('',#7437,1.);
#7437 = DIRECTION('',(0.,0.,-1.));
#7438 = ORIENTED_EDGE('',*,*,#7213,.T.);
#7439 = ORIENTED_EDGE('',*,*,#7404,.F.);
#7440 = PLANE('',#7441);
#7441 = AXIS2_PLACEMENT_3D('',#7442,#7443,#7444);
#7442 = CARTESIAN_POINT('',(-0.878462548614,-3.3,16.));
#7443 = DIRECTION('',(-0.640184399664,-0.768221279597,0.));
#7444 = DIRECTION('',(-0.768221279597,0.640184399664,0.));
#7445 = ADVANCED_FACE('',(#7446),#7468,.F.);
#7446 = FACE_BOUND('',#7447,.T.);
#7447 = EDGE_LOOP('',(#7448,#7449,#7450,#7451,#7459,#7465,#7466,#7467));
#7448 = ORIENTED_EDGE('',*,*,#7080,.T.);
#7449 = ORIENTED_EDGE('',*,*,#7221,.T.);
#7450 = ORIENTED_EDGE('',*,*,#7433,.F.);
#7451 = ORIENTED_EDGE('',*,*,#7452,.F.);
#7452 = EDGE_CURVE('',#7453,#7426,#7455,.T.);
#7453 = VERTEX_POINT('',#7454);
#7454 = CARTESIAN_POINT('',(10.6,-3.3,16.));
#7455 = LINE('',#7456,#7457);
#7456 = CARTESIAN_POINT('',(7.1,-3.3,16.));
#7457 = VECTOR('',#7458,1.);
#7458 = DIRECTION('',(-1.,-4.836113808461E-17,0.));
#7459 = ORIENTED_EDGE('',*,*,#7460,.T.);
#7460 = EDGE_CURVE('',#7453,#7174,#7461,.T.);
#7461 = LINE('',#7462,#7463);
#7462 = CARTESIAN_POINT('',(10.6,-3.3,16.));
#7463 = VECTOR('',#7464,1.);
#7464 = DIRECTION('',(0.,0.,-1.));
#7465 = ORIENTED_EDGE('',*,*,#7173,.T.);
#7466 = ORIENTED_EDGE('',*,*,#7136,.T.);
#7467 = ORIENTED_EDGE('',*,*,#7158,.T.);
#7468 = PLANE('',#7469);
#7469 = AXIS2_PLACEMENT_3D('',#7470,#7471,#7472);
#7470 = CARTESIAN_POINT('',(10.6,-3.3,16.));
#7471 = DIRECTION('',(4.836113808461E-17,-1.,0.));
#7472 = DIRECTION('',(-1.,-4.836113808461E-17,0.));
#7473 = ADVANCED_FACE('',(#7474),#7492,.F.);
#7474 = FACE_BOUND('',#7475,.T.);
#7475 = EDGE_LOOP('',(#7476,#7484,#7490,#7491));
#7476 = ORIENTED_EDGE('',*,*,#7477,.F.);
#7477 = EDGE_CURVE('',#7478,#7453,#7480,.T.);
#7478 = VERTEX_POINT('',#7479);
#7479 = CARTESIAN_POINT('',(10.6,3.3,16.));
#7480 = LINE('',#7481,#7482);
#7481 = CARTESIAN_POINT('',(10.6,1.65,16.));
#7482 = VECTOR('',#7483,1.);
#7483 = DIRECTION('',(0.,-1.,0.));
#7484 = ORIENTED_EDGE('',*,*,#7485,.T.);
#7485 = EDGE_CURVE('',#7478,#7182,#7486,.T.);
#7486 = LINE('',#7487,#7488);
#7487 = CARTESIAN_POINT('',(10.6,3.3,16.));
#7488 = VECTOR('',#7489,1.);
#7489 = DIRECTION('',(0.,0.,-1.));
#7490 = ORIENTED_EDGE('',*,*,#7181,.T.);
#7491 = ORIENTED_EDGE('',*,*,#7460,.F.);
#7492 = PLANE('',#7493);
#7493 = AXIS2_PLACEMENT_3D('',#7494,#7495,#7496);
#7494 = CARTESIAN_POINT('',(10.6,3.3,16.));
#7495 = DIRECTION('',(1.,0.,0.));
#7496 = DIRECTION('',(0.,-1.,0.));
#7497 = ADVANCED_FACE('',(#7498),#7516,.F.);
#7498 = FACE_BOUND('',#7499,.T.);
#7499 = EDGE_LOOP('',(#7500,#7508,#7514,#7515));
#7500 = ORIENTED_EDGE('',*,*,#7501,.F.);
#7501 = EDGE_CURVE('',#7502,#7478,#7504,.T.);
#7502 = VERTEX_POINT('',#7503);
#7503 = CARTESIAN_POINT('',(-0.878462548614,3.3,16.));
#7504 = LINE('',#7505,#7506);
#7505 = CARTESIAN_POINT('',(1.360768725693,3.3,16.));
#7506 = VECTOR('',#7507,1.);
#7507 = DIRECTION('',(1.,9.672227616923E-17,0.));
#7508 = ORIENTED_EDGE('',*,*,#7509,.T.);
#7509 = EDGE_CURVE('',#7502,#7190,#7510,.T.);
#7510 = LINE('',#7511,#7512);
#7511 = CARTESIAN_POINT('',(-0.878462548614,3.3,16.));
#7512 = VECTOR('',#7513,1.);
#7513 = DIRECTION('',(0.,0.,-1.));
#7514 = ORIENTED_EDGE('',*,*,#7189,.T.);
#7515 = ORIENTED_EDGE('',*,*,#7485,.F.);
#7516 = PLANE('',#7517);
#7517 = AXIS2_PLACEMENT_3D('',#7518,#7519,#7520);
#7518 = CARTESIAN_POINT('',(-0.878462548614,3.3,16.));
#7519 = DIRECTION('',(-9.672227616923E-17,1.,0.));
#7520 = DIRECTION('',(1.,9.672227616923E-17,0.));
#7521 = ADVANCED_FACE('',(#7522),#7533,.F.);
#7522 = FACE_BOUND('',#7523,.T.);
#7523 = EDGE_LOOP('',(#7524,#7530,#7531,#7532));
#7524 = ORIENTED_EDGE('',*,*,#7525,.F.);
#7525 = EDGE_CURVE('',#7397,#7502,#7526,.T.);
#7526 = LINE('',#7527,#7528);
#7527 = CARTESIAN_POINT('',(-1.629193145208,2.674391169505,16.));
#7528 = VECTOR('',#7529,1.);
#7529 = DIRECTION('',(0.768221279597,0.640184399664,0.));
#7530 = ORIENTED_EDGE('',*,*,#7411,.T.);
#7531 = ORIENTED_EDGE('',*,*,#7197,.T.);
#7532 = ORIENTED_EDGE('',*,*,#7509,.F.);
#7533 = PLANE('',#7534);
#7534 = AXIS2_PLACEMENT_3D('',#7535,#7536,#7537);
#7535 = CARTESIAN_POINT('',(-3.4,1.198718790512,16.));
#7536 = DIRECTION('',(-0.640184399664,0.768221279597,0.));
#7537 = DIRECTION('',(0.768221279597,0.640184399664,0.));
#7538 = ADVANCED_FACE('',(#7539,#7573),#7579,.T.);
#7539 = FACE_BOUND('',#7540,.T.);
#7540 = EDGE_LOOP('',(#7541,#7551,#7559,#7567));
#7541 = ORIENTED_EDGE('',*,*,#7542,.F.);
#7542 = EDGE_CURVE('',#7543,#7545,#7547,.T.);
#7543 = VERTEX_POINT('',#7544);
#7544 = CARTESIAN_POINT('',(11.35,-4.05,0.));
#7545 = VERTEX_POINT('',#7546);
#7546 = CARTESIAN_POINT('',(-1.15,-4.05,0.));
#7547 = LINE('',#7548,#7549);
#7548 = CARTESIAN_POINT('',(11.35,-4.05,0.));
#7549 = VECTOR('',#7550,1.);
#7550 = DIRECTION('',(-1.,0.,0.));
#7551 = ORIENTED_EDGE('',*,*,#7552,.T.);
#7552 = EDGE_CURVE('',#7543,#7553,#7555,.T.);
#7553 = VERTEX_POINT('',#7554);
#7554 = CARTESIAN_POINT('',(11.35,-4.05,16.));
#7555 = LINE('',#7556,#7557);
#7556 = CARTESIAN_POINT('',(11.35,-4.05,0.));
#7557 = VECTOR('',#7558,1.);
#7558 = DIRECTION('',(0.,0.,1.));
#7559 = ORIENTED_EDGE('',*,*,#7560,.F.);
#7560 = EDGE_CURVE('',#7561,#7553,#7563,.T.);
#7561 = VERTEX_POINT('',#7562);
#7562 = CARTESIAN_POINT('',(-1.15,-4.05,16.));
#7563 = LINE('',#7564,#7565);
#7564 = CARTESIAN_POINT('',(11.35,-4.05,16.));
#7565 = VECTOR('',#7566,1.);
#7566 = DIRECTION('',(1.,0.,0.));
#7567 = ORIENTED_EDGE('',*,*,#7568,.F.);
#7568 = EDGE_CURVE('',#7545,#7561,#7569,.T.);
#7569 = LINE('',#7570,#7571);
#7570 = CARTESIAN_POINT('',(-1.15,-4.05,0.));
#7571 = VECTOR('',#7572,1.);
#7572 = DIRECTION('',(0.,0.,1.));
#7573 = FACE_BOUND('',#7574,.T.);
#7574 = EDGE_LOOP('',(#7575,#7576,#7577,#7578));
#7575 = ORIENTED_EDGE('',*,*,#6180,.T.);
#7576 = ORIENTED_EDGE('',*,*,#6282,.T.);
#7577 = ORIENTED_EDGE('',*,*,#6251,.T.);
#7578 = ORIENTED_EDGE('',*,*,#6220,.T.);
#7579 = PLANE('',#7580);
#7580 = AXIS2_PLACEMENT_3D('',#7581,#7582,#7583);
#7581 = CARTESIAN_POINT('',(-1.15,-4.05,0.));
#7582 = DIRECTION('',(0.,-1.,0.));
#7583 = DIRECTION('',(1.,0.,0.));
#7584 = ADVANCED_FACE('',(#7585),#7610,.T.);
#7585 = FACE_BOUND('',#7586,.T.);
#7586 = EDGE_LOOP('',(#7587,#7595,#7596,#7604));
#7587 = ORIENTED_EDGE('',*,*,#7588,.F.);
#7588 = EDGE_CURVE('',#7545,#7589,#7591,.T.);
#7589 = VERTEX_POINT('',#7590);
#7590 = CARTESIAN_POINT('',(-4.15,-1.55,0.));
#7591 = LINE('',#7592,#7593);
#7592 = CARTESIAN_POINT('',(-1.15,-4.05,0.));
#7593 = VECTOR('',#7594,1.);
#7594 = DIRECTION('',(-0.768221279597,0.640184399664,0.));
#7595 = ORIENTED_EDGE('',*,*,#7568,.T.);
#7596 = ORIENTED_EDGE('',*,*,#7597,.F.);
#7597 = EDGE_CURVE('',#7598,#7561,#7600,.T.);
#7598 = VERTEX_POINT('',#7599);
#7599 = CARTESIAN_POINT('',(-4.15,-1.55,16.));
#7600 = LINE('',#7601,#7602);
#7601 = CARTESIAN_POINT('',(-1.15,-4.05,16.));
#7602 = VECTOR('',#7603,1.);
#7603 = DIRECTION('',(0.768221279597,-0.640184399664,0.));
#7604 = ORIENTED_EDGE('',*,*,#7605,.F.);
#7605 = EDGE_CURVE('',#7589,#7598,#7606,.T.);
#7606 = LINE('',#7607,#7608);
#7607 = CARTESIAN_POINT('',(-4.15,-1.55,0.));
#7608 = VECTOR('',#7609,1.);
#7609 = DIRECTION('',(0.,0.,1.));
#7610 = PLANE('',#7611);
#7611 = AXIS2_PLACEMENT_3D('',#7612,#7613,#7614);
#7612 = CARTESIAN_POINT('',(-4.15,-1.55,0.));
#7613 = DIRECTION('',(-0.640184399664,-0.768221279597,0.));
#7614 = DIRECTION('',(0.768221279597,-0.640184399664,0.));
#7615 = ADVANCED_FACE('',(#7616,#7641),#7647,.T.);
#7616 = FACE_BOUND('',#7617,.T.);
#7617 = EDGE_LOOP('',(#7618,#7626,#7627,#7635));
#7618 = ORIENTED_EDGE('',*,*,#7619,.T.);
#7619 = EDGE_CURVE('',#7620,#7589,#7622,.T.);
#7620 = VERTEX_POINT('',#7621);
#7621 = CARTESIAN_POINT('',(-4.15,1.55,0.));
#7622 = LINE('',#7623,#7624);
#7623 = CARTESIAN_POINT('',(-4.15,1.55,0.));
#7624 = VECTOR('',#7625,1.);
#7625 = DIRECTION('',(0.,-1.,0.));
#7626 = ORIENTED_EDGE('',*,*,#7605,.T.);
#7627 = ORIENTED_EDGE('',*,*,#7628,.F.);
#7628 = EDGE_CURVE('',#7629,#7598,#7631,.T.);
#7629 = VERTEX_POINT('',#7630);
#7630 = CARTESIAN_POINT('',(-4.15,1.55,16.));
#7631 = LINE('',#7632,#7633);
#7632 = CARTESIAN_POINT('',(-4.15,1.55,16.));
#7633 = VECTOR('',#7634,1.);
#7634 = DIRECTION('',(0.,-1.,0.));
#7635 = ORIENTED_EDGE('',*,*,#7636,.F.);
#7636 = EDGE_CURVE('',#7620,#7629,#7637,.T.);
#7637 = LINE('',#7638,#7639);
#7638 = CARTESIAN_POINT('',(-4.15,1.55,0.));
#7639 = VECTOR('',#7640,1.);
#7640 = DIRECTION('',(0.,0.,1.));
#7641 = FACE_BOUND('',#7642,.T.);
#7642 = EDGE_LOOP('',(#7643,#7644,#7645,#7646));
#7643 = ORIENTED_EDGE('',*,*,#6452,.T.);
#7644 = ORIENTED_EDGE('',*,*,#6492,.T.);
#7645 = ORIENTED_EDGE('',*,*,#6523,.T.);
#7646 = ORIENTED_EDGE('',*,*,#6554,.T.);
#7647 = PLANE('',#7648);
#7648 = AXIS2_PLACEMENT_3D('',#7649,#7650,#7651);
#7649 = CARTESIAN_POINT('',(-4.15,1.55,0.));
#7650 = DIRECTION('',(-1.,0.,0.));
#7651 = DIRECTION('',(0.,-1.,0.));
#7652 = ADVANCED_FACE('',(#7653),#7678,.T.);
#7653 = FACE_BOUND('',#7654,.T.);
#7654 = EDGE_LOOP('',(#7655,#7663,#7664,#7672));
#7655 = ORIENTED_EDGE('',*,*,#7656,.T.);
#7656 = EDGE_CURVE('',#7657,#7620,#7659,.T.);
#7657 = VERTEX_POINT('',#7658);
#7658 = CARTESIAN_POINT('',(-1.15,4.05,0.));
#7659 = LINE('',#7660,#7661);
#7660 = CARTESIAN_POINT('',(-1.15,4.05,0.));
#7661 = VECTOR('',#7662,1.);
#7662 = DIRECTION('',(-0.768221279597,-0.640184399664,0.));
#7663 = ORIENTED_EDGE('',*,*,#7636,.T.);
#7664 = ORIENTED_EDGE('',*,*,#7665,.F.);
#7665 = EDGE_CURVE('',#7666,#7629,#7668,.T.);
#7666 = VERTEX_POINT('',#7667);
#7667 = CARTESIAN_POINT('',(-1.15,4.05,16.));
#7668 = LINE('',#7669,#7670);
#7669 = CARTESIAN_POINT('',(-1.15,4.05,16.));
#7670 = VECTOR('',#7671,1.);
#7671 = DIRECTION('',(-0.768221279597,-0.640184399664,0.));
#7672 = ORIENTED_EDGE('',*,*,#7673,.F.);
#7673 = EDGE_CURVE('',#7657,#7666,#7674,.T.);
#7674 = LINE('',#7675,#7676);
#7675 = CARTESIAN_POINT('',(-1.15,4.05,0.));
#7676 = VECTOR('',#7677,1.);
#7677 = DIRECTION('',(0.,0.,1.));
#7678 = PLANE('',#7679);
#7679 = AXIS2_PLACEMENT_3D('',#7680,#7681,#7682);
#7680 = CARTESIAN_POINT('',(-1.15,4.05,0.));
#7681 = DIRECTION('',(-0.640184399664,0.768221279597,0.));
#7682 = DIRECTION('',(-0.768221279597,-0.640184399664,0.));
#7683 = ADVANCED_FACE('',(#7684,#7709),#7715,.T.);
#7684 = FACE_BOUND('',#7685,.T.);
#7685 = EDGE_LOOP('',(#7686,#7694,#7695,#7703));
#7686 = ORIENTED_EDGE('',*,*,#7687,.T.);
#7687 = EDGE_CURVE('',#7688,#7657,#7690,.T.);
#7688 = VERTEX_POINT('',#7689);
#7689 = CARTESIAN_POINT('',(11.35,4.05,0.));
#7690 = LINE('',#7691,#7692);
#7691 = CARTESIAN_POINT('',(11.35,4.05,0.));
#7692 = VECTOR('',#7693,1.);
#7693 = DIRECTION('',(-1.,0.,0.));
#7694 = ORIENTED_EDGE('',*,*,#7673,.T.);
#7695 = ORIENTED_EDGE('',*,*,#7696,.F.);
#7696 = EDGE_CURVE('',#7697,#7666,#7699,.T.);
#7697 = VERTEX_POINT('',#7698);
#7698 = CARTESIAN_POINT('',(11.35,4.05,16.));
#7699 = LINE('',#7700,#7701);
#7700 = CARTESIAN_POINT('',(11.35,4.05,16.));
#7701 = VECTOR('',#7702,1.);
#7702 = DIRECTION('',(-1.,0.,0.));
#7703 = ORIENTED_EDGE('',*,*,#7704,.F.);
#7704 = EDGE_CURVE('',#7688,#7697,#7705,.T.);
#7705 = LINE('',#7706,#7707);
#7706 = CARTESIAN_POINT('',(11.35,4.05,0.));
#7707 = VECTOR('',#7708,1.);
#7708 = DIRECTION('',(0.,0.,1.));
#7709 = FACE_BOUND('',#7710,.T.);
#7710 = EDGE_LOOP('',(#7711,#7712,#7713,#7714));
#7711 = ORIENTED_EDGE('',*,*,#6316,.T.);
#7712 = ORIENTED_EDGE('',*,*,#6418,.T.);
#7713 = ORIENTED_EDGE('',*,*,#6387,.T.);
#7714 = ORIENTED_EDGE('',*,*,#6356,.T.);
#7715 = PLANE('',#7716);
#7716 = AXIS2_PLACEMENT_3D('',#7717,#7718,#7719);
#7717 = CARTESIAN_POINT('',(11.35,4.05,0.));
#7718 = DIRECTION('',(0.,1.,0.));
#7719 = DIRECTION('',(-1.,0.,0.));
#7720 = ADVANCED_FACE('',(#7721,#7737),#7751,.T.);
#7721 = FACE_BOUND('',#7722,.T.);
#7722 = EDGE_LOOP('',(#7723,#7729,#7730,#7736));
#7723 = ORIENTED_EDGE('',*,*,#7724,.T.);
#7724 = EDGE_CURVE('',#7543,#7688,#7725,.T.);
#7725 = LINE('',#7726,#7727);
#7726 = CARTESIAN_POINT('',(11.35,-4.05,0.));
#7727 = VECTOR('',#7728,1.);
#7728 = DIRECTION('',(0.,1.,0.));
#7729 = ORIENTED_EDGE('',*,*,#7704,.T.);
#7730 = ORIENTED_EDGE('',*,*,#7731,.F.);
#7731 = EDGE_CURVE('',#7553,#7697,#7732,.T.);
#7732 = LINE('',#7733,#7734);
#7733 = CARTESIAN_POINT('',(11.35,-4.05,16.));
#7734 = VECTOR('',#7735,1.);
#7735 = DIRECTION('',(0.,1.,0.));
#7736 = ORIENTED_EDGE('',*,*,#7552,.F.);
#7737 = FACE_BOUND('',#7738,.T.);
#7738 = EDGE_LOOP('',(#7739,#7740,#7741,#7742,#7743,#7744,#7745,#7746,
    #7747,#7748,#7749,#7750));
#7739 = ORIENTED_EDGE('',*,*,#6588,.T.);
#7740 = ORIENTED_EDGE('',*,*,#6628,.T.);
#7741 = ORIENTED_EDGE('',*,*,#6659,.T.);
#7742 = ORIENTED_EDGE('',*,*,#6690,.T.);
#7743 = ORIENTED_EDGE('',*,*,#6721,.T.);
#7744 = ORIENTED_EDGE('',*,*,#6752,.T.);
#7745 = ORIENTED_EDGE('',*,*,#6783,.T.);
#7746 = ORIENTED_EDGE('',*,*,#6814,.T.);
#7747 = ORIENTED_EDGE('',*,*,#6845,.T.);
#7748 = ORIENTED_EDGE('',*,*,#6876,.T.);
#7749 = ORIENTED_EDGE('',*,*,#6907,.T.);
#7750 = ORIENTED_EDGE('',*,*,#6938,.T.);
#7751 = PLANE('',#7752);
#7752 = AXIS2_PLACEMENT_3D('',#7753,#7754,#7755);
#7753 = CARTESIAN_POINT('',(11.35,-4.05,0.));
#7754 = DIRECTION('',(1.,0.,0.));
#7755 = DIRECTION('',(-0.,1.,0.));
#7756 = ADVANCED_FACE('',(#7757,#7765),#7773,.T.);
#7757 = FACE_BOUND('',#7758,.T.);
#7758 = EDGE_LOOP('',(#7759,#7760,#7761,#7762,#7763,#7764));
#7759 = ORIENTED_EDGE('',*,*,#7731,.T.);
#7760 = ORIENTED_EDGE('',*,*,#7696,.T.);
#7761 = ORIENTED_EDGE('',*,*,#7665,.T.);
#7762 = ORIENTED_EDGE('',*,*,#7628,.T.);
#7763 = ORIENTED_EDGE('',*,*,#7597,.T.);
#7764 = ORIENTED_EDGE('',*,*,#7560,.T.);
#7765 = FACE_BOUND('',#7766,.T.);
#7766 = EDGE_LOOP('',(#7767,#7768,#7769,#7770,#7771,#7772));
#7767 = ORIENTED_EDGE('',*,*,#7394,.T.);
#7768 = ORIENTED_EDGE('',*,*,#7525,.T.);
#7769 = ORIENTED_EDGE('',*,*,#7501,.T.);
#7770 = ORIENTED_EDGE('',*,*,#7477,.T.);
#7771 = ORIENTED_EDGE('',*,*,#7452,.T.);
#7772 = ORIENTED_EDGE('',*,*,#7425,.T.);
#7773 = PLANE('',#7774);
#7774 = AXIS2_PLACEMENT_3D('',#7775,#7776,#7777);
#7775 = CARTESIAN_POINT('',(3.6,0.,16.));
#7776 = DIRECTION('',(0.,0.,1.));
#7777 = DIRECTION('',(1.,0.,-0.));
#7778 = ADVANCED_FACE('',(#7779,#7787,#7790),#7793,.F.);
#7779 = FACE_BOUND('',#7780,.T.);
#7780 = EDGE_LOOP('',(#7781,#7782,#7783,#7784,#7785,#7786));
#7781 = ORIENTED_EDGE('',*,*,#7724,.F.);
#7782 = ORIENTED_EDGE('',*,*,#7542,.T.);
#7783 = ORIENTED_EDGE('',*,*,#7588,.T.);
#7784 = ORIENTED_EDGE('',*,*,#7619,.F.);
#7785 = ORIENTED_EDGE('',*,*,#7656,.F.);
#7786 = ORIENTED_EDGE('',*,*,#7687,.F.);
#7787 = FACE_BOUND('',#7788,.T.);
#7788 = EDGE_LOOP('',(#7789));
#7789 = ORIENTED_EDGE('',*,*,#6998,.T.);
#7790 = FACE_BOUND('',#7791,.T.);
#7791 = EDGE_LOOP('',(#7792));
#7792 = ORIENTED_EDGE('',*,*,#7043,.T.);
#7793 = PLANE('',#7794);
#7794 = AXIS2_PLACEMENT_3D('',#7795,#7796,#7797);
#7795 = CARTESIAN_POINT('',(3.6,0.,0.));
#7796 = DIRECTION('',(0.,0.,1.));
#7797 = DIRECTION('',(1.,0.,-0.));
#7798 = ( GEOMETRIC_REPRESENTATION_CONTEXT(3) 
GLOBAL_UNCERTAINTY_ASSIGNED_CONTEXT((#7802)) 
GLOBAL_UNIT_ASSIGNED_CONTEXT((#7799,#7800,#7801)) REPRESENTATION_CONTEXT
('Context #1','3D Context with UNIT and UNCERTAINTY') );
#7799 = ( LENGTH_UNIT() NAMED_UNIT(*) SI_UNIT(.MILLI.,.METRE.) );
#7800 = ( NAMED_UNIT(*) PLANE_ANGLE_UNIT() SI_UNIT($,.RADIAN.) );
#7801 = ( NAMED_UNIT(*) SI_UNIT($,.STERADIAN.) SOLID_ANGLE_UNIT() );
#7802 = UNCERTAINTY_MEASURE_WITH_UNIT(LENGTH_MEASURE(1.E-04),#7799,
  'distance_accuracy_value','confusion accuracy');
#7803 = SHAPE_DEFINITION_REPRESENTATION(#7804,#3885);
#7804 = PRODUCT_DEFINITION_SHAPE('','',#7805);
#7805 = PRODUCT_DEFINITION('design','',#7806,#7809);
#7806 = PRODUCT_DEFINITION_FORMATION('','',#7807);
#7807 = PRODUCT('AMASS_XT60-M_1x02_P7.2mm_Vertical',
  'AMASS_XT60-M_1x02_P7.2mm_Vertical','',(#7808));
#7808 = PRODUCT_CONTEXT('',#2,'mechanical');
#7809 = PRODUCT_DEFINITION_CONTEXT('part definition',#2,'design');
#7810 = CONTEXT_DEPENDENT_SHAPE_REPRESENTATION(#7811,#7813);
#7811 = ( REPRESENTATION_RELATIONSHIP('','',#3885,#10) 
REPRESENTATION_RELATIONSHIP_WITH_TRANSFORMATION(#7812) 
SHAPE_REPRESENTATION_RELATIONSHIP() );
#7812 = ITEM_DEFINED_TRANSFORMATION('','',#11,#35);
#7813 = PRODUCT_DEFINITION_SHAPE('Placement','Placement of an item',
  #7814);
#7814 = NEXT_ASSEMBLY_USAGE_OCCURRENCE('6','','',#5,#7805,$);
#7815 = PRODUCT_RELATED_PRODUCT_CATEGORY('part',$,(#7807));
#7816 = CONTEXT_DEPENDENT_SHAPE_REPRESENTATION(#7817,#7819);
#7817 = ( REPRESENTATION_RELATIONSHIP('','',#65,#10) 
REPRESENTATION_RELATIONSHIP_WITH_TRANSFORMATION(#7818) 
SHAPE_REPRESENTATION_RELATIONSHIP() );
#7818 = ITEM_DEFINED_TRANSFORMATION('','',#11,#39);
#7819 = PRODUCT_DEFINITION_SHAPE('Placement','Placement of an item',
  #7820);
#7820 = NEXT_ASSEMBLY_USAGE_OCCURRENCE('7','','',#5,#2475,$);
#7821 = CONTEXT_DEPENDENT_SHAPE_REPRESENTATION(#7822,#7824);
#7822 = ( REPRESENTATION_RELATIONSHIP('','',#2486,#10) 
REPRESENTATION_RELATIONSHIP_WITH_TRANSFORMATION(#7823) 
SHAPE_REPRESENTATION_RELATIONSHIP() );
#7823 = ITEM_DEFINED_TRANSFORMATION('','',#11,#43);
#7824 = PRODUCT_DEFINITION_SHAPE('Placement','Placement of an item',
  #7825);
#7825 = NEXT_ASSEMBLY_USAGE_OCCURRENCE('8','','',#5,#3859,$);
#7826 = CONTEXT_DEPENDENT_SHAPE_REPRESENTATION(#7827,#7829);
#7827 = ( REPRESENTATION_RELATIONSHIP('','',#2486,#10) 
REPRESENTATION_RELATIONSHIP_WITH_TRANSFORMATION(#7828) 
SHAPE_REPRESENTATION_RELATIONSHIP() );
#7828 = ITEM_DEFINED_TRANSFORMATION('','',#11,#47);
#7829 = PRODUCT_DEFINITION_SHAPE('Placement','Placement of an item',
  #7830);
#7830 = NEXT_ASSEMBLY_USAGE_OCCURRENCE('9','','',#5,#3859,$);
#7831 = CONTEXT_DEPENDENT_SHAPE_REPRESENTATION(#7832,#7834);
#7832 = ( REPRESENTATION_RELATIONSHIP('','',#65,#10) 
REPRESENTATION_RELATIONSHIP_WITH_TRANSFORMATION(#7833) 
SHAPE_REPRESENTATION_RELATIONSHIP() );
#7833 = ITEM_DEFINED_TRANSFORMATION('','',#11,#51);
#7834 = PRODUCT_DEFINITION_SHAPE('Placement','Placement of an item',
  #7835);
#7835 = NEXT_ASSEMBLY_USAGE_OCCURRENCE('10','','',#5,#2475,$);
#7836 = ADVANCED_BREP_SHAPE_REPRESENTATION('',(#11,#7837),#12550);
#7837 = MANIFOLD_SOLID_BREP('',#7838);
#7838 = CLOSED_SHELL('',(#7839,#7879,#7910,#7941,#9245,#10549,#10561,
    #10578,#10595,#10612,#10629,#10646,#10663,#10680,#10697,#10714,
    #10731,#10748,#10765,#10782,#10799,#10816,#10833,#10850,#10867,
    #10884,#10901,#10918,#10935,#10952,#10969,#10986,#11003,#11020,
    #11037,#11054,#11071,#11088,#11105,#11122,#11139,#11156,#11173,
    #11190,#11207,#11224,#11241,#11258,#11275,#11292,#11309,#11326,
    #11343,#11360,#11377,#11394,#11411,#11428,#11445,#11462,#11479,
    #11496,#11513,#11530,#11547,#11564,#11581,#11598,#11615,#11632,
    #11649,#11666,#11683,#11700,#11717,#11734,#11751,#11768,#11785,
    #11802,#11819,#11836,#11853,#11870,#11887,#11904,#11921,#11938,
    #11955,#11972,#11989,#12006,#12023,#12040,#12057,#12074,#12091,
    #12108,#12125,#12142,#12159,#12176,#12193,#12210,#12227,#12244,
    #12261,#12278,#12295,#12312,#12329,#12346,#12363,#12380,#12397,
    #12414,#12431,#12448,#12465,#12482,#12499,#12516,#12533));
#7839 = ADVANCED_FACE('',(#7840),#7874,.T.);
#7840 = FACE_BOUND('',#7841,.T.);
#7841 = EDGE_LOOP('',(#7842,#7852,#7860,#7868));
#7842 = ORIENTED_EDGE('',*,*,#7843,.T.);
#7843 = EDGE_CURVE('',#7844,#7846,#7848,.T.);
#7844 = VERTEX_POINT('',#7845);
#7845 = CARTESIAN_POINT('',(138.2,-160.6,0.));
#7846 = VERTEX_POINT('',#7847);
#7847 = CARTESIAN_POINT('',(138.2,-160.6,1.51));
#7848 = LINE('',#7849,#7850);
#7849 = CARTESIAN_POINT('',(138.2,-160.6,0.));
#7850 = VECTOR('',#7851,1.);
#7851 = DIRECTION('',(0.,0.,1.));
#7852 = ORIENTED_EDGE('',*,*,#7853,.T.);
#7853 = EDGE_CURVE('',#7846,#7854,#7856,.T.);
#7854 = VERTEX_POINT('',#7855);
#7855 = CARTESIAN_POINT('',(45.8,-160.6,1.51));
#7856 = LINE('',#7857,#7858);
#7857 = CARTESIAN_POINT('',(138.2,-160.6,1.51));
#7858 = VECTOR('',#7859,1.);
#7859 = DIRECTION('',(-1.,0.,0.));
#7860 = ORIENTED_EDGE('',*,*,#7861,.F.);
#7861 = EDGE_CURVE('',#7862,#7854,#7864,.T.);
#7862 = VERTEX_POINT('',#7863);
#7863 = CARTESIAN_POINT('',(45.8,-160.6,0.));
#7864 = LINE('',#7865,#7866);
#7865 = CARTESIAN_POINT('',(45.8,-160.6,0.));
#7866 = VECTOR('',#7867,1.);
#7867 = DIRECTION('',(0.,0.,1.));
#7868 = ORIENTED_EDGE('',*,*,#7869,.F.);
#7869 = EDGE_CURVE('',#7844,#7862,#7870,.T.);
#7870 = LINE('',#7871,#7872);
#7871 = CARTESIAN_POINT('',(138.2,-160.6,0.));
#7872 = VECTOR('',#7873,1.);
#7873 = DIRECTION('',(-1.,0.,0.));
#7874 = PLANE('',#7875);
#7875 = AXIS2_PLACEMENT_3D('',#7876,#7877,#7878);
#7876 = CARTESIAN_POINT('',(138.2,-160.6,0.));
#7877 = DIRECTION('',(0.,-1.,0.));
#7878 = DIRECTION('',(-1.,0.,0.));
#7879 = ADVANCED_FACE('',(#7880),#7905,.T.);
#7880 = FACE_BOUND('',#7881,.T.);
#7881 = EDGE_LOOP('',(#7882,#7892,#7898,#7899));
#7882 = ORIENTED_EDGE('',*,*,#7883,.T.);
#7883 = EDGE_CURVE('',#7884,#7886,#7888,.T.);
#7884 = VERTEX_POINT('',#7885);
#7885 = CARTESIAN_POINT('',(138.2,-51.6,0.));
#7886 = VERTEX_POINT('',#7887);
#7887 = CARTESIAN_POINT('',(138.2,-51.6,1.51));
#7888 = LINE('',#7889,#7890);
#7889 = CARTESIAN_POINT('',(138.2,-51.6,0.));
#7890 = VECTOR('',#7891,1.);
#7891 = DIRECTION('',(0.,0.,1.));
#7892 = ORIENTED_EDGE('',*,*,#7893,.T.);
#7893 = EDGE_CURVE('',#7886,#7846,#7894,.T.);
#7894 = LINE('',#7895,#7896);
#7895 = CARTESIAN_POINT('',(138.2,-51.6,1.51));
#7896 = VECTOR('',#7897,1.);
#7897 = DIRECTION('',(0.,-1.,0.));
#7898 = ORIENTED_EDGE('',*,*,#7843,.F.);
#7899 = ORIENTED_EDGE('',*,*,#7900,.F.);
#7900 = EDGE_CURVE('',#7884,#7844,#7901,.T.);
#7901 = LINE('',#7902,#7903);
#7902 = CARTESIAN_POINT('',(138.2,-51.6,0.));
#7903 = VECTOR('',#7904,1.);
#7904 = DIRECTION('',(0.,-1.,0.));
#7905 = PLANE('',#7906);
#7906 = AXIS2_PLACEMENT_3D('',#7907,#7908,#7909);
#7907 = CARTESIAN_POINT('',(138.2,-51.6,0.));
#7908 = DIRECTION('',(1.,0.,-0.));
#7909 = DIRECTION('',(0.,-1.,0.));
#7910 = ADVANCED_FACE('',(#7911),#7936,.T.);
#7911 = FACE_BOUND('',#7912,.T.);
#7912 = EDGE_LOOP('',(#7913,#7914,#7922,#7930));
#7913 = ORIENTED_EDGE('',*,*,#7861,.T.);
#7914 = ORIENTED_EDGE('',*,*,#7915,.T.);
#7915 = EDGE_CURVE('',#7854,#7916,#7918,.T.);
#7916 = VERTEX_POINT('',#7917);
#7917 = CARTESIAN_POINT('',(45.8,-51.6,1.51));
#7918 = LINE('',#7919,#7920);
#7919 = CARTESIAN_POINT('',(45.8,-160.6,1.51));
#7920 = VECTOR('',#7921,1.);
#7921 = DIRECTION('',(0.,1.,0.));
#7922 = ORIENTED_EDGE('',*,*,#7923,.F.);
#7923 = EDGE_CURVE('',#7924,#7916,#7926,.T.);
#7924 = VERTEX_POINT('',#7925);
#7925 = CARTESIAN_POINT('',(45.8,-51.6,0.));
#7926 = LINE('',#7927,#7928);
#7927 = CARTESIAN_POINT('',(45.8,-51.6,0.));
#7928 = VECTOR('',#7929,1.);
#7929 = DIRECTION('',(0.,0.,1.));
#7930 = ORIENTED_EDGE('',*,*,#7931,.F.);
#7931 = EDGE_CURVE('',#7862,#7924,#7932,.T.);
#7932 = LINE('',#7933,#7934);
#7933 = CARTESIAN_POINT('',(45.8,-160.6,0.));
#7934 = VECTOR('',#7935,1.);
#7935 = DIRECTION('',(0.,1.,0.));
#7936 = PLANE('',#7937);
#7937 = AXIS2_PLACEMENT_3D('',#7938,#7939,#7940);
#7938 = CARTESIAN_POINT('',(45.8,-160.6,0.));
#7939 = DIRECTION('',(-1.,0.,0.));
#7940 = DIRECTION('',(0.,1.,0.));
#7941 = ADVANCED_FACE('',(#7942,#7953,#7964,#7975,#7986,#7997,#8008,
    #8019,#8030,#8041,#8052,#8063,#8074,#8085,#8096,#8107,#8118,#8129,
    #8140,#8151,#8162,#8173,#8184,#8195,#8206,#8217,#8228,#8239,#8250,
    #8261,#8272,#8283,#8294,#8305,#8316,#8327,#8338,#8349,#8360,#8371,
    #8382,#8393,#8404,#8415,#8426,#8437,#8448,#8459,#8470,#8481,#8492,
    #8503,#8514,#8525,#8536,#8547,#8558,#8569,#8580,#8591,#8602,#8613,
    #8624,#8635,#8646,#8657,#8668,#8679,#8690,#8701,#8712,#8723,#8734,
    #8745,#8756,#8767,#8778,#8789,#8800,#8811,#8822,#8833,#8844,#8855,
    #8866,#8877,#8888,#8899,#8910,#8921,#8932,#8943,#8954,#8965,#8976,
    #8987,#8998,#9009,#9020,#9031,#9042,#9053,#9064,#9075,#9086,#9097,
    #9108,#9119,#9130,#9141,#9152,#9163,#9174,#9185,#9196,#9207,#9218,
    #9229),#9240,.F.);
#7942 = FACE_BOUND('',#7943,.F.);
#7943 = EDGE_LOOP('',(#7944,#7945,#7946,#7952));
#7944 = ORIENTED_EDGE('',*,*,#7869,.F.);
#7945 = ORIENTED_EDGE('',*,*,#7900,.F.);
#7946 = ORIENTED_EDGE('',*,*,#7947,.F.);
#7947 = EDGE_CURVE('',#7924,#7884,#7948,.T.);
#7948 = LINE('',#7949,#7950);
#7949 = CARTESIAN_POINT('',(45.8,-51.6,0.));
#7950 = VECTOR('',#7951,1.);
#7951 = DIRECTION('',(1.,0.,0.));
#7952 = ORIENTED_EDGE('',*,*,#7931,.F.);
#7953 = FACE_BOUND('',#7954,.F.);
#7954 = EDGE_LOOP('',(#7955));
#7955 = ORIENTED_EDGE('',*,*,#7956,.T.);
#7956 = EDGE_CURVE('',#7957,#7957,#7959,.T.);
#7957 = VERTEX_POINT('',#7958);
#7958 = CARTESIAN_POINT('',(51.,-157.1,0.));
#7959 = CIRCLE('',#7960,1.6);
#7960 = AXIS2_PLACEMENT_3D('',#7961,#7962,#7963);
#7961 = CARTESIAN_POINT('',(51.,-155.5,0.));
#7962 = DIRECTION('',(-0.,0.,-1.));
#7963 = DIRECTION('',(-0.,-1.,0.));
#7964 = FACE_BOUND('',#7965,.F.);
#7965 = EDGE_LOOP('',(#7966));
#7966 = ORIENTED_EDGE('',*,*,#7967,.T.);
#7967 = EDGE_CURVE('',#7968,#7968,#7970,.T.);
#7968 = VERTEX_POINT('',#7969);
#7969 = CARTESIAN_POINT('',(51.25,-148.6,0.));
#7970 = CIRCLE('',#7971,1.35);
#7971 = AXIS2_PLACEMENT_3D('',#7972,#7973,#7974);
#7972 = CARTESIAN_POINT('',(51.25,-147.25,0.));
#7973 = DIRECTION('',(-0.,0.,-1.));
#7974 = DIRECTION('',(-0.,-1.,0.));
#7975 = FACE_BOUND('',#7976,.F.);
#7976 = EDGE_LOOP('',(#7977));
#7977 = ORIENTED_EDGE('',*,*,#7978,.T.);
#7978 = EDGE_CURVE('',#7979,#7979,#7981,.T.);
#7979 = VERTEX_POINT('',#7980);
#7980 = CARTESIAN_POINT('',(56.25,-148.6,0.));
#7981 = CIRCLE('',#7982,1.35);
#7982 = AXIS2_PLACEMENT_3D('',#7983,#7984,#7985);
#7983 = CARTESIAN_POINT('',(56.25,-147.25,0.));
#7984 = DIRECTION('',(-0.,0.,-1.));
#7985 = DIRECTION('',(-0.,-1.,0.));
#7986 = FACE_BOUND('',#7987,.F.);
#7987 = EDGE_LOOP('',(#7988));
#7988 = ORIENTED_EDGE('',*,*,#7989,.T.);
#7989 = EDGE_CURVE('',#7990,#7990,#7992,.T.);
#7990 = VERTEX_POINT('',#7991);
#7991 = CARTESIAN_POINT('',(60.,-155.7,0.));
#7992 = CIRCLE('',#7993,0.7);
#7993 = AXIS2_PLACEMENT_3D('',#7994,#7995,#7996);
#7994 = CARTESIAN_POINT('',(60.,-155.,0.));
#7995 = DIRECTION('',(-0.,0.,-1.));
#7996 = DIRECTION('',(-0.,-1.,0.));
#7997 = FACE_BOUND('',#7998,.F.);
#7998 = EDGE_LOOP('',(#7999));
#7999 = ORIENTED_EDGE('',*,*,#8000,.T.);
#8000 = EDGE_CURVE('',#8001,#8001,#8003,.T.);
#8001 = VERTEX_POINT('',#8002);
#8002 = CARTESIAN_POINT('',(65.5,-155.7,0.));
#8003 = CIRCLE('',#8004,0.7);
#8004 = AXIS2_PLACEMENT_3D('',#8005,#8006,#8007);
#8005 = CARTESIAN_POINT('',(65.5,-155.,0.));
#8006 = DIRECTION('',(-0.,0.,-1.));
#8007 = DIRECTION('',(-0.,-1.,0.));
#8008 = FACE_BOUND('',#8009,.F.);
#8009 = EDGE_LOOP('',(#8010));
#8010 = ORIENTED_EDGE('',*,*,#8011,.T.);
#8011 = EDGE_CURVE('',#8012,#8012,#8014,.T.);
#8012 = VERTEX_POINT('',#8013);
#8013 = CARTESIAN_POINT('',(64.,-147.83,0.));
#8014 = CIRCLE('',#8015,0.5);
#8015 = AXIS2_PLACEMENT_3D('',#8016,#8017,#8018);
#8016 = CARTESIAN_POINT('',(64.,-147.33,0.));
#8017 = DIRECTION('',(-0.,0.,-1.));
#8018 = DIRECTION('',(-0.,-1.,0.));
#8019 = FACE_BOUND('',#8020,.F.);
#8020 = EDGE_LOOP('',(#8021));
#8021 = ORIENTED_EDGE('',*,*,#8022,.T.);
#8022 = EDGE_CURVE('',#8023,#8023,#8025,.T.);
#8023 = VERTEX_POINT('',#8024);
#8024 = CARTESIAN_POINT('',(64.,-145.29,0.));
#8025 = CIRCLE('',#8026,0.5);
#8026 = AXIS2_PLACEMENT_3D('',#8027,#8028,#8029);
#8027 = CARTESIAN_POINT('',(64.,-144.79,0.));
#8028 = DIRECTION('',(-0.,0.,-1.));
#8029 = DIRECTION('',(-0.,-1.,0.));
#8030 = FACE_BOUND('',#8031,.F.);
#8031 = EDGE_LOOP('',(#8032));
#8032 = ORIENTED_EDGE('',*,*,#8033,.T.);
#8033 = EDGE_CURVE('',#8034,#8034,#8036,.T.);
#8034 = VERTEX_POINT('',#8035);
#8035 = CARTESIAN_POINT('',(51.25,-140.1,0.));
#8036 = CIRCLE('',#8037,1.35);
#8037 = AXIS2_PLACEMENT_3D('',#8038,#8039,#8040);
#8038 = CARTESIAN_POINT('',(51.25,-138.75,0.));
#8039 = DIRECTION('',(-0.,0.,-1.));
#8040 = DIRECTION('',(-0.,-1.,0.));
#8041 = FACE_BOUND('',#8042,.F.);
#8042 = EDGE_LOOP('',(#8043));
#8043 = ORIENTED_EDGE('',*,*,#8044,.T.);
#8044 = EDGE_CURVE('',#8045,#8045,#8047,.T.);
#8045 = VERTEX_POINT('',#8046);
#8046 = CARTESIAN_POINT('',(56.25,-140.1,0.));
#8047 = CIRCLE('',#8048,1.35);
#8048 = AXIS2_PLACEMENT_3D('',#8049,#8050,#8051);
#8049 = CARTESIAN_POINT('',(56.25,-138.75,0.));
#8050 = DIRECTION('',(-0.,0.,-1.));
#8051 = DIRECTION('',(-0.,-1.,0.));
#8052 = FACE_BOUND('',#8053,.F.);
#8053 = EDGE_LOOP('',(#8054));
#8054 = ORIENTED_EDGE('',*,*,#8055,.T.);
#8055 = EDGE_CURVE('',#8056,#8056,#8058,.T.);
#8056 = VERTEX_POINT('',#8057);
#8057 = CARTESIAN_POINT('',(64.,-142.75,0.));
#8058 = CIRCLE('',#8059,0.5);
#8059 = AXIS2_PLACEMENT_3D('',#8060,#8061,#8062);
#8060 = CARTESIAN_POINT('',(64.,-142.25,0.));
#8061 = DIRECTION('',(-0.,0.,-1.));
#8062 = DIRECTION('',(-0.,-1.,0.));
#8063 = FACE_BOUND('',#8064,.F.);
#8064 = EDGE_LOOP('',(#8065));
#8065 = ORIENTED_EDGE('',*,*,#8066,.T.);
#8066 = EDGE_CURVE('',#8067,#8067,#8069,.T.);
#8067 = VERTEX_POINT('',#8068);
#8068 = CARTESIAN_POINT('',(87.62,-146.34,0.));
#8069 = CIRCLE('',#8070,1.35);
#8070 = AXIS2_PLACEMENT_3D('',#8071,#8072,#8073);
#8071 = CARTESIAN_POINT('',(87.62,-144.99,0.));
#8072 = DIRECTION('',(-0.,0.,-1.));
#8073 = DIRECTION('',(-0.,-1.,0.));
#8074 = FACE_BOUND('',#8075,.F.);
#8075 = EDGE_LOOP('',(#8076));
#8076 = ORIENTED_EDGE('',*,*,#8077,.F.);
#8077 = EDGE_CURVE('',#8078,#8078,#8080,.T.);
#8078 = VERTEX_POINT('',#8079);
#8079 = CARTESIAN_POINT('',(78.24,-132.75,0.));
#8080 = CIRCLE('',#8081,1.09);
#8081 = AXIS2_PLACEMENT_3D('',#8082,#8083,#8084);
#8082 = CARTESIAN_POINT('',(77.15,-132.75,0.));
#8083 = DIRECTION('',(0.,0.,1.));
#8084 = DIRECTION('',(1.,0.,-0.));
#8085 = FACE_BOUND('',#8086,.F.);
#8086 = EDGE_LOOP('',(#8087));
#8087 = ORIENTED_EDGE('',*,*,#8088,.T.);
#8088 = EDGE_CURVE('',#8089,#8089,#8091,.T.);
#8089 = VERTEX_POINT('',#8090);
#8090 = CARTESIAN_POINT('',(87.62,-141.34,0.));
#8091 = CIRCLE('',#8092,1.35);
#8092 = AXIS2_PLACEMENT_3D('',#8093,#8094,#8095);
#8093 = CARTESIAN_POINT('',(87.62,-139.99,0.));
#8094 = DIRECTION('',(-0.,0.,-1.));
#8095 = DIRECTION('',(-0.,-1.,0.));
#8096 = FACE_BOUND('',#8097,.F.);
#8097 = EDGE_LOOP('',(#8098));
#8098 = ORIENTED_EDGE('',*,*,#8099,.T.);
#8099 = EDGE_CURVE('',#8100,#8100,#8102,.T.);
#8100 = VERTEX_POINT('',#8101);
#8101 = CARTESIAN_POINT('',(76.32,-128.881,0.));
#8102 = CIRCLE('',#8103,0.381);
#8103 = AXIS2_PLACEMENT_3D('',#8104,#8105,#8106);
#8104 = CARTESIAN_POINT('',(76.32,-128.5,0.));
#8105 = DIRECTION('',(-0.,0.,-1.));
#8106 = DIRECTION('',(-0.,-1.,0.));
#8107 = FACE_BOUND('',#8108,.F.);
#8108 = EDGE_LOOP('',(#8109));
#8109 = ORIENTED_EDGE('',*,*,#8110,.T.);
#8110 = EDGE_CURVE('',#8111,#8111,#8113,.T.);
#8111 = VERTEX_POINT('',#8112);
#8112 = CARTESIAN_POINT('',(78.86,-128.881,0.));
#8113 = CIRCLE('',#8114,0.381);
#8114 = AXIS2_PLACEMENT_3D('',#8115,#8116,#8117);
#8115 = CARTESIAN_POINT('',(78.86,-128.5,0.));
#8116 = DIRECTION('',(-0.,0.,-1.));
#8117 = DIRECTION('',(-0.,-1.,0.));
#8118 = FACE_BOUND('',#8119,.F.);
#8119 = EDGE_LOOP('',(#8120));
#8120 = ORIENTED_EDGE('',*,*,#8121,.T.);
#8121 = EDGE_CURVE('',#8122,#8122,#8124,.T.);
#8122 = VERTEX_POINT('',#8123);
#8123 = CARTESIAN_POINT('',(76.32,-126.341,0.));
#8124 = CIRCLE('',#8125,0.381);
#8125 = AXIS2_PLACEMENT_3D('',#8126,#8127,#8128);
#8126 = CARTESIAN_POINT('',(76.32,-125.96,0.));
#8127 = DIRECTION('',(-0.,0.,-1.));
#8128 = DIRECTION('',(-0.,-1.,0.));
#8129 = FACE_BOUND('',#8130,.F.);
#8130 = EDGE_LOOP('',(#8131));
#8131 = ORIENTED_EDGE('',*,*,#8132,.T.);
#8132 = EDGE_CURVE('',#8133,#8133,#8135,.T.);
#8133 = VERTEX_POINT('',#8134);
#8134 = CARTESIAN_POINT('',(78.86,-126.341,0.));
#8135 = CIRCLE('',#8136,0.381);
#8136 = AXIS2_PLACEMENT_3D('',#8137,#8138,#8139);
#8137 = CARTESIAN_POINT('',(78.86,-125.96,0.));
#8138 = DIRECTION('',(-0.,0.,-1.));
#8139 = DIRECTION('',(-0.,-1.,0.));
#8140 = FACE_BOUND('',#8141,.F.);
#8141 = EDGE_LOOP('',(#8142));
#8142 = ORIENTED_EDGE('',*,*,#8143,.T.);
#8143 = EDGE_CURVE('',#8144,#8144,#8146,.T.);
#8144 = VERTEX_POINT('',#8145);
#8145 = CARTESIAN_POINT('',(76.32,-123.801,0.));
#8146 = CIRCLE('',#8147,0.381);
#8147 = AXIS2_PLACEMENT_3D('',#8148,#8149,#8150);
#8148 = CARTESIAN_POINT('',(76.32,-123.42,0.));
#8149 = DIRECTION('',(-0.,0.,-1.));
#8150 = DIRECTION('',(-0.,-1.,0.));
#8151 = FACE_BOUND('',#8152,.F.);
#8152 = EDGE_LOOP('',(#8153));
#8153 = ORIENTED_EDGE('',*,*,#8154,.T.);
#8154 = EDGE_CURVE('',#8155,#8155,#8157,.T.);
#8155 = VERTEX_POINT('',#8156);
#8156 = CARTESIAN_POINT('',(78.86,-123.801,0.));
#8157 = CIRCLE('',#8158,0.381);
#8158 = AXIS2_PLACEMENT_3D('',#8159,#8160,#8161);
#8159 = CARTESIAN_POINT('',(78.86,-123.42,0.));
#8160 = DIRECTION('',(-0.,0.,-1.));
#8161 = DIRECTION('',(-0.,-1.,0.));
#8162 = FACE_BOUND('',#8163,.F.);
#8163 = EDGE_LOOP('',(#8164));
#8164 = ORIENTED_EDGE('',*,*,#8165,.T.);
#8165 = EDGE_CURVE('',#8166,#8166,#8168,.T.);
#8166 = VERTEX_POINT('',#8167);
#8167 = CARTESIAN_POINT('',(76.32,-121.261,0.));
#8168 = CIRCLE('',#8169,0.381);
#8169 = AXIS2_PLACEMENT_3D('',#8170,#8171,#8172);
#8170 = CARTESIAN_POINT('',(76.32,-120.88,0.));
#8171 = DIRECTION('',(-0.,0.,-1.));
#8172 = DIRECTION('',(-0.,-1.,0.));
#8173 = FACE_BOUND('',#8174,.F.);
#8174 = EDGE_LOOP('',(#8175));
#8175 = ORIENTED_EDGE('',*,*,#8176,.T.);
#8176 = EDGE_CURVE('',#8177,#8177,#8179,.T.);
#8177 = VERTEX_POINT('',#8178);
#8178 = CARTESIAN_POINT('',(78.86,-121.261,0.));
#8179 = CIRCLE('',#8180,0.381);
#8180 = AXIS2_PLACEMENT_3D('',#8181,#8182,#8183);
#8181 = CARTESIAN_POINT('',(78.86,-120.88,0.));
#8182 = DIRECTION('',(-0.,0.,-1.));
#8183 = DIRECTION('',(-0.,-1.,0.));
#8184 = FACE_BOUND('',#8185,.F.);
#8185 = EDGE_LOOP('',(#8186));
#8186 = ORIENTED_EDGE('',*,*,#8187,.T.);
#8187 = EDGE_CURVE('',#8188,#8188,#8190,.T.);
#8188 = VERTEX_POINT('',#8189);
#8189 = CARTESIAN_POINT('',(76.32,-118.721,0.));
#8190 = CIRCLE('',#8191,0.381);
#8191 = AXIS2_PLACEMENT_3D('',#8192,#8193,#8194);
#8192 = CARTESIAN_POINT('',(76.32,-118.34,0.));
#8193 = DIRECTION('',(-0.,0.,-1.));
#8194 = DIRECTION('',(-0.,-1.,0.));
#8195 = FACE_BOUND('',#8196,.F.);
#8196 = EDGE_LOOP('',(#8197));
#8197 = ORIENTED_EDGE('',*,*,#8198,.T.);
#8198 = EDGE_CURVE('',#8199,#8199,#8201,.T.);
#8199 = VERTEX_POINT('',#8200);
#8200 = CARTESIAN_POINT('',(76.32,-116.181,0.));
#8201 = CIRCLE('',#8202,0.381);
#8202 = AXIS2_PLACEMENT_3D('',#8203,#8204,#8205);
#8203 = CARTESIAN_POINT('',(76.32,-115.8,0.));
#8204 = DIRECTION('',(-0.,0.,-1.));
#8205 = DIRECTION('',(-0.,-1.,0.));
#8206 = FACE_BOUND('',#8207,.F.);
#8207 = EDGE_LOOP('',(#8208));
#8208 = ORIENTED_EDGE('',*,*,#8209,.T.);
#8209 = EDGE_CURVE('',#8210,#8210,#8212,.T.);
#8210 = VERTEX_POINT('',#8211);
#8211 = CARTESIAN_POINT('',(78.86,-118.721,0.));
#8212 = CIRCLE('',#8213,0.381);
#8213 = AXIS2_PLACEMENT_3D('',#8214,#8215,#8216);
#8214 = CARTESIAN_POINT('',(78.86,-118.34,0.));
#8215 = DIRECTION('',(-0.,0.,-1.));
#8216 = DIRECTION('',(-0.,-1.,0.));
#8217 = FACE_BOUND('',#8218,.F.);
#8218 = EDGE_LOOP('',(#8219));
#8219 = ORIENTED_EDGE('',*,*,#8220,.T.);
#8220 = EDGE_CURVE('',#8221,#8221,#8223,.T.);
#8221 = VERTEX_POINT('',#8222);
#8222 = CARTESIAN_POINT('',(78.86,-116.181,0.));
#8223 = CIRCLE('',#8224,0.381);
#8224 = AXIS2_PLACEMENT_3D('',#8225,#8226,#8227);
#8225 = CARTESIAN_POINT('',(78.86,-115.8,0.));
#8226 = DIRECTION('',(-0.,0.,-1.));
#8227 = DIRECTION('',(-0.,-1.,0.));
#8228 = FACE_BOUND('',#8229,.F.);
#8229 = EDGE_LOOP('',(#8230));
#8230 = ORIENTED_EDGE('',*,*,#8231,.F.);
#8231 = EDGE_CURVE('',#8232,#8232,#8234,.T.);
#8232 = VERTEX_POINT('',#8233);
#8233 = CARTESIAN_POINT('',(78.24,-111.65,0.));
#8234 = CIRCLE('',#8235,1.09);
#8235 = AXIS2_PLACEMENT_3D('',#8236,#8237,#8238);
#8236 = CARTESIAN_POINT('',(77.15,-111.65,0.));
#8237 = DIRECTION('',(0.,0.,1.));
#8238 = DIRECTION('',(1.,0.,-0.));
#8239 = FACE_BOUND('',#8240,.F.);
#8240 = EDGE_LOOP('',(#8241));
#8241 = ORIENTED_EDGE('',*,*,#8242,.F.);
#8242 = EDGE_CURVE('',#8243,#8243,#8245,.T.);
#8243 = VERTEX_POINT('',#8244);
#8244 = CARTESIAN_POINT('',(99.34,-132.75,0.));
#8245 = CIRCLE('',#8246,1.09);
#8246 = AXIS2_PLACEMENT_3D('',#8247,#8248,#8249);
#8247 = CARTESIAN_POINT('',(98.25,-132.75,0.));
#8248 = DIRECTION('',(0.,0.,1.));
#8249 = DIRECTION('',(1.,0.,-0.));
#8250 = FACE_BOUND('',#8251,.F.);
#8251 = EDGE_LOOP('',(#8252));
#8252 = ORIENTED_EDGE('',*,*,#8253,.T.);
#8253 = EDGE_CURVE('',#8254,#8254,#8256,.T.);
#8254 = VERTEX_POINT('',#8255);
#8255 = CARTESIAN_POINT('',(108.24632,-133.53728,0.));
#8256 = CIRCLE('',#8257,0.45);
#8257 = AXIS2_PLACEMENT_3D('',#8258,#8259,#8260);
#8258 = CARTESIAN_POINT('',(108.24632,-133.08728,0.));
#8259 = DIRECTION('',(-0.,0.,-1.));
#8260 = DIRECTION('',(-0.,-1.,0.));
#8261 = FACE_BOUND('',#8262,.F.);
#8262 = EDGE_LOOP('',(#8263));
#8263 = ORIENTED_EDGE('',*,*,#8264,.T.);
#8264 = EDGE_CURVE('',#8265,#8265,#8267,.T.);
#8265 = VERTEX_POINT('',#8266);
#8266 = CARTESIAN_POINT('',(123.,-157.1,0.));
#8267 = CIRCLE('',#8268,1.6);
#8268 = AXIS2_PLACEMENT_3D('',#8269,#8270,#8271);
#8269 = CARTESIAN_POINT('',(123.,-155.5,0.));
#8270 = DIRECTION('',(-0.,0.,-1.));
#8271 = DIRECTION('',(-0.,-1.,0.));
#8272 = FACE_BOUND('',#8273,.F.);
#8273 = EDGE_LOOP('',(#8274));
#8274 = ORIENTED_EDGE('',*,*,#8275,.T.);
#8275 = EDGE_CURVE('',#8276,#8276,#8278,.T.);
#8276 = VERTEX_POINT('',#8277);
#8277 = CARTESIAN_POINT('',(132.579135,-155.2,0.));
#8278 = CIRCLE('',#8279,0.7);
#8279 = AXIS2_PLACEMENT_3D('',#8280,#8281,#8282);
#8280 = CARTESIAN_POINT('',(132.579135,-154.5,0.));
#8281 = DIRECTION('',(-0.,0.,-1.));
#8282 = DIRECTION('',(-0.,-1.,0.));
#8283 = FACE_BOUND('',#8284,.F.);
#8284 = EDGE_LOOP('',(#8285));
#8285 = ORIENTED_EDGE('',*,*,#8286,.T.);
#8286 = EDGE_CURVE('',#8287,#8287,#8289,.T.);
#8287 = VERTEX_POINT('',#8288);
#8288 = CARTESIAN_POINT('',(132.579135,-149.7,0.));
#8289 = CIRCLE('',#8290,0.7);
#8290 = AXIS2_PLACEMENT_3D('',#8291,#8292,#8293);
#8291 = CARTESIAN_POINT('',(132.579135,-149.,0.));
#8292 = DIRECTION('',(-0.,0.,-1.));
#8293 = DIRECTION('',(-0.,-1.,0.));
#8294 = FACE_BOUND('',#8295,.F.);
#8295 = EDGE_LOOP('',(#8296));
#8296 = ORIENTED_EDGE('',*,*,#8297,.T.);
#8297 = EDGE_CURVE('',#8298,#8298,#8300,.T.);
#8298 = VERTEX_POINT('',#8299);
#8299 = CARTESIAN_POINT('',(133.65,-133.54,0.));
#8300 = CIRCLE('',#8301,0.45);
#8301 = AXIS2_PLACEMENT_3D('',#8302,#8303,#8304);
#8302 = CARTESIAN_POINT('',(133.65,-133.09,0.));
#8303 = DIRECTION('',(-0.,0.,-1.));
#8304 = DIRECTION('',(6.315935428978E-14,-1.,-0.));
#8305 = FACE_BOUND('',#8306,.F.);
#8306 = EDGE_LOOP('',(#8307));
#8307 = ORIENTED_EDGE('',*,*,#8308,.T.);
#8308 = EDGE_CURVE('',#8309,#8309,#8311,.T.);
#8309 = VERTEX_POINT('',#8310);
#8310 = CARTESIAN_POINT('',(108.24632,-130.99728,0.));
#8311 = CIRCLE('',#8312,0.45);
#8312 = AXIS2_PLACEMENT_3D('',#8313,#8314,#8315);
#8313 = CARTESIAN_POINT('',(108.24632,-130.54728,0.));
#8314 = DIRECTION('',(-0.,0.,-1.));
#8315 = DIRECTION('',(-0.,-1.,0.));
#8316 = FACE_BOUND('',#8317,.F.);
#8317 = EDGE_LOOP('',(#8318));
#8318 = ORIENTED_EDGE('',*,*,#8319,.T.);
#8319 = EDGE_CURVE('',#8320,#8320,#8322,.T.);
#8320 = VERTEX_POINT('',#8321);
#8321 = CARTESIAN_POINT('',(108.24632,-128.45728,0.));
#8322 = CIRCLE('',#8323,0.45);
#8323 = AXIS2_PLACEMENT_3D('',#8324,#8325,#8326);
#8324 = CARTESIAN_POINT('',(108.24632,-128.00728,0.));
#8325 = DIRECTION('',(-0.,0.,-1.));
#8326 = DIRECTION('',(-0.,-1.,0.));
#8327 = FACE_BOUND('',#8328,.F.);
#8328 = EDGE_LOOP('',(#8329));
#8329 = ORIENTED_EDGE('',*,*,#8330,.T.);
#8330 = EDGE_CURVE('',#8331,#8331,#8333,.T.);
#8331 = VERTEX_POINT('',#8332);
#8332 = CARTESIAN_POINT('',(108.25,-125.92,0.));
#8333 = CIRCLE('',#8334,0.45);
#8334 = AXIS2_PLACEMENT_3D('',#8335,#8336,#8337);
#8335 = CARTESIAN_POINT('',(108.25,-125.47,0.));
#8336 = DIRECTION('',(-0.,0.,-1.));
#8337 = DIRECTION('',(-0.,-1.,0.));
#8338 = FACE_BOUND('',#8339,.F.);
#8339 = EDGE_LOOP('',(#8340));
#8340 = ORIENTED_EDGE('',*,*,#8341,.T.);
#8341 = EDGE_CURVE('',#8342,#8342,#8344,.T.);
#8342 = VERTEX_POINT('',#8343);
#8343 = CARTESIAN_POINT('',(108.25,-123.38,0.));
#8344 = CIRCLE('',#8345,0.45);
#8345 = AXIS2_PLACEMENT_3D('',#8346,#8347,#8348);
#8346 = CARTESIAN_POINT('',(108.25,-122.93,0.));
#8347 = DIRECTION('',(-0.,0.,-1.));
#8348 = DIRECTION('',(-0.,-1.,0.));
#8349 = FACE_BOUND('',#8350,.F.);
#8350 = EDGE_LOOP('',(#8351));
#8351 = ORIENTED_EDGE('',*,*,#8352,.T.);
#8352 = EDGE_CURVE('',#8353,#8353,#8355,.T.);
#8353 = VERTEX_POINT('',#8354);
#8354 = CARTESIAN_POINT('',(108.25,-120.84,0.));
#8355 = CIRCLE('',#8356,0.45);
#8356 = AXIS2_PLACEMENT_3D('',#8357,#8358,#8359);
#8357 = CARTESIAN_POINT('',(108.25,-120.39,0.));
#8358 = DIRECTION('',(-0.,0.,-1.));
#8359 = DIRECTION('',(-0.,-1.,0.));
#8360 = FACE_BOUND('',#8361,.F.);
#8361 = EDGE_LOOP('',(#8362));
#8362 = ORIENTED_EDGE('',*,*,#8363,.T.);
#8363 = EDGE_CURVE('',#8364,#8364,#8366,.T.);
#8364 = VERTEX_POINT('',#8365);
#8365 = CARTESIAN_POINT('',(108.25,-118.3,0.));
#8366 = CIRCLE('',#8367,0.45);
#8367 = AXIS2_PLACEMENT_3D('',#8368,#8369,#8370);
#8368 = CARTESIAN_POINT('',(108.25,-117.85,0.));
#8369 = DIRECTION('',(-0.,0.,-1.));
#8370 = DIRECTION('',(-0.,-1.,0.));
#8371 = FACE_BOUND('',#8372,.F.);
#8372 = EDGE_LOOP('',(#8373));
#8373 = ORIENTED_EDGE('',*,*,#8374,.T.);
#8374 = EDGE_CURVE('',#8375,#8375,#8377,.T.);
#8375 = VERTEX_POINT('',#8376);
#8376 = CARTESIAN_POINT('',(108.25,-115.76,0.));
#8377 = CIRCLE('',#8378,0.45);
#8378 = AXIS2_PLACEMENT_3D('',#8379,#8380,#8381);
#8379 = CARTESIAN_POINT('',(108.25,-115.31,0.));
#8380 = DIRECTION('',(-0.,0.,-1.));
#8381 = DIRECTION('',(-0.,-1.,0.));
#8382 = FACE_BOUND('',#8383,.F.);
#8383 = EDGE_LOOP('',(#8384));
#8384 = ORIENTED_EDGE('',*,*,#8385,.T.);
#8385 = EDGE_CURVE('',#8386,#8386,#8388,.T.);
#8386 = VERTEX_POINT('',#8387);
#8387 = CARTESIAN_POINT('',(108.25,-113.22,0.));
#8388 = CIRCLE('',#8389,0.45);
#8389 = AXIS2_PLACEMENT_3D('',#8390,#8391,#8392);
#8390 = CARTESIAN_POINT('',(108.25,-112.77,0.));
#8391 = DIRECTION('',(-0.,0.,-1.));
#8392 = DIRECTION('',(-0.,-1.,0.));
#8393 = FACE_BOUND('',#8394,.F.);
#8394 = EDGE_LOOP('',(#8395));
#8395 = ORIENTED_EDGE('',*,*,#8396,.T.);
#8396 = EDGE_CURVE('',#8397,#8397,#8399,.T.);
#8397 = VERTEX_POINT('',#8398);
#8398 = CARTESIAN_POINT('',(108.25,-110.68,0.));
#8399 = CIRCLE('',#8400,0.45);
#8400 = AXIS2_PLACEMENT_3D('',#8401,#8402,#8403);
#8401 = CARTESIAN_POINT('',(108.25,-110.23,0.));
#8402 = DIRECTION('',(-0.,0.,-1.));
#8403 = DIRECTION('',(-0.,-1.,0.));
#8404 = FACE_BOUND('',#8405,.F.);
#8405 = EDGE_LOOP('',(#8406));
#8406 = ORIENTED_EDGE('',*,*,#8407,.T.);
#8407 = EDGE_CURVE('',#8408,#8408,#8410,.T.);
#8408 = VERTEX_POINT('',#8409);
#8409 = CARTESIAN_POINT('',(108.25,-108.14,0.));
#8410 = CIRCLE('',#8411,0.45);
#8411 = AXIS2_PLACEMENT_3D('',#8412,#8413,#8414);
#8412 = CARTESIAN_POINT('',(108.25,-107.69,0.));
#8413 = DIRECTION('',(-0.,0.,-1.));
#8414 = DIRECTION('',(-0.,-1.,0.));
#8415 = FACE_BOUND('',#8416,.F.);
#8416 = EDGE_LOOP('',(#8417));
#8417 = ORIENTED_EDGE('',*,*,#8418,.T.);
#8418 = EDGE_CURVE('',#8419,#8419,#8421,.T.);
#8419 = VERTEX_POINT('',#8420);
#8420 = CARTESIAN_POINT('',(133.65,-131.,0.));
#8421 = CIRCLE('',#8422,0.45);
#8422 = AXIS2_PLACEMENT_3D('',#8423,#8424,#8425);
#8423 = CARTESIAN_POINT('',(133.65,-130.55,0.));
#8424 = DIRECTION('',(-0.,0.,-1.));
#8425 = DIRECTION('',(6.315935428978E-14,-1.,-0.));
#8426 = FACE_BOUND('',#8427,.F.);
#8427 = EDGE_LOOP('',(#8428));
#8428 = ORIENTED_EDGE('',*,*,#8429,.T.);
#8429 = EDGE_CURVE('',#8430,#8430,#8432,.T.);
#8430 = VERTEX_POINT('',#8431);
#8431 = CARTESIAN_POINT('',(133.65,-128.46,0.));
#8432 = CIRCLE('',#8433,0.45);
#8433 = AXIS2_PLACEMENT_3D('',#8434,#8435,#8436);
#8434 = CARTESIAN_POINT('',(133.65,-128.01,0.));
#8435 = DIRECTION('',(-0.,0.,-1.));
#8436 = DIRECTION('',(6.315935428978E-14,-1.,-0.));
#8437 = FACE_BOUND('',#8438,.F.);
#8438 = EDGE_LOOP('',(#8439));
#8439 = ORIENTED_EDGE('',*,*,#8440,.T.);
#8440 = EDGE_CURVE('',#8441,#8441,#8443,.T.);
#8441 = VERTEX_POINT('',#8442);
#8442 = CARTESIAN_POINT('',(133.65,-125.92,0.));
#8443 = CIRCLE('',#8444,0.45);
#8444 = AXIS2_PLACEMENT_3D('',#8445,#8446,#8447);
#8445 = CARTESIAN_POINT('',(133.65,-125.47,0.));
#8446 = DIRECTION('',(-0.,0.,-1.));
#8447 = DIRECTION('',(6.315935428978E-14,-1.,-0.));
#8448 = FACE_BOUND('',#8449,.F.);
#8449 = EDGE_LOOP('',(#8450));
#8450 = ORIENTED_EDGE('',*,*,#8451,.T.);
#8451 = EDGE_CURVE('',#8452,#8452,#8454,.T.);
#8452 = VERTEX_POINT('',#8453);
#8453 = CARTESIAN_POINT('',(133.65,-123.38,0.));
#8454 = CIRCLE('',#8455,0.45);
#8455 = AXIS2_PLACEMENT_3D('',#8456,#8457,#8458);
#8456 = CARTESIAN_POINT('',(133.65,-122.93,0.));
#8457 = DIRECTION('',(-0.,0.,-1.));
#8458 = DIRECTION('',(6.315935428978E-14,-1.,-0.));
#8459 = FACE_BOUND('',#8460,.F.);
#8460 = EDGE_LOOP('',(#8461));
#8461 = ORIENTED_EDGE('',*,*,#8462,.T.);
#8462 = EDGE_CURVE('',#8463,#8463,#8465,.T.);
#8463 = VERTEX_POINT('',#8464);
#8464 = CARTESIAN_POINT('',(133.65,-120.84,0.));
#8465 = CIRCLE('',#8466,0.45);
#8466 = AXIS2_PLACEMENT_3D('',#8467,#8468,#8469);
#8467 = CARTESIAN_POINT('',(133.65,-120.39,0.));
#8468 = DIRECTION('',(-0.,0.,-1.));
#8469 = DIRECTION('',(6.315935428978E-14,-1.,-0.));
#8470 = FACE_BOUND('',#8471,.F.);
#8471 = EDGE_LOOP('',(#8472));
#8472 = ORIENTED_EDGE('',*,*,#8473,.T.);
#8473 = EDGE_CURVE('',#8474,#8474,#8476,.T.);
#8474 = VERTEX_POINT('',#8475);
#8475 = CARTESIAN_POINT('',(133.65,-118.3,0.));
#8476 = CIRCLE('',#8477,0.45);
#8477 = AXIS2_PLACEMENT_3D('',#8478,#8479,#8480);
#8478 = CARTESIAN_POINT('',(133.65,-117.85,0.));
#8479 = DIRECTION('',(-0.,0.,-1.));
#8480 = DIRECTION('',(6.315935428978E-14,-1.,-0.));
#8481 = FACE_BOUND('',#8482,.F.);
#8482 = EDGE_LOOP('',(#8483));
#8483 = ORIENTED_EDGE('',*,*,#8484,.T.);
#8484 = EDGE_CURVE('',#8485,#8485,#8487,.T.);
#8485 = VERTEX_POINT('',#8486);
#8486 = CARTESIAN_POINT('',(133.65,-115.76,0.));
#8487 = CIRCLE('',#8488,0.45);
#8488 = AXIS2_PLACEMENT_3D('',#8489,#8490,#8491);
#8489 = CARTESIAN_POINT('',(133.65,-115.31,0.));
#8490 = DIRECTION('',(-0.,0.,-1.));
#8491 = DIRECTION('',(6.315935428978E-14,-1.,-0.));
#8492 = FACE_BOUND('',#8493,.F.);
#8493 = EDGE_LOOP('',(#8494));
#8494 = ORIENTED_EDGE('',*,*,#8495,.T.);
#8495 = EDGE_CURVE('',#8496,#8496,#8498,.T.);
#8496 = VERTEX_POINT('',#8497);
#8497 = CARTESIAN_POINT('',(133.65,-113.22,0.));
#8498 = CIRCLE('',#8499,0.45);
#8499 = AXIS2_PLACEMENT_3D('',#8500,#8501,#8502);
#8500 = CARTESIAN_POINT('',(133.65,-112.77,0.));
#8501 = DIRECTION('',(-0.,0.,-1.));
#8502 = DIRECTION('',(6.315935428978E-14,-1.,-0.));
#8503 = FACE_BOUND('',#8504,.F.);
#8504 = EDGE_LOOP('',(#8505));
#8505 = ORIENTED_EDGE('',*,*,#8506,.T.);
#8506 = EDGE_CURVE('',#8507,#8507,#8509,.T.);
#8507 = VERTEX_POINT('',#8508);
#8508 = CARTESIAN_POINT('',(133.65,-110.68,0.));
#8509 = CIRCLE('',#8510,0.45);
#8510 = AXIS2_PLACEMENT_3D('',#8511,#8512,#8513);
#8511 = CARTESIAN_POINT('',(133.65,-110.23,0.));
#8512 = DIRECTION('',(-0.,0.,-1.));
#8513 = DIRECTION('',(6.315935428978E-14,-1.,-0.));
#8514 = FACE_BOUND('',#8515,.F.);
#8515 = EDGE_LOOP('',(#8516));
#8516 = ORIENTED_EDGE('',*,*,#8517,.T.);
#8517 = EDGE_CURVE('',#8518,#8518,#8520,.T.);
#8518 = VERTEX_POINT('',#8519);
#8519 = CARTESIAN_POINT('',(133.65,-108.14,0.));
#8520 = CIRCLE('',#8521,0.45);
#8521 = AXIS2_PLACEMENT_3D('',#8522,#8523,#8524);
#8522 = CARTESIAN_POINT('',(133.65,-107.69,0.));
#8523 = DIRECTION('',(-0.,0.,-1.));
#8524 = DIRECTION('',(6.315935428978E-14,-1.,-0.));
#8525 = FACE_BOUND('',#8526,.F.);
#8526 = EDGE_LOOP('',(#8527));
#8527 = ORIENTED_EDGE('',*,*,#8528,.T.);
#8528 = EDGE_CURVE('',#8529,#8529,#8531,.T.);
#8529 = VERTEX_POINT('',#8530);
#8530 = CARTESIAN_POINT('',(51.3,-100.25,0.));
#8531 = CIRCLE('',#8532,2.25);
#8532 = AXIS2_PLACEMENT_3D('',#8533,#8534,#8535);
#8533 = CARTESIAN_POINT('',(51.3,-98.,0.));
#8534 = DIRECTION('',(-0.,0.,-1.));
#8535 = DIRECTION('',(-0.,-1.,0.));
#8536 = FACE_BOUND('',#8537,.F.);
#8537 = EDGE_LOOP('',(#8538));
#8538 = ORIENTED_EDGE('',*,*,#8539,.T.);
#8539 = EDGE_CURVE('',#8540,#8540,#8542,.T.);
#8540 = VERTEX_POINT('',#8541);
#8541 = CARTESIAN_POINT('',(58.5,-100.25,0.));
#8542 = CIRCLE('',#8543,2.25);
#8543 = AXIS2_PLACEMENT_3D('',#8544,#8545,#8546);
#8544 = CARTESIAN_POINT('',(58.5,-98.,0.));
#8545 = DIRECTION('',(-0.,0.,-1.));
#8546 = DIRECTION('',(-0.,-1.,0.));
#8547 = FACE_BOUND('',#8548,.F.);
#8548 = EDGE_LOOP('',(#8549));
#8549 = ORIENTED_EDGE('',*,*,#8550,.T.);
#8550 = EDGE_CURVE('',#8551,#8551,#8553,.T.);
#8551 = VERTEX_POINT('',#8552);
#8552 = CARTESIAN_POINT('',(51.4,-90.75,0.));
#8553 = CIRCLE('',#8554,2.25);
#8554 = AXIS2_PLACEMENT_3D('',#8555,#8556,#8557);
#8555 = CARTESIAN_POINT('',(51.4,-88.5,0.));
#8556 = DIRECTION('',(-0.,0.,-1.));
#8557 = DIRECTION('',(-0.,-1.,0.));
#8558 = FACE_BOUND('',#8559,.F.);
#8559 = EDGE_LOOP('',(#8560));
#8560 = ORIENTED_EDGE('',*,*,#8561,.T.);
#8561 = EDGE_CURVE('',#8562,#8562,#8564,.T.);
#8562 = VERTEX_POINT('',#8563);
#8563 = CARTESIAN_POINT('',(58.6,-90.75,0.));
#8564 = CIRCLE('',#8565,2.25);
#8565 = AXIS2_PLACEMENT_3D('',#8566,#8567,#8568);
#8566 = CARTESIAN_POINT('',(58.6,-88.5,0.));
#8567 = DIRECTION('',(-0.,0.,-1.));
#8568 = DIRECTION('',(-0.,-1.,0.));
#8569 = FACE_BOUND('',#8570,.F.);
#8570 = EDGE_LOOP('',(#8571));
#8571 = ORIENTED_EDGE('',*,*,#8572,.T.);
#8572 = EDGE_CURVE('',#8573,#8573,#8575,.T.);
#8573 = VERTEX_POINT('',#8574);
#8574 = CARTESIAN_POINT('',(77.25,-105.7,0.));
#8575 = CIRCLE('',#8576,0.7);
#8576 = AXIS2_PLACEMENT_3D('',#8577,#8578,#8579);
#8577 = CARTESIAN_POINT('',(77.25,-105.,0.));
#8578 = DIRECTION('',(-0.,0.,-1.));
#8579 = DIRECTION('',(-0.,-1.,0.));
#8580 = FACE_BOUND('',#8581,.F.);
#8581 = EDGE_LOOP('',(#8582));
#8582 = ORIENTED_EDGE('',*,*,#8583,.T.);
#8583 = EDGE_CURVE('',#8584,#8584,#8586,.T.);
#8584 = VERTEX_POINT('',#8585);
#8585 = CARTESIAN_POINT('',(77.5,-98.6,0.));
#8586 = CIRCLE('',#8587,1.35);
#8587 = AXIS2_PLACEMENT_3D('',#8588,#8589,#8590);
#8588 = CARTESIAN_POINT('',(77.5,-97.25,0.));
#8589 = DIRECTION('',(-0.,0.,-1.));
#8590 = DIRECTION('',(-0.,-1.,0.));
#8591 = FACE_BOUND('',#8592,.F.);
#8592 = EDGE_LOOP('',(#8593));
#8593 = ORIENTED_EDGE('',*,*,#8594,.T.);
#8594 = EDGE_CURVE('',#8595,#8595,#8597,.T.);
#8595 = VERTEX_POINT('',#8596);
#8596 = CARTESIAN_POINT('',(82.75,-105.7,0.));
#8597 = CIRCLE('',#8598,0.7);
#8598 = AXIS2_PLACEMENT_3D('',#8599,#8600,#8601);
#8599 = CARTESIAN_POINT('',(82.75,-105.,0.));
#8600 = DIRECTION('',(-0.,0.,-1.));
#8601 = DIRECTION('',(-0.,-1.,0.));
#8602 = FACE_BOUND('',#8603,.F.);
#8603 = EDGE_LOOP('',(#8604));
#8604 = ORIENTED_EDGE('',*,*,#8605,.T.);
#8605 = EDGE_CURVE('',#8606,#8606,#8608,.T.);
#8606 = VERTEX_POINT('',#8607);
#8607 = CARTESIAN_POINT('',(82.5,-98.6,0.));
#8608 = CIRCLE('',#8609,1.35);
#8609 = AXIS2_PLACEMENT_3D('',#8610,#8611,#8612);
#8610 = CARTESIAN_POINT('',(82.5,-97.25,0.));
#8611 = DIRECTION('',(-0.,0.,-1.));
#8612 = DIRECTION('',(-0.,-1.,0.));
#8613 = FACE_BOUND('',#8614,.F.);
#8614 = EDGE_LOOP('',(#8615));
#8615 = ORIENTED_EDGE('',*,*,#8616,.T.);
#8616 = EDGE_CURVE('',#8617,#8617,#8619,.T.);
#8617 = VERTEX_POINT('',#8618);
#8618 = CARTESIAN_POINT('',(90.42,-96.25,0.));
#8619 = CIRCLE('',#8620,0.5);
#8620 = AXIS2_PLACEMENT_3D('',#8621,#8622,#8623);
#8621 = CARTESIAN_POINT('',(90.42,-95.75,0.));
#8622 = DIRECTION('',(-0.,0.,-1.));
#8623 = DIRECTION('',(-0.,-1.,0.));
#8624 = FACE_BOUND('',#8625,.F.);
#8625 = EDGE_LOOP('',(#8626));
#8626 = ORIENTED_EDGE('',*,*,#8627,.T.);
#8627 = EDGE_CURVE('',#8628,#8628,#8630,.T.);
#8628 = VERTEX_POINT('',#8629);
#8629 = CARTESIAN_POINT('',(77.11,-87.381,0.));
#8630 = CIRCLE('',#8631,0.381);
#8631 = AXIS2_PLACEMENT_3D('',#8632,#8633,#8634);
#8632 = CARTESIAN_POINT('',(77.11,-87.,0.));
#8633 = DIRECTION('',(-0.,0.,-1.));
#8634 = DIRECTION('',(-0.,-1.,0.));
#8635 = FACE_BOUND('',#8636,.F.);
#8636 = EDGE_LOOP('',(#8637));
#8637 = ORIENTED_EDGE('',*,*,#8638,.T.);
#8638 = EDGE_CURVE('',#8639,#8639,#8641,.T.);
#8639 = VERTEX_POINT('',#8640);
#8640 = CARTESIAN_POINT('',(77.11,-84.841,0.));
#8641 = CIRCLE('',#8642,0.381);
#8642 = AXIS2_PLACEMENT_3D('',#8643,#8644,#8645);
#8643 = CARTESIAN_POINT('',(77.11,-84.46,0.));
#8644 = DIRECTION('',(-0.,0.,-1.));
#8645 = DIRECTION('',(-0.,-1.,0.));
#8646 = FACE_BOUND('',#8647,.F.);
#8647 = EDGE_LOOP('',(#8648));
#8648 = ORIENTED_EDGE('',*,*,#8649,.T.);
#8649 = EDGE_CURVE('',#8650,#8650,#8652,.T.);
#8650 = VERTEX_POINT('',#8651);
#8651 = CARTESIAN_POINT('',(77.11,-82.301,0.));
#8652 = CIRCLE('',#8653,0.381);
#8653 = AXIS2_PLACEMENT_3D('',#8654,#8655,#8656);
#8654 = CARTESIAN_POINT('',(77.11,-81.92,0.));
#8655 = DIRECTION('',(-0.,0.,-1.));
#8656 = DIRECTION('',(-0.,-1.,0.));
#8657 = FACE_BOUND('',#8658,.F.);
#8658 = EDGE_LOOP('',(#8659));
#8659 = ORIENTED_EDGE('',*,*,#8660,.T.);
#8660 = EDGE_CURVE('',#8661,#8661,#8663,.T.);
#8661 = VERTEX_POINT('',#8662);
#8662 = CARTESIAN_POINT('',(51.012473,-79.551037,0.));
#8663 = CIRCLE('',#8664,2.25);
#8664 = AXIS2_PLACEMENT_3D('',#8665,#8666,#8667);
#8665 = CARTESIAN_POINT('',(51.012473,-77.301037,0.));
#8666 = DIRECTION('',(-0.,0.,-1.));
#8667 = DIRECTION('',(-0.,-1.,0.));
#8668 = FACE_BOUND('',#8669,.F.);
#8669 = EDGE_LOOP('',(#8670));
#8670 = ORIENTED_EDGE('',*,*,#8671,.T.);
#8671 = EDGE_CURVE('',#8672,#8672,#8674,.T.);
#8672 = VERTEX_POINT('',#8673);
#8673 = CARTESIAN_POINT('',(58.212473,-79.551037,0.));
#8674 = CIRCLE('',#8675,2.25);
#8675 = AXIS2_PLACEMENT_3D('',#8676,#8677,#8678);
#8676 = CARTESIAN_POINT('',(58.212473,-77.301037,0.));
#8677 = DIRECTION('',(-0.,0.,-1.));
#8678 = DIRECTION('',(-0.,-1.,0.));
#8679 = FACE_BOUND('',#8680,.F.);
#8680 = EDGE_LOOP('',(#8681));
#8681 = ORIENTED_EDGE('',*,*,#8682,.T.);
#8682 = EDGE_CURVE('',#8683,#8683,#8685,.T.);
#8683 = VERTEX_POINT('',#8684);
#8684 = CARTESIAN_POINT('',(50.767429,-68.535896,0.));
#8685 = CIRCLE('',#8686,2.25);
#8686 = AXIS2_PLACEMENT_3D('',#8687,#8688,#8689);
#8687 = CARTESIAN_POINT('',(50.767429,-66.285896,0.));
#8688 = DIRECTION('',(-0.,0.,-1.));
#8689 = DIRECTION('',(-0.,-1.,0.));
#8690 = FACE_BOUND('',#8691,.F.);
#8691 = EDGE_LOOP('',(#8692));
#8692 = ORIENTED_EDGE('',*,*,#8693,.T.);
#8693 = EDGE_CURVE('',#8694,#8694,#8696,.T.);
#8694 = VERTEX_POINT('',#8695);
#8695 = CARTESIAN_POINT('',(57.967429,-68.535896,0.));
#8696 = CIRCLE('',#8697,2.25);
#8697 = AXIS2_PLACEMENT_3D('',#8698,#8699,#8700);
#8698 = CARTESIAN_POINT('',(57.967429,-66.285896,0.));
#8699 = DIRECTION('',(-0.,0.,-1.));
#8700 = DIRECTION('',(-0.,-1.,0.));
#8701 = FACE_BOUND('',#8702,.F.);
#8702 = EDGE_LOOP('',(#8703));
#8703 = ORIENTED_EDGE('',*,*,#8704,.T.);
#8704 = EDGE_CURVE('',#8705,#8705,#8707,.T.);
#8705 = VERTEX_POINT('',#8706);
#8706 = CARTESIAN_POINT('',(69.13,-66.65,0.));
#8707 = CIRCLE('',#8708,2.25);
#8708 = AXIS2_PLACEMENT_3D('',#8709,#8710,#8711);
#8709 = CARTESIAN_POINT('',(69.13,-64.4,0.));
#8710 = DIRECTION('',(-0.,0.,-1.));
#8711 = DIRECTION('',(-0.,-1.,0.));
#8712 = FACE_BOUND('',#8713,.F.);
#8713 = EDGE_LOOP('',(#8714));
#8714 = ORIENTED_EDGE('',*,*,#8715,.T.);
#8715 = EDGE_CURVE('',#8716,#8716,#8718,.T.);
#8716 = VERTEX_POINT('',#8717);
#8717 = CARTESIAN_POINT('',(69.13,-59.45,0.));
#8718 = CIRCLE('',#8719,2.25);
#8719 = AXIS2_PLACEMENT_3D('',#8720,#8721,#8722);
#8720 = CARTESIAN_POINT('',(69.13,-57.2,0.));
#8721 = DIRECTION('',(-0.,0.,-1.));
#8722 = DIRECTION('',(-0.,-1.,0.));
#8723 = FACE_BOUND('',#8724,.F.);
#8724 = EDGE_LOOP('',(#8725));
#8725 = ORIENTED_EDGE('',*,*,#8726,.T.);
#8726 = EDGE_CURVE('',#8727,#8727,#8729,.T.);
#8727 = VERTEX_POINT('',#8728);
#8728 = CARTESIAN_POINT('',(77.11,-79.761,0.));
#8729 = CIRCLE('',#8730,0.381);
#8730 = AXIS2_PLACEMENT_3D('',#8731,#8732,#8733);
#8731 = CARTESIAN_POINT('',(77.11,-79.38,0.));
#8732 = DIRECTION('',(-0.,0.,-1.));
#8733 = DIRECTION('',(-0.,-1.,0.));
#8734 = FACE_BOUND('',#8735,.F.);
#8735 = EDGE_LOOP('',(#8736));
#8736 = ORIENTED_EDGE('',*,*,#8737,.T.);
#8737 = EDGE_CURVE('',#8738,#8738,#8740,.T.);
#8738 = VERTEX_POINT('',#8739);
#8739 = CARTESIAN_POINT('',(77.11,-77.221,0.));
#8740 = CIRCLE('',#8741,0.381);
#8741 = AXIS2_PLACEMENT_3D('',#8742,#8743,#8744);
#8742 = CARTESIAN_POINT('',(77.11,-76.84,0.));
#8743 = DIRECTION('',(-0.,0.,-1.));
#8744 = DIRECTION('',(-0.,-1.,0.));
#8745 = FACE_BOUND('',#8746,.F.);
#8746 = EDGE_LOOP('',(#8747));
#8747 = ORIENTED_EDGE('',*,*,#8748,.T.);
#8748 = EDGE_CURVE('',#8749,#8749,#8751,.T.);
#8749 = VERTEX_POINT('',#8750);
#8750 = CARTESIAN_POINT('',(70.5,-75.6,0.));
#8751 = CIRCLE('',#8752,1.6);
#8752 = AXIS2_PLACEMENT_3D('',#8753,#8754,#8755);
#8753 = CARTESIAN_POINT('',(70.5,-74.,0.));
#8754 = DIRECTION('',(-0.,0.,-1.));
#8755 = DIRECTION('',(-0.,-1.,0.));
#8756 = FACE_BOUND('',#8757,.F.);
#8757 = EDGE_LOOP('',(#8758));
#8758 = ORIENTED_EDGE('',*,*,#8759,.F.);
#8759 = EDGE_CURVE('',#8760,#8760,#8762,.T.);
#8760 = VERTEX_POINT('',#8761);
#8761 = CARTESIAN_POINT('',(79.23,-73.05,0.));
#8762 = CIRCLE('',#8763,1.09);
#8763 = AXIS2_PLACEMENT_3D('',#8764,#8765,#8766);
#8764 = CARTESIAN_POINT('',(78.14,-73.05,0.));
#8765 = DIRECTION('',(0.,0.,1.));
#8766 = DIRECTION('',(1.,0.,-0.));
#8767 = FACE_BOUND('',#8768,.F.);
#8768 = EDGE_LOOP('',(#8769));
#8769 = ORIENTED_EDGE('',*,*,#8770,.T.);
#8770 = EDGE_CURVE('',#8771,#8771,#8773,.T.);
#8771 = VERTEX_POINT('',#8772);
#8772 = CARTESIAN_POINT('',(81.11,-66.56,0.));
#8773 = CIRCLE('',#8774,2.25);
#8774 = AXIS2_PLACEMENT_3D('',#8775,#8776,#8777);
#8775 = CARTESIAN_POINT('',(81.11,-64.31,0.));
#8776 = DIRECTION('',(-0.,0.,-1.));
#8777 = DIRECTION('',(-0.,-1.,0.));
#8778 = FACE_BOUND('',#8779,.F.);
#8779 = EDGE_LOOP('',(#8780));
#8780 = ORIENTED_EDGE('',*,*,#8781,.T.);
#8781 = EDGE_CURVE('',#8782,#8782,#8784,.T.);
#8782 = VERTEX_POINT('',#8783);
#8783 = CARTESIAN_POINT('',(81.11,-59.36,0.));
#8784 = CIRCLE('',#8785,2.25);
#8785 = AXIS2_PLACEMENT_3D('',#8786,#8787,#8788);
#8786 = CARTESIAN_POINT('',(81.11,-57.11,0.));
#8787 = DIRECTION('',(-0.,0.,-1.));
#8788 = DIRECTION('',(-0.,-1.,0.));
#8789 = FACE_BOUND('',#8790,.F.);
#8790 = EDGE_LOOP('',(#8791));
#8791 = ORIENTED_EDGE('',*,*,#8792,.T.);
#8792 = EDGE_CURVE('',#8793,#8793,#8795,.T.);
#8793 = VERTEX_POINT('',#8794);
#8794 = CARTESIAN_POINT('',(92.96,-96.25,0.));
#8795 = CIRCLE('',#8796,0.5);
#8796 = AXIS2_PLACEMENT_3D('',#8797,#8798,#8799);
#8797 = CARTESIAN_POINT('',(92.96,-95.75,0.));
#8798 = DIRECTION('',(-0.,0.,-1.));
#8799 = DIRECTION('',(-0.,-1.,0.));
#8800 = FACE_BOUND('',#8801,.F.);
#8801 = EDGE_LOOP('',(#8802));
#8802 = ORIENTED_EDGE('',*,*,#8803,.T.);
#8803 = EDGE_CURVE('',#8804,#8804,#8806,.T.);
#8804 = VERTEX_POINT('',#8805);
#8805 = CARTESIAN_POINT('',(95.5,-96.25,0.));
#8806 = CIRCLE('',#8807,0.5);
#8807 = AXIS2_PLACEMENT_3D('',#8808,#8809,#8810);
#8808 = CARTESIAN_POINT('',(95.5,-95.75,0.));
#8809 = DIRECTION('',(-0.,0.,-1.));
#8810 = DIRECTION('',(-0.,-1.,0.));
#8811 = FACE_BOUND('',#8812,.F.);
#8812 = EDGE_LOOP('',(#8813));
#8813 = ORIENTED_EDGE('',*,*,#8814,.T.);
#8814 = EDGE_CURVE('',#8815,#8815,#8817,.T.);
#8815 = VERTEX_POINT('',#8816);
#8816 = CARTESIAN_POINT('',(98.04,-96.25,0.));
#8817 = CIRCLE('',#8818,0.5);
#8818 = AXIS2_PLACEMENT_3D('',#8819,#8820,#8821);
#8819 = CARTESIAN_POINT('',(98.04,-95.75,0.));
#8820 = DIRECTION('',(-0.,0.,-1.));
#8821 = DIRECTION('',(-0.,-1.,0.));
#8822 = FACE_BOUND('',#8823,.F.);
#8823 = EDGE_LOOP('',(#8824));
#8824 = ORIENTED_EDGE('',*,*,#8825,.T.);
#8825 = EDGE_CURVE('',#8826,#8826,#8828,.T.);
#8826 = VERTEX_POINT('',#8827);
#8827 = CARTESIAN_POINT('',(108.25,-105.6,0.));
#8828 = CIRCLE('',#8829,0.45);
#8829 = AXIS2_PLACEMENT_3D('',#8830,#8831,#8832);
#8830 = CARTESIAN_POINT('',(108.25,-105.15,0.));
#8831 = DIRECTION('',(-0.,0.,-1.));
#8832 = DIRECTION('',(-0.,-1.,0.));
#8833 = FACE_BOUND('',#8834,.F.);
#8834 = EDGE_LOOP('',(#8835));
#8835 = ORIENTED_EDGE('',*,*,#8836,.T.);
#8836 = EDGE_CURVE('',#8837,#8837,#8839,.T.);
#8837 = VERTEX_POINT('',#8838);
#8838 = CARTESIAN_POINT('',(108.25,-103.06,0.));
#8839 = CIRCLE('',#8840,0.45);
#8840 = AXIS2_PLACEMENT_3D('',#8841,#8842,#8843);
#8841 = CARTESIAN_POINT('',(108.25,-102.61,0.));
#8842 = DIRECTION('',(-0.,0.,-1.));
#8843 = DIRECTION('',(-0.,-1.,0.));
#8844 = FACE_BOUND('',#8845,.F.);
#8845 = EDGE_LOOP('',(#8846));
#8846 = ORIENTED_EDGE('',*,*,#8847,.T.);
#8847 = EDGE_CURVE('',#8848,#8848,#8850,.T.);
#8848 = VERTEX_POINT('',#8849);
#8849 = CARTESIAN_POINT('',(108.25,-100.52,0.));
#8850 = CIRCLE('',#8851,0.45);
#8851 = AXIS2_PLACEMENT_3D('',#8852,#8853,#8854);
#8852 = CARTESIAN_POINT('',(108.25,-100.07,0.));
#8853 = DIRECTION('',(-0.,0.,-1.));
#8854 = DIRECTION('',(-0.,-1.,0.));
#8855 = FACE_BOUND('',#8856,.F.);
#8856 = EDGE_LOOP('',(#8857));
#8857 = ORIENTED_EDGE('',*,*,#8858,.T.);
#8858 = EDGE_CURVE('',#8859,#8859,#8861,.T.);
#8859 = VERTEX_POINT('',#8860);
#8860 = CARTESIAN_POINT('',(108.25,-97.98,0.));
#8861 = CIRCLE('',#8862,0.45);
#8862 = AXIS2_PLACEMENT_3D('',#8863,#8864,#8865);
#8863 = CARTESIAN_POINT('',(108.25,-97.53,0.));
#8864 = DIRECTION('',(-0.,0.,-1.));
#8865 = DIRECTION('',(-0.,-1.,0.));
#8866 = FACE_BOUND('',#8867,.F.);
#8867 = EDGE_LOOP('',(#8868));
#8868 = ORIENTED_EDGE('',*,*,#8869,.T.);
#8869 = EDGE_CURVE('',#8870,#8870,#8872,.T.);
#8870 = VERTEX_POINT('',#8871);
#8871 = CARTESIAN_POINT('',(108.25,-95.44,0.));
#8872 = CIRCLE('',#8873,0.45);
#8873 = AXIS2_PLACEMENT_3D('',#8874,#8875,#8876);
#8874 = CARTESIAN_POINT('',(108.25,-94.99,0.));
#8875 = DIRECTION('',(-0.,0.,-1.));
#8876 = DIRECTION('',(-0.,-1.,0.));
#8877 = FACE_BOUND('',#8878,.F.);
#8878 = EDGE_LOOP('',(#8879));
#8879 = ORIENTED_EDGE('',*,*,#8880,.F.);
#8880 = EDGE_CURVE('',#8881,#8881,#8883,.T.);
#8881 = VERTEX_POINT('',#8882);
#8882 = CARTESIAN_POINT('',(95.23,-86.55,0.));
#8883 = CIRCLE('',#8884,1.09);
#8884 = AXIS2_PLACEMENT_3D('',#8885,#8886,#8887);
#8885 = CARTESIAN_POINT('',(94.14,-86.55,0.));
#8886 = DIRECTION('',(0.,0.,1.));
#8887 = DIRECTION('',(1.,0.,-0.));
#8888 = FACE_BOUND('',#8889,.F.);
#8889 = EDGE_LOOP('',(#8890));
#8890 = ORIENTED_EDGE('',*,*,#8891,.T.);
#8891 = EDGE_CURVE('',#8892,#8892,#8894,.T.);
#8892 = VERTEX_POINT('',#8893);
#8893 = CARTESIAN_POINT('',(108.25,-92.9,0.));
#8894 = CIRCLE('',#8895,0.45);
#8895 = AXIS2_PLACEMENT_3D('',#8896,#8897,#8898);
#8896 = CARTESIAN_POINT('',(108.25,-92.45,0.));
#8897 = DIRECTION('',(-0.,0.,-1.));
#8898 = DIRECTION('',(-0.,-1.,0.));
#8899 = FACE_BOUND('',#8900,.F.);
#8900 = EDGE_LOOP('',(#8901));
#8901 = ORIENTED_EDGE('',*,*,#8902,.T.);
#8902 = EDGE_CURVE('',#8903,#8903,#8905,.T.);
#8903 = VERTEX_POINT('',#8904);
#8904 = CARTESIAN_POINT('',(108.25,-90.36,0.));
#8905 = CIRCLE('',#8906,0.45);
#8906 = AXIS2_PLACEMENT_3D('',#8907,#8908,#8909);
#8907 = CARTESIAN_POINT('',(108.25,-89.91,0.));
#8908 = DIRECTION('',(-0.,0.,-1.));
#8909 = DIRECTION('',(-0.,-1.,0.));
#8910 = FACE_BOUND('',#8911,.F.);
#8911 = EDGE_LOOP('',(#8912));
#8912 = ORIENTED_EDGE('',*,*,#8913,.T.);
#8913 = EDGE_CURVE('',#8914,#8914,#8916,.T.);
#8914 = VERTEX_POINT('',#8915);
#8915 = CARTESIAN_POINT('',(108.25,-87.82,0.));
#8916 = CIRCLE('',#8917,0.45);
#8917 = AXIS2_PLACEMENT_3D('',#8918,#8919,#8920);
#8918 = CARTESIAN_POINT('',(108.25,-87.37,0.));
#8919 = DIRECTION('',(-0.,0.,-1.));
#8920 = DIRECTION('',(-0.,-1.,0.));
#8921 = FACE_BOUND('',#8922,.F.);
#8922 = EDGE_LOOP('',(#8923));
#8923 = ORIENTED_EDGE('',*,*,#8924,.T.);
#8924 = EDGE_CURVE('',#8925,#8925,#8927,.T.);
#8925 = VERTEX_POINT('',#8926);
#8926 = CARTESIAN_POINT('',(108.25,-85.28,0.));
#8927 = CIRCLE('',#8928,0.45);
#8928 = AXIS2_PLACEMENT_3D('',#8929,#8930,#8931);
#8929 = CARTESIAN_POINT('',(108.25,-84.83,0.));
#8930 = DIRECTION('',(-0.,0.,-1.));
#8931 = DIRECTION('',(-0.,-1.,0.));
#8932 = FACE_BOUND('',#8933,.F.);
#8933 = EDGE_LOOP('',(#8934));
#8934 = ORIENTED_EDGE('',*,*,#8935,.T.);
#8935 = EDGE_CURVE('',#8936,#8936,#8938,.T.);
#8936 = VERTEX_POINT('',#8937);
#8937 = CARTESIAN_POINT('',(108.25,-82.74,0.));
#8938 = CIRCLE('',#8939,0.45);
#8939 = AXIS2_PLACEMENT_3D('',#8940,#8941,#8942);
#8940 = CARTESIAN_POINT('',(108.25,-82.29,0.));
#8941 = DIRECTION('',(-0.,0.,-1.));
#8942 = DIRECTION('',(-0.,-1.,0.));
#8943 = FACE_BOUND('',#8944,.F.);
#8944 = EDGE_LOOP('',(#8945));
#8945 = ORIENTED_EDGE('',*,*,#8946,.T.);
#8946 = EDGE_CURVE('',#8947,#8947,#8949,.T.);
#8947 = VERTEX_POINT('',#8948);
#8948 = CARTESIAN_POINT('',(133.65,-105.6,0.));
#8949 = CIRCLE('',#8950,0.45);
#8950 = AXIS2_PLACEMENT_3D('',#8951,#8952,#8953);
#8951 = CARTESIAN_POINT('',(133.65,-105.15,0.));
#8952 = DIRECTION('',(-0.,0.,-1.));
#8953 = DIRECTION('',(6.315935428978E-14,-1.,-0.));
#8954 = FACE_BOUND('',#8955,.F.);
#8955 = EDGE_LOOP('',(#8956));
#8956 = ORIENTED_EDGE('',*,*,#8957,.T.);
#8957 = EDGE_CURVE('',#8958,#8958,#8960,.T.);
#8958 = VERTEX_POINT('',#8959);
#8959 = CARTESIAN_POINT('',(133.65,-103.06,0.));
#8960 = CIRCLE('',#8961,0.45);
#8961 = AXIS2_PLACEMENT_3D('',#8962,#8963,#8964);
#8962 = CARTESIAN_POINT('',(133.65,-102.61,0.));
#8963 = DIRECTION('',(-0.,0.,-1.));
#8964 = DIRECTION('',(6.315935428978E-14,-1.,-0.));
#8965 = FACE_BOUND('',#8966,.F.);
#8966 = EDGE_LOOP('',(#8967));
#8967 = ORIENTED_EDGE('',*,*,#8968,.T.);
#8968 = EDGE_CURVE('',#8969,#8969,#8971,.T.);
#8969 = VERTEX_POINT('',#8970);
#8970 = CARTESIAN_POINT('',(133.65,-100.52,0.));
#8971 = CIRCLE('',#8972,0.45);
#8972 = AXIS2_PLACEMENT_3D('',#8973,#8974,#8975);
#8973 = CARTESIAN_POINT('',(133.65,-100.07,0.));
#8974 = DIRECTION('',(-0.,0.,-1.));
#8975 = DIRECTION('',(6.315935428978E-14,-1.,-0.));
#8976 = FACE_BOUND('',#8977,.F.);
#8977 = EDGE_LOOP('',(#8978));
#8978 = ORIENTED_EDGE('',*,*,#8979,.T.);
#8979 = EDGE_CURVE('',#8980,#8980,#8982,.T.);
#8980 = VERTEX_POINT('',#8981);
#8981 = CARTESIAN_POINT('',(133.65,-97.98,0.));
#8982 = CIRCLE('',#8983,0.45);
#8983 = AXIS2_PLACEMENT_3D('',#8984,#8985,#8986);
#8984 = CARTESIAN_POINT('',(133.65,-97.53,0.));
#8985 = DIRECTION('',(-0.,0.,-1.));
#8986 = DIRECTION('',(6.315935428978E-14,-1.,-0.));
#8987 = FACE_BOUND('',#8988,.F.);
#8988 = EDGE_LOOP('',(#8989));
#8989 = ORIENTED_EDGE('',*,*,#8990,.T.);
#8990 = EDGE_CURVE('',#8991,#8991,#8993,.T.);
#8991 = VERTEX_POINT('',#8992);
#8992 = CARTESIAN_POINT('',(133.65,-95.44,0.));
#8993 = CIRCLE('',#8994,0.45);
#8994 = AXIS2_PLACEMENT_3D('',#8995,#8996,#8997);
#8995 = CARTESIAN_POINT('',(133.65,-94.99,0.));
#8996 = DIRECTION('',(-0.,0.,-1.));
#8997 = DIRECTION('',(6.315935428978E-14,-1.,-0.));
#8998 = FACE_BOUND('',#8999,.F.);
#8999 = EDGE_LOOP('',(#9000));
#9000 = ORIENTED_EDGE('',*,*,#9001,.T.);
#9001 = EDGE_CURVE('',#9002,#9002,#9004,.T.);
#9002 = VERTEX_POINT('',#9003);
#9003 = CARTESIAN_POINT('',(133.65,-92.9,0.));
#9004 = CIRCLE('',#9005,0.45);
#9005 = AXIS2_PLACEMENT_3D('',#9006,#9007,#9008);
#9006 = CARTESIAN_POINT('',(133.65,-92.45,0.));
#9007 = DIRECTION('',(-0.,0.,-1.));
#9008 = DIRECTION('',(6.315935428978E-14,-1.,-0.));
#9009 = FACE_BOUND('',#9010,.F.);
#9010 = EDGE_LOOP('',(#9011));
#9011 = ORIENTED_EDGE('',*,*,#9012,.T.);
#9012 = EDGE_CURVE('',#9013,#9013,#9015,.T.);
#9013 = VERTEX_POINT('',#9014);
#9014 = CARTESIAN_POINT('',(133.65,-90.36,0.));
#9015 = CIRCLE('',#9016,0.45);
#9016 = AXIS2_PLACEMENT_3D('',#9017,#9018,#9019);
#9017 = CARTESIAN_POINT('',(133.65,-89.91,0.));
#9018 = DIRECTION('',(-0.,0.,-1.));
#9019 = DIRECTION('',(6.315935428978E-14,-1.,-0.));
#9020 = FACE_BOUND('',#9021,.F.);
#9021 = EDGE_LOOP('',(#9022));
#9022 = ORIENTED_EDGE('',*,*,#9023,.T.);
#9023 = EDGE_CURVE('',#9024,#9024,#9026,.T.);
#9024 = VERTEX_POINT('',#9025);
#9025 = CARTESIAN_POINT('',(133.65,-87.82,0.));
#9026 = CIRCLE('',#9027,0.45);
#9027 = AXIS2_PLACEMENT_3D('',#9028,#9029,#9030);
#9028 = CARTESIAN_POINT('',(133.65,-87.37,0.));
#9029 = DIRECTION('',(-0.,0.,-1.));
#9030 = DIRECTION('',(6.315935428978E-14,-1.,-0.));
#9031 = FACE_BOUND('',#9032,.F.);
#9032 = EDGE_LOOP('',(#9033));
#9033 = ORIENTED_EDGE('',*,*,#9034,.T.);
#9034 = EDGE_CURVE('',#9035,#9035,#9037,.T.);
#9035 = VERTEX_POINT('',#9036);
#9036 = CARTESIAN_POINT('',(133.65,-85.28,0.));
#9037 = CIRCLE('',#9038,0.45);
#9038 = AXIS2_PLACEMENT_3D('',#9039,#9040,#9041);
#9039 = CARTESIAN_POINT('',(133.65,-84.83,0.));
#9040 = DIRECTION('',(-0.,0.,-1.));
#9041 = DIRECTION('',(6.315935428978E-14,-1.,-0.));
#9042 = FACE_BOUND('',#9043,.F.);
#9043 = EDGE_LOOP('',(#9044));
#9044 = ORIENTED_EDGE('',*,*,#9045,.T.);
#9045 = EDGE_CURVE('',#9046,#9046,#9048,.T.);
#9046 = VERTEX_POINT('',#9047);
#9047 = CARTESIAN_POINT('',(133.65,-82.74,0.));
#9048 = CIRCLE('',#9049,0.45);
#9049 = AXIS2_PLACEMENT_3D('',#9050,#9051,#9052);
#9050 = CARTESIAN_POINT('',(133.65,-82.29,0.));
#9051 = DIRECTION('',(-0.,0.,-1.));
#9052 = DIRECTION('',(6.315935428978E-14,-1.,-0.));
#9053 = FACE_BOUND('',#9054,.F.);
#9054 = EDGE_LOOP('',(#9055));
#9055 = ORIENTED_EDGE('',*,*,#9056,.T.);
#9056 = EDGE_CURVE('',#9057,#9057,#9059,.T.);
#9057 = VERTEX_POINT('',#9058);
#9058 = CARTESIAN_POINT('',(108.25,-80.2,0.));
#9059 = CIRCLE('',#9060,0.45);
#9060 = AXIS2_PLACEMENT_3D('',#9061,#9062,#9063);
#9061 = CARTESIAN_POINT('',(108.25,-79.75,0.));
#9062 = DIRECTION('',(-0.,0.,-1.));
#9063 = DIRECTION('',(-0.,-1.,0.));
#9064 = FACE_BOUND('',#9065,.F.);
#9065 = EDGE_LOOP('',(#9066));
#9066 = ORIENTED_EDGE('',*,*,#9067,.T.);
#9067 = EDGE_CURVE('',#9068,#9068,#9070,.T.);
#9068 = VERTEX_POINT('',#9069);
#9069 = CARTESIAN_POINT('',(102.75,-75.6,0.));
#9070 = CIRCLE('',#9071,1.6);
#9071 = AXIS2_PLACEMENT_3D('',#9072,#9073,#9074);
#9072 = CARTESIAN_POINT('',(102.75,-74.,0.));
#9073 = DIRECTION('',(-0.,0.,-1.));
#9074 = DIRECTION('',(-0.,-1.,0.));
#9075 = FACE_BOUND('',#9076,.F.);
#9076 = EDGE_LOOP('',(#9077));
#9077 = ORIENTED_EDGE('',*,*,#9078,.T.);
#9078 = EDGE_CURVE('',#9079,#9079,#9081,.T.);
#9079 = VERTEX_POINT('',#9080);
#9080 = CARTESIAN_POINT('',(93.065,-64.7,0.));
#9081 = CIRCLE('',#9082,0.7);
#9082 = AXIS2_PLACEMENT_3D('',#9083,#9084,#9085);
#9083 = CARTESIAN_POINT('',(93.065,-64.,0.));
#9084 = DIRECTION('',(-0.,0.,-1.));
#9085 = DIRECTION('',(-0.,-1.,0.));
#9086 = FACE_BOUND('',#9087,.F.);
#9087 = EDGE_LOOP('',(#9088));
#9088 = ORIENTED_EDGE('',*,*,#9089,.T.);
#9089 = EDGE_CURVE('',#9090,#9090,#9092,.T.);
#9090 = VERTEX_POINT('',#9091);
#9091 = CARTESIAN_POINT('',(97.265,-64.7,0.));
#9092 = CIRCLE('',#9093,0.7);
#9093 = AXIS2_PLACEMENT_3D('',#9094,#9095,#9096);
#9094 = CARTESIAN_POINT('',(97.265,-64.,0.));
#9095 = DIRECTION('',(-0.,0.,-1.));
#9096 = DIRECTION('',(-0.,-1.,0.));
#9097 = FACE_BOUND('',#9098,.F.);
#9098 = EDGE_LOOP('',(#9099));
#9099 = ORIENTED_EDGE('',*,*,#9100,.T.);
#9100 = EDGE_CURVE('',#9101,#9101,#9103,.T.);
#9101 = VERTEX_POINT('',#9102);
#9102 = CARTESIAN_POINT('',(101.465,-64.7,0.));
#9103 = CIRCLE('',#9104,0.7);
#9104 = AXIS2_PLACEMENT_3D('',#9105,#9106,#9107);
#9105 = CARTESIAN_POINT('',(101.465,-64.,0.));
#9106 = DIRECTION('',(-0.,0.,-1.));
#9107 = DIRECTION('',(-0.,-1.,0.));
#9108 = FACE_BOUND('',#9109,.F.);
#9109 = EDGE_LOOP('',(#9110));
#9110 = ORIENTED_EDGE('',*,*,#9111,.T.);
#9111 = EDGE_CURVE('',#9112,#9112,#9114,.T.);
#9112 = VERTEX_POINT('',#9113);
#9113 = CARTESIAN_POINT('',(93.065,-59.2,0.));
#9114 = CIRCLE('',#9115,0.7);
#9115 = AXIS2_PLACEMENT_3D('',#9116,#9117,#9118);
#9116 = CARTESIAN_POINT('',(93.065,-58.5,0.));
#9117 = DIRECTION('',(-0.,0.,-1.));
#9118 = DIRECTION('',(-0.,-1.,0.));
#9119 = FACE_BOUND('',#9120,.F.);
#9120 = EDGE_LOOP('',(#9121));
#9121 = ORIENTED_EDGE('',*,*,#9122,.T.);
#9122 = EDGE_CURVE('',#9123,#9123,#9125,.T.);
#9123 = VERTEX_POINT('',#9124);
#9124 = CARTESIAN_POINT('',(97.265,-59.2,0.));
#9125 = CIRCLE('',#9126,0.7);
#9126 = AXIS2_PLACEMENT_3D('',#9127,#9128,#9129);
#9127 = CARTESIAN_POINT('',(97.265,-58.5,0.));
#9128 = DIRECTION('',(-0.,0.,-1.));
#9129 = DIRECTION('',(-0.,-1.,0.));
#9130 = FACE_BOUND('',#9131,.F.);
#9131 = EDGE_LOOP('',(#9132));
#9132 = ORIENTED_EDGE('',*,*,#9133,.T.);
#9133 = EDGE_CURVE('',#9134,#9134,#9136,.T.);
#9134 = VERTEX_POINT('',#9135);
#9135 = CARTESIAN_POINT('',(101.465,-59.2,0.));
#9136 = CIRCLE('',#9137,0.7);
#9137 = AXIS2_PLACEMENT_3D('',#9138,#9139,#9140);
#9138 = CARTESIAN_POINT('',(101.465,-58.5,0.));
#9139 = DIRECTION('',(-0.,0.,-1.));
#9140 = DIRECTION('',(-0.,-1.,0.));
#9141 = FACE_BOUND('',#9142,.F.);
#9142 = EDGE_LOOP('',(#9143));
#9143 = ORIENTED_EDGE('',*,*,#9144,.T.);
#9144 = EDGE_CURVE('',#9145,#9145,#9147,.T.);
#9145 = VERTEX_POINT('',#9146);
#9146 = CARTESIAN_POINT('',(105.665,-64.7,0.));
#9147 = CIRCLE('',#9148,0.7);
#9148 = AXIS2_PLACEMENT_3D('',#9149,#9150,#9151);
#9149 = CARTESIAN_POINT('',(105.665,-64.,0.));
#9150 = DIRECTION('',(-0.,0.,-1.));
#9151 = DIRECTION('',(2.030122102172E-14,-1.,-0.));
#9152 = FACE_BOUND('',#9153,.F.);
#9153 = EDGE_LOOP('',(#9154));
#9154 = ORIENTED_EDGE('',*,*,#9155,.T.);
#9155 = EDGE_CURVE('',#9156,#9156,#9158,.T.);
#9156 = VERTEX_POINT('',#9157);
#9157 = CARTESIAN_POINT('',(105.665,-59.2,0.));
#9158 = CIRCLE('',#9159,0.7);
#9159 = AXIS2_PLACEMENT_3D('',#9160,#9161,#9162);
#9160 = CARTESIAN_POINT('',(105.665,-58.5,0.));
#9161 = DIRECTION('',(-0.,0.,-1.));
#9162 = DIRECTION('',(2.030122102172E-14,-1.,-0.));
#9163 = FACE_BOUND('',#9164,.F.);
#9164 = EDGE_LOOP('',(#9165));
#9165 = ORIENTED_EDGE('',*,*,#9166,.T.);
#9166 = EDGE_CURVE('',#9167,#9167,#9169,.T.);
#9167 = VERTEX_POINT('',#9168);
#9168 = CARTESIAN_POINT('',(133.65,-80.2,0.));
#9169 = CIRCLE('',#9170,0.45);
#9170 = AXIS2_PLACEMENT_3D('',#9171,#9172,#9173);
#9171 = CARTESIAN_POINT('',(133.65,-79.75,0.));
#9172 = DIRECTION('',(-0.,0.,-1.));
#9173 = DIRECTION('',(6.315935428978E-14,-1.,-0.));
#9174 = FACE_BOUND('',#9175,.F.);
#9175 = EDGE_LOOP('',(#9176));
#9176 = ORIENTED_EDGE('',*,*,#9177,.T.);
#9177 = EDGE_CURVE('',#9178,#9178,#9180,.T.);
#9178 = VERTEX_POINT('',#9179);
#9179 = CARTESIAN_POINT('',(118.805,-63.95,0.));
#9180 = CIRCLE('',#9181,0.7);
#9181 = AXIS2_PLACEMENT_3D('',#9182,#9183,#9184);
#9182 = CARTESIAN_POINT('',(118.805,-63.25,0.));
#9183 = DIRECTION('',(-0.,0.,-1.));
#9184 = DIRECTION('',(-0.,-1.,0.));
#9185 = FACE_BOUND('',#9186,.F.);
#9186 = EDGE_LOOP('',(#9187));
#9187 = ORIENTED_EDGE('',*,*,#9188,.T.);
#9188 = EDGE_CURVE('',#9189,#9189,#9191,.T.);
#9189 = VERTEX_POINT('',#9190);
#9190 = CARTESIAN_POINT('',(123.005,-63.95,0.));
#9191 = CIRCLE('',#9192,0.7);
#9192 = AXIS2_PLACEMENT_3D('',#9193,#9194,#9195);
#9193 = CARTESIAN_POINT('',(123.005,-63.25,0.));
#9194 = DIRECTION('',(-0.,0.,-1.));
#9195 = DIRECTION('',(-0.,-1.,0.));
#9196 = FACE_BOUND('',#9197,.F.);
#9197 = EDGE_LOOP('',(#9198));
#9198 = ORIENTED_EDGE('',*,*,#9199,.T.);
#9199 = EDGE_CURVE('',#9200,#9200,#9202,.T.);
#9200 = VERTEX_POINT('',#9201);
#9201 = CARTESIAN_POINT('',(118.805,-58.45,0.));
#9202 = CIRCLE('',#9203,0.7);
#9203 = AXIS2_PLACEMENT_3D('',#9204,#9205,#9206);
#9204 = CARTESIAN_POINT('',(118.805,-57.75,0.));
#9205 = DIRECTION('',(-0.,0.,-1.));
#9206 = DIRECTION('',(-0.,-1.,0.));
#9207 = FACE_BOUND('',#9208,.F.);
#9208 = EDGE_LOOP('',(#9209));
#9209 = ORIENTED_EDGE('',*,*,#9210,.T.);
#9210 = EDGE_CURVE('',#9211,#9211,#9213,.T.);
#9211 = VERTEX_POINT('',#9212);
#9212 = CARTESIAN_POINT('',(123.005,-58.45,0.));
#9213 = CIRCLE('',#9214,0.7);
#9214 = AXIS2_PLACEMENT_3D('',#9215,#9216,#9217);
#9215 = CARTESIAN_POINT('',(123.005,-57.75,0.));
#9216 = DIRECTION('',(-0.,0.,-1.));
#9217 = DIRECTION('',(-0.,-1.,0.));
#9218 = FACE_BOUND('',#9219,.F.);
#9219 = EDGE_LOOP('',(#9220));
#9220 = ORIENTED_EDGE('',*,*,#9221,.T.);
#9221 = EDGE_CURVE('',#9222,#9222,#9224,.T.);
#9222 = VERTEX_POINT('',#9223);
#9223 = CARTESIAN_POINT('',(127.205,-63.95,0.));
#9224 = CIRCLE('',#9225,0.7);
#9225 = AXIS2_PLACEMENT_3D('',#9226,#9227,#9228);
#9226 = CARTESIAN_POINT('',(127.205,-63.25,0.));
#9227 = DIRECTION('',(-0.,0.,-1.));
#9228 = DIRECTION('',(-0.,-1.,0.));
#9229 = FACE_BOUND('',#9230,.F.);
#9230 = EDGE_LOOP('',(#9231));
#9231 = ORIENTED_EDGE('',*,*,#9232,.T.);
#9232 = EDGE_CURVE('',#9233,#9233,#9235,.T.);
#9233 = VERTEX_POINT('',#9234);
#9234 = CARTESIAN_POINT('',(127.205,-58.45,0.));
#9235 = CIRCLE('',#9236,0.7);
#9236 = AXIS2_PLACEMENT_3D('',#9237,#9238,#9239);
#9237 = CARTESIAN_POINT('',(127.205,-57.75,0.));
#9238 = DIRECTION('',(-0.,0.,-1.));
#9239 = DIRECTION('',(-0.,-1.,0.));
#9240 = PLANE('',#9241);
#9241 = AXIS2_PLACEMENT_3D('',#9242,#9243,#9244);
#9242 = CARTESIAN_POINT('',(0.,0.,0.));
#9243 = DIRECTION('',(0.,0.,1.));
#9244 = DIRECTION('',(1.,0.,-0.));
#9245 = ADVANCED_FACE('',(#9246,#9257,#9268,#9279,#9290,#9301,#9312,
    #9323,#9334,#9345,#9356,#9367,#9378,#9389,#9400,#9411,#9422,#9433,
    #9444,#9455,#9466,#9477,#9488,#9499,#9510,#9521,#9532,#9543,#9554,
    #9565,#9576,#9587,#9598,#9609,#9620,#9631,#9642,#9653,#9664,#9675,
    #9686,#9697,#9708,#9719,#9730,#9741,#9752,#9763,#9774,#9785,#9796,
    #9807,#9818,#9829,#9840,#9851,#9862,#9873,#9884,#9895,#9906,#9917,
    #9928,#9939,#9950,#9961,#9972,#9983,#9994,#10005,#10016,#10027,
    #10038,#10049,#10060,#10071,#10082,#10093,#10104,#10115,#10126,
    #10137,#10148,#10159,#10170,#10181,#10192,#10203,#10214,#10225,
    #10236,#10247,#10258,#10269,#10280,#10291,#10302,#10313,#10324,
    #10335,#10346,#10357,#10368,#10379,#10390,#10401,#10412,#10423,
    #10434,#10445,#10456,#10467,#10478,#10489,#10500,#10511,#10522,
    #10533),#10544,.T.);
#9246 = FACE_BOUND('',#9247,.T.);
#9247 = EDGE_LOOP('',(#9248,#9249,#9250,#9256));
#9248 = ORIENTED_EDGE('',*,*,#7853,.F.);
#9249 = ORIENTED_EDGE('',*,*,#7893,.F.);
#9250 = ORIENTED_EDGE('',*,*,#9251,.F.);
#9251 = EDGE_CURVE('',#7916,#7886,#9252,.T.);
#9252 = LINE('',#9253,#9254);
#9253 = CARTESIAN_POINT('',(45.8,-51.6,1.51));
#9254 = VECTOR('',#9255,1.);
#9255 = DIRECTION('',(1.,0.,0.));
#9256 = ORIENTED_EDGE('',*,*,#7915,.F.);
#9257 = FACE_BOUND('',#9258,.T.);
#9258 = EDGE_LOOP('',(#9259));
#9259 = ORIENTED_EDGE('',*,*,#9260,.T.);
#9260 = EDGE_CURVE('',#9261,#9261,#9263,.T.);
#9261 = VERTEX_POINT('',#9262);
#9262 = CARTESIAN_POINT('',(51.,-157.1,1.51));
#9263 = CIRCLE('',#9264,1.6);
#9264 = AXIS2_PLACEMENT_3D('',#9265,#9266,#9267);
#9265 = CARTESIAN_POINT('',(51.,-155.5,1.51));
#9266 = DIRECTION('',(-0.,0.,-1.));
#9267 = DIRECTION('',(-0.,-1.,0.));
#9268 = FACE_BOUND('',#9269,.T.);
#9269 = EDGE_LOOP('',(#9270));
#9270 = ORIENTED_EDGE('',*,*,#9271,.T.);
#9271 = EDGE_CURVE('',#9272,#9272,#9274,.T.);
#9272 = VERTEX_POINT('',#9273);
#9273 = CARTESIAN_POINT('',(51.25,-148.6,1.51));
#9274 = CIRCLE('',#9275,1.35);
#9275 = AXIS2_PLACEMENT_3D('',#9276,#9277,#9278);
#9276 = CARTESIAN_POINT('',(51.25,-147.25,1.51));
#9277 = DIRECTION('',(-0.,0.,-1.));
#9278 = DIRECTION('',(-0.,-1.,0.));
#9279 = FACE_BOUND('',#9280,.T.);
#9280 = EDGE_LOOP('',(#9281));
#9281 = ORIENTED_EDGE('',*,*,#9282,.T.);
#9282 = EDGE_CURVE('',#9283,#9283,#9285,.T.);
#9283 = VERTEX_POINT('',#9284);
#9284 = CARTESIAN_POINT('',(56.25,-148.6,1.51));
#9285 = CIRCLE('',#9286,1.35);
#9286 = AXIS2_PLACEMENT_3D('',#9287,#9288,#9289);
#9287 = CARTESIAN_POINT('',(56.25,-147.25,1.51));
#9288 = DIRECTION('',(-0.,0.,-1.));
#9289 = DIRECTION('',(-0.,-1.,0.));
#9290 = FACE_BOUND('',#9291,.T.);
#9291 = EDGE_LOOP('',(#9292));
#9292 = ORIENTED_EDGE('',*,*,#9293,.T.);
#9293 = EDGE_CURVE('',#9294,#9294,#9296,.T.);
#9294 = VERTEX_POINT('',#9295);
#9295 = CARTESIAN_POINT('',(60.,-155.7,1.51));
#9296 = CIRCLE('',#9297,0.7);
#9297 = AXIS2_PLACEMENT_3D('',#9298,#9299,#9300);
#9298 = CARTESIAN_POINT('',(60.,-155.,1.51));
#9299 = DIRECTION('',(-0.,0.,-1.));
#9300 = DIRECTION('',(-0.,-1.,0.));
#9301 = FACE_BOUND('',#9302,.T.);
#9302 = EDGE_LOOP('',(#9303));
#9303 = ORIENTED_EDGE('',*,*,#9304,.T.);
#9304 = EDGE_CURVE('',#9305,#9305,#9307,.T.);
#9305 = VERTEX_POINT('',#9306);
#9306 = CARTESIAN_POINT('',(65.5,-155.7,1.51));
#9307 = CIRCLE('',#9308,0.7);
#9308 = AXIS2_PLACEMENT_3D('',#9309,#9310,#9311);
#9309 = CARTESIAN_POINT('',(65.5,-155.,1.51));
#9310 = DIRECTION('',(-0.,0.,-1.));
#9311 = DIRECTION('',(-0.,-1.,0.));
#9312 = FACE_BOUND('',#9313,.T.);
#9313 = EDGE_LOOP('',(#9314));
#9314 = ORIENTED_EDGE('',*,*,#9315,.T.);
#9315 = EDGE_CURVE('',#9316,#9316,#9318,.T.);
#9316 = VERTEX_POINT('',#9317);
#9317 = CARTESIAN_POINT('',(64.,-147.83,1.51));
#9318 = CIRCLE('',#9319,0.5);
#9319 = AXIS2_PLACEMENT_3D('',#9320,#9321,#9322);
#9320 = CARTESIAN_POINT('',(64.,-147.33,1.51));
#9321 = DIRECTION('',(-0.,0.,-1.));
#9322 = DIRECTION('',(-0.,-1.,0.));
#9323 = FACE_BOUND('',#9324,.T.);
#9324 = EDGE_LOOP('',(#9325));
#9325 = ORIENTED_EDGE('',*,*,#9326,.T.);
#9326 = EDGE_CURVE('',#9327,#9327,#9329,.T.);
#9327 = VERTEX_POINT('',#9328);
#9328 = CARTESIAN_POINT('',(64.,-145.29,1.51));
#9329 = CIRCLE('',#9330,0.5);
#9330 = AXIS2_PLACEMENT_3D('',#9331,#9332,#9333);
#9331 = CARTESIAN_POINT('',(64.,-144.79,1.51));
#9332 = DIRECTION('',(-0.,0.,-1.));
#9333 = DIRECTION('',(-0.,-1.,0.));
#9334 = FACE_BOUND('',#9335,.T.);
#9335 = EDGE_LOOP('',(#9336));
#9336 = ORIENTED_EDGE('',*,*,#9337,.T.);
#9337 = EDGE_CURVE('',#9338,#9338,#9340,.T.);
#9338 = VERTEX_POINT('',#9339);
#9339 = CARTESIAN_POINT('',(51.25,-140.1,1.51));
#9340 = CIRCLE('',#9341,1.35);
#9341 = AXIS2_PLACEMENT_3D('',#9342,#9343,#9344);
#9342 = CARTESIAN_POINT('',(51.25,-138.75,1.51));
#9343 = DIRECTION('',(-0.,0.,-1.));
#9344 = DIRECTION('',(-0.,-1.,0.));
#9345 = FACE_BOUND('',#9346,.T.);
#9346 = EDGE_LOOP('',(#9347));
#9347 = ORIENTED_EDGE('',*,*,#9348,.T.);
#9348 = EDGE_CURVE('',#9349,#9349,#9351,.T.);
#9349 = VERTEX_POINT('',#9350);
#9350 = CARTESIAN_POINT('',(56.25,-140.1,1.51));
#9351 = CIRCLE('',#9352,1.35);
#9352 = AXIS2_PLACEMENT_3D('',#9353,#9354,#9355);
#9353 = CARTESIAN_POINT('',(56.25,-138.75,1.51));
#9354 = DIRECTION('',(-0.,0.,-1.));
#9355 = DIRECTION('',(-0.,-1.,0.));
#9356 = FACE_BOUND('',#9357,.T.);
#9357 = EDGE_LOOP('',(#9358));
#9358 = ORIENTED_EDGE('',*,*,#9359,.T.);
#9359 = EDGE_CURVE('',#9360,#9360,#9362,.T.);
#9360 = VERTEX_POINT('',#9361);
#9361 = CARTESIAN_POINT('',(64.,-142.75,1.51));
#9362 = CIRCLE('',#9363,0.5);
#9363 = AXIS2_PLACEMENT_3D('',#9364,#9365,#9366);
#9364 = CARTESIAN_POINT('',(64.,-142.25,1.51));
#9365 = DIRECTION('',(-0.,0.,-1.));
#9366 = DIRECTION('',(-0.,-1.,0.));
#9367 = FACE_BOUND('',#9368,.T.);
#9368 = EDGE_LOOP('',(#9369));
#9369 = ORIENTED_EDGE('',*,*,#9370,.T.);
#9370 = EDGE_CURVE('',#9371,#9371,#9373,.T.);
#9371 = VERTEX_POINT('',#9372);
#9372 = CARTESIAN_POINT('',(87.62,-146.34,1.51));
#9373 = CIRCLE('',#9374,1.35);
#9374 = AXIS2_PLACEMENT_3D('',#9375,#9376,#9377);
#9375 = CARTESIAN_POINT('',(87.62,-144.99,1.51));
#9376 = DIRECTION('',(-0.,0.,-1.));
#9377 = DIRECTION('',(-0.,-1.,0.));
#9378 = FACE_BOUND('',#9379,.T.);
#9379 = EDGE_LOOP('',(#9380));
#9380 = ORIENTED_EDGE('',*,*,#9381,.F.);
#9381 = EDGE_CURVE('',#9382,#9382,#9384,.T.);
#9382 = VERTEX_POINT('',#9383);
#9383 = CARTESIAN_POINT('',(78.24,-132.75,1.51));
#9384 = CIRCLE('',#9385,1.09);
#9385 = AXIS2_PLACEMENT_3D('',#9386,#9387,#9388);
#9386 = CARTESIAN_POINT('',(77.15,-132.75,1.51));
#9387 = DIRECTION('',(0.,0.,1.));
#9388 = DIRECTION('',(1.,0.,-0.));
#9389 = FACE_BOUND('',#9390,.T.);
#9390 = EDGE_LOOP('',(#9391));
#9391 = ORIENTED_EDGE('',*,*,#9392,.T.);
#9392 = EDGE_CURVE('',#9393,#9393,#9395,.T.);
#9393 = VERTEX_POINT('',#9394);
#9394 = CARTESIAN_POINT('',(87.62,-141.34,1.51));
#9395 = CIRCLE('',#9396,1.35);
#9396 = AXIS2_PLACEMENT_3D('',#9397,#9398,#9399);
#9397 = CARTESIAN_POINT('',(87.62,-139.99,1.51));
#9398 = DIRECTION('',(-0.,0.,-1.));
#9399 = DIRECTION('',(-0.,-1.,0.));
#9400 = FACE_BOUND('',#9401,.T.);
#9401 = EDGE_LOOP('',(#9402));
#9402 = ORIENTED_EDGE('',*,*,#9403,.T.);
#9403 = EDGE_CURVE('',#9404,#9404,#9406,.T.);
#9404 = VERTEX_POINT('',#9405);
#9405 = CARTESIAN_POINT('',(76.32,-128.881,1.51));
#9406 = CIRCLE('',#9407,0.381);
#9407 = AXIS2_PLACEMENT_3D('',#9408,#9409,#9410);
#9408 = CARTESIAN_POINT('',(76.32,-128.5,1.51));
#9409 = DIRECTION('',(-0.,0.,-1.));
#9410 = DIRECTION('',(-0.,-1.,0.));
#9411 = FACE_BOUND('',#9412,.T.);
#9412 = EDGE_LOOP('',(#9413));
#9413 = ORIENTED_EDGE('',*,*,#9414,.T.);
#9414 = EDGE_CURVE('',#9415,#9415,#9417,.T.);
#9415 = VERTEX_POINT('',#9416);
#9416 = CARTESIAN_POINT('',(78.86,-128.881,1.51));
#9417 = CIRCLE('',#9418,0.381);
#9418 = AXIS2_PLACEMENT_3D('',#9419,#9420,#9421);
#9419 = CARTESIAN_POINT('',(78.86,-128.5,1.51));
#9420 = DIRECTION('',(-0.,0.,-1.));
#9421 = DIRECTION('',(-0.,-1.,0.));
#9422 = FACE_BOUND('',#9423,.T.);
#9423 = EDGE_LOOP('',(#9424));
#9424 = ORIENTED_EDGE('',*,*,#9425,.T.);
#9425 = EDGE_CURVE('',#9426,#9426,#9428,.T.);
#9426 = VERTEX_POINT('',#9427);
#9427 = CARTESIAN_POINT('',(76.32,-126.341,1.51));
#9428 = CIRCLE('',#9429,0.381);
#9429 = AXIS2_PLACEMENT_3D('',#9430,#9431,#9432);
#9430 = CARTESIAN_POINT('',(76.32,-125.96,1.51));
#9431 = DIRECTION('',(-0.,0.,-1.));
#9432 = DIRECTION('',(-0.,-1.,0.));
#9433 = FACE_BOUND('',#9434,.T.);
#9434 = EDGE_LOOP('',(#9435));
#9435 = ORIENTED_EDGE('',*,*,#9436,.T.);
#9436 = EDGE_CURVE('',#9437,#9437,#9439,.T.);
#9437 = VERTEX_POINT('',#9438);
#9438 = CARTESIAN_POINT('',(78.86,-126.341,1.51));
#9439 = CIRCLE('',#9440,0.381);
#9440 = AXIS2_PLACEMENT_3D('',#9441,#9442,#9443);
#9441 = CARTESIAN_POINT('',(78.86,-125.96,1.51));
#9442 = DIRECTION('',(-0.,0.,-1.));
#9443 = DIRECTION('',(-0.,-1.,0.));
#9444 = FACE_BOUND('',#9445,.T.);
#9445 = EDGE_LOOP('',(#9446));
#9446 = ORIENTED_EDGE('',*,*,#9447,.T.);
#9447 = EDGE_CURVE('',#9448,#9448,#9450,.T.);
#9448 = VERTEX_POINT('',#9449);
#9449 = CARTESIAN_POINT('',(76.32,-123.801,1.51));
#9450 = CIRCLE('',#9451,0.381);
#9451 = AXIS2_PLACEMENT_3D('',#9452,#9453,#9454);
#9452 = CARTESIAN_POINT('',(76.32,-123.42,1.51));
#9453 = DIRECTION('',(-0.,0.,-1.));
#9454 = DIRECTION('',(-0.,-1.,0.));
#9455 = FACE_BOUND('',#9456,.T.);
#9456 = EDGE_LOOP('',(#9457));
#9457 = ORIENTED_EDGE('',*,*,#9458,.T.);
#9458 = EDGE_CURVE('',#9459,#9459,#9461,.T.);
#9459 = VERTEX_POINT('',#9460);
#9460 = CARTESIAN_POINT('',(78.86,-123.801,1.51));
#9461 = CIRCLE('',#9462,0.381);
#9462 = AXIS2_PLACEMENT_3D('',#9463,#9464,#9465);
#9463 = CARTESIAN_POINT('',(78.86,-123.42,1.51));
#9464 = DIRECTION('',(-0.,0.,-1.));
#9465 = DIRECTION('',(-0.,-1.,0.));
#9466 = FACE_BOUND('',#9467,.T.);
#9467 = EDGE_LOOP('',(#9468));
#9468 = ORIENTED_EDGE('',*,*,#9469,.T.);
#9469 = EDGE_CURVE('',#9470,#9470,#9472,.T.);
#9470 = VERTEX_POINT('',#9471);
#9471 = CARTESIAN_POINT('',(76.32,-121.261,1.51));
#9472 = CIRCLE('',#9473,0.381);
#9473 = AXIS2_PLACEMENT_3D('',#9474,#9475,#9476);
#9474 = CARTESIAN_POINT('',(76.32,-120.88,1.51));
#9475 = DIRECTION('',(-0.,0.,-1.));
#9476 = DIRECTION('',(-0.,-1.,0.));
#9477 = FACE_BOUND('',#9478,.T.);
#9478 = EDGE_LOOP('',(#9479));
#9479 = ORIENTED_EDGE('',*,*,#9480,.T.);
#9480 = EDGE_CURVE('',#9481,#9481,#9483,.T.);
#9481 = VERTEX_POINT('',#9482);
#9482 = CARTESIAN_POINT('',(78.86,-121.261,1.51));
#9483 = CIRCLE('',#9484,0.381);
#9484 = AXIS2_PLACEMENT_3D('',#9485,#9486,#9487);
#9485 = CARTESIAN_POINT('',(78.86,-120.88,1.51));
#9486 = DIRECTION('',(-0.,0.,-1.));
#9487 = DIRECTION('',(-0.,-1.,0.));
#9488 = FACE_BOUND('',#9489,.T.);
#9489 = EDGE_LOOP('',(#9490));
#9490 = ORIENTED_EDGE('',*,*,#9491,.T.);
#9491 = EDGE_CURVE('',#9492,#9492,#9494,.T.);
#9492 = VERTEX_POINT('',#9493);
#9493 = CARTESIAN_POINT('',(76.32,-118.721,1.51));
#9494 = CIRCLE('',#9495,0.381);
#9495 = AXIS2_PLACEMENT_3D('',#9496,#9497,#9498);
#9496 = CARTESIAN_POINT('',(76.32,-118.34,1.51));
#9497 = DIRECTION('',(-0.,0.,-1.));
#9498 = DIRECTION('',(-0.,-1.,0.));
#9499 = FACE_BOUND('',#9500,.T.);
#9500 = EDGE_LOOP('',(#9501));
#9501 = ORIENTED_EDGE('',*,*,#9502,.T.);
#9502 = EDGE_CURVE('',#9503,#9503,#9505,.T.);
#9503 = VERTEX_POINT('',#9504);
#9504 = CARTESIAN_POINT('',(76.32,-116.181,1.51));
#9505 = CIRCLE('',#9506,0.381);
#9506 = AXIS2_PLACEMENT_3D('',#9507,#9508,#9509);
#9507 = CARTESIAN_POINT('',(76.32,-115.8,1.51));
#9508 = DIRECTION('',(-0.,0.,-1.));
#9509 = DIRECTION('',(-0.,-1.,0.));
#9510 = FACE_BOUND('',#9511,.T.);
#9511 = EDGE_LOOP('',(#9512));
#9512 = ORIENTED_EDGE('',*,*,#9513,.T.);
#9513 = EDGE_CURVE('',#9514,#9514,#9516,.T.);
#9514 = VERTEX_POINT('',#9515);
#9515 = CARTESIAN_POINT('',(78.86,-118.721,1.51));
#9516 = CIRCLE('',#9517,0.381);
#9517 = AXIS2_PLACEMENT_3D('',#9518,#9519,#9520);
#9518 = CARTESIAN_POINT('',(78.86,-118.34,1.51));
#9519 = DIRECTION('',(-0.,0.,-1.));
#9520 = DIRECTION('',(-0.,-1.,0.));
#9521 = FACE_BOUND('',#9522,.T.);
#9522 = EDGE_LOOP('',(#9523));
#9523 = ORIENTED_EDGE('',*,*,#9524,.T.);
#9524 = EDGE_CURVE('',#9525,#9525,#9527,.T.);
#9525 = VERTEX_POINT('',#9526);
#9526 = CARTESIAN_POINT('',(78.86,-116.181,1.51));
#9527 = CIRCLE('',#9528,0.381);
#9528 = AXIS2_PLACEMENT_3D('',#9529,#9530,#9531);
#9529 = CARTESIAN_POINT('',(78.86,-115.8,1.51));
#9530 = DIRECTION('',(-0.,0.,-1.));
#9531 = DIRECTION('',(-0.,-1.,0.));
#9532 = FACE_BOUND('',#9533,.T.);
#9533 = EDGE_LOOP('',(#9534));
#9534 = ORIENTED_EDGE('',*,*,#9535,.F.);
#9535 = EDGE_CURVE('',#9536,#9536,#9538,.T.);
#9536 = VERTEX_POINT('',#9537);
#9537 = CARTESIAN_POINT('',(78.24,-111.65,1.51));
#9538 = CIRCLE('',#9539,1.09);
#9539 = AXIS2_PLACEMENT_3D('',#9540,#9541,#9542);
#9540 = CARTESIAN_POINT('',(77.15,-111.65,1.51));
#9541 = DIRECTION('',(0.,0.,1.));
#9542 = DIRECTION('',(1.,0.,-0.));
#9543 = FACE_BOUND('',#9544,.T.);
#9544 = EDGE_LOOP('',(#9545));
#9545 = ORIENTED_EDGE('',*,*,#9546,.F.);
#9546 = EDGE_CURVE('',#9547,#9547,#9549,.T.);
#9547 = VERTEX_POINT('',#9548);
#9548 = CARTESIAN_POINT('',(99.34,-132.75,1.51));
#9549 = CIRCLE('',#9550,1.09);
#9550 = AXIS2_PLACEMENT_3D('',#9551,#9552,#9553);
#9551 = CARTESIAN_POINT('',(98.25,-132.75,1.51));
#9552 = DIRECTION('',(0.,0.,1.));
#9553 = DIRECTION('',(1.,0.,-0.));
#9554 = FACE_BOUND('',#9555,.T.);
#9555 = EDGE_LOOP('',(#9556));
#9556 = ORIENTED_EDGE('',*,*,#9557,.T.);
#9557 = EDGE_CURVE('',#9558,#9558,#9560,.T.);
#9558 = VERTEX_POINT('',#9559);
#9559 = CARTESIAN_POINT('',(108.24632,-133.53728,1.51));
#9560 = CIRCLE('',#9561,0.45);
#9561 = AXIS2_PLACEMENT_3D('',#9562,#9563,#9564);
#9562 = CARTESIAN_POINT('',(108.24632,-133.08728,1.51));
#9563 = DIRECTION('',(-0.,0.,-1.));
#9564 = DIRECTION('',(-0.,-1.,0.));
#9565 = FACE_BOUND('',#9566,.T.);
#9566 = EDGE_LOOP('',(#9567));
#9567 = ORIENTED_EDGE('',*,*,#9568,.T.);
#9568 = EDGE_CURVE('',#9569,#9569,#9571,.T.);
#9569 = VERTEX_POINT('',#9570);
#9570 = CARTESIAN_POINT('',(123.,-157.1,1.51));
#9571 = CIRCLE('',#9572,1.6);
#9572 = AXIS2_PLACEMENT_3D('',#9573,#9574,#9575);
#9573 = CARTESIAN_POINT('',(123.,-155.5,1.51));
#9574 = DIRECTION('',(-0.,0.,-1.));
#9575 = DIRECTION('',(-0.,-1.,0.));
#9576 = FACE_BOUND('',#9577,.T.);
#9577 = EDGE_LOOP('',(#9578));
#9578 = ORIENTED_EDGE('',*,*,#9579,.T.);
#9579 = EDGE_CURVE('',#9580,#9580,#9582,.T.);
#9580 = VERTEX_POINT('',#9581);
#9581 = CARTESIAN_POINT('',(132.579135,-155.2,1.51));
#9582 = CIRCLE('',#9583,0.7);
#9583 = AXIS2_PLACEMENT_3D('',#9584,#9585,#9586);
#9584 = CARTESIAN_POINT('',(132.579135,-154.5,1.51));
#9585 = DIRECTION('',(-0.,0.,-1.));
#9586 = DIRECTION('',(-0.,-1.,0.));
#9587 = FACE_BOUND('',#9588,.T.);
#9588 = EDGE_LOOP('',(#9589));
#9589 = ORIENTED_EDGE('',*,*,#9590,.T.);
#9590 = EDGE_CURVE('',#9591,#9591,#9593,.T.);
#9591 = VERTEX_POINT('',#9592);
#9592 = CARTESIAN_POINT('',(132.579135,-149.7,1.51));
#9593 = CIRCLE('',#9594,0.7);
#9594 = AXIS2_PLACEMENT_3D('',#9595,#9596,#9597);
#9595 = CARTESIAN_POINT('',(132.579135,-149.,1.51));
#9596 = DIRECTION('',(-0.,0.,-1.));
#9597 = DIRECTION('',(-0.,-1.,0.));
#9598 = FACE_BOUND('',#9599,.T.);
#9599 = EDGE_LOOP('',(#9600));
#9600 = ORIENTED_EDGE('',*,*,#9601,.T.);
#9601 = EDGE_CURVE('',#9602,#9602,#9604,.T.);
#9602 = VERTEX_POINT('',#9603);
#9603 = CARTESIAN_POINT('',(133.65,-133.54,1.51));
#9604 = CIRCLE('',#9605,0.45);
#9605 = AXIS2_PLACEMENT_3D('',#9606,#9607,#9608);
#9606 = CARTESIAN_POINT('',(133.65,-133.09,1.51));
#9607 = DIRECTION('',(-0.,0.,-1.));
#9608 = DIRECTION('',(6.315935428978E-14,-1.,-0.));
#9609 = FACE_BOUND('',#9610,.T.);
#9610 = EDGE_LOOP('',(#9611));
#9611 = ORIENTED_EDGE('',*,*,#9612,.T.);
#9612 = EDGE_CURVE('',#9613,#9613,#9615,.T.);
#9613 = VERTEX_POINT('',#9614);
#9614 = CARTESIAN_POINT('',(108.24632,-130.99728,1.51));
#9615 = CIRCLE('',#9616,0.45);
#9616 = AXIS2_PLACEMENT_3D('',#9617,#9618,#9619);
#9617 = CARTESIAN_POINT('',(108.24632,-130.54728,1.51));
#9618 = DIRECTION('',(-0.,0.,-1.));
#9619 = DIRECTION('',(-0.,-1.,0.));
#9620 = FACE_BOUND('',#9621,.T.);
#9621 = EDGE_LOOP('',(#9622));
#9622 = ORIENTED_EDGE('',*,*,#9623,.T.);
#9623 = EDGE_CURVE('',#9624,#9624,#9626,.T.);
#9624 = VERTEX_POINT('',#9625);
#9625 = CARTESIAN_POINT('',(108.24632,-128.45728,1.51));
#9626 = CIRCLE('',#9627,0.45);
#9627 = AXIS2_PLACEMENT_3D('',#9628,#9629,#9630);
#9628 = CARTESIAN_POINT('',(108.24632,-128.00728,1.51));
#9629 = DIRECTION('',(-0.,0.,-1.));
#9630 = DIRECTION('',(-0.,-1.,0.));
#9631 = FACE_BOUND('',#9632,.T.);
#9632 = EDGE_LOOP('',(#9633));
#9633 = ORIENTED_EDGE('',*,*,#9634,.T.);
#9634 = EDGE_CURVE('',#9635,#9635,#9637,.T.);
#9635 = VERTEX_POINT('',#9636);
#9636 = CARTESIAN_POINT('',(108.25,-125.92,1.51));
#9637 = CIRCLE('',#9638,0.45);
#9638 = AXIS2_PLACEMENT_3D('',#9639,#9640,#9641);
#9639 = CARTESIAN_POINT('',(108.25,-125.47,1.51));
#9640 = DIRECTION('',(-0.,0.,-1.));
#9641 = DIRECTION('',(-0.,-1.,0.));
#9642 = FACE_BOUND('',#9643,.T.);
#9643 = EDGE_LOOP('',(#9644));
#9644 = ORIENTED_EDGE('',*,*,#9645,.T.);
#9645 = EDGE_CURVE('',#9646,#9646,#9648,.T.);
#9646 = VERTEX_POINT('',#9647);
#9647 = CARTESIAN_POINT('',(108.25,-123.38,1.51));
#9648 = CIRCLE('',#9649,0.45);
#9649 = AXIS2_PLACEMENT_3D('',#9650,#9651,#9652);
#9650 = CARTESIAN_POINT('',(108.25,-122.93,1.51));
#9651 = DIRECTION('',(-0.,0.,-1.));
#9652 = DIRECTION('',(-0.,-1.,0.));
#9653 = FACE_BOUND('',#9654,.T.);
#9654 = EDGE_LOOP('',(#9655));
#9655 = ORIENTED_EDGE('',*,*,#9656,.T.);
#9656 = EDGE_CURVE('',#9657,#9657,#9659,.T.);
#9657 = VERTEX_POINT('',#9658);
#9658 = CARTESIAN_POINT('',(108.25,-120.84,1.51));
#9659 = CIRCLE('',#9660,0.45);
#9660 = AXIS2_PLACEMENT_3D('',#9661,#9662,#9663);
#9661 = CARTESIAN_POINT('',(108.25,-120.39,1.51));
#9662 = DIRECTION('',(-0.,0.,-1.));
#9663 = DIRECTION('',(-0.,-1.,0.));
#9664 = FACE_BOUND('',#9665,.T.);
#9665 = EDGE_LOOP('',(#9666));
#9666 = ORIENTED_EDGE('',*,*,#9667,.T.);
#9667 = EDGE_CURVE('',#9668,#9668,#9670,.T.);
#9668 = VERTEX_POINT('',#9669);
#9669 = CARTESIAN_POINT('',(108.25,-118.3,1.51));
#9670 = CIRCLE('',#9671,0.45);
#9671 = AXIS2_PLACEMENT_3D('',#9672,#9673,#9674);
#9672 = CARTESIAN_POINT('',(108.25,-117.85,1.51));
#9673 = DIRECTION('',(-0.,0.,-1.));
#9674 = DIRECTION('',(-0.,-1.,0.));
#9675 = FACE_BOUND('',#9676,.T.);
#9676 = EDGE_LOOP('',(#9677));
#9677 = ORIENTED_EDGE('',*,*,#9678,.T.);
#9678 = EDGE_CURVE('',#9679,#9679,#9681,.T.);
#9679 = VERTEX_POINT('',#9680);
#9680 = CARTESIAN_POINT('',(108.25,-115.76,1.51));
#9681 = CIRCLE('',#9682,0.45);
#9682 = AXIS2_PLACEMENT_3D('',#9683,#9684,#9685);
#9683 = CARTESIAN_POINT('',(108.25,-115.31,1.51));
#9684 = DIRECTION('',(-0.,0.,-1.));
#9685 = DIRECTION('',(-0.,-1.,0.));
#9686 = FACE_BOUND('',#9687,.T.);
#9687 = EDGE_LOOP('',(#9688));
#9688 = ORIENTED_EDGE('',*,*,#9689,.T.);
#9689 = EDGE_CURVE('',#9690,#9690,#9692,.T.);
#9690 = VERTEX_POINT('',#9691);
#9691 = CARTESIAN_POINT('',(108.25,-113.22,1.51));
#9692 = CIRCLE('',#9693,0.45);
#9693 = AXIS2_PLACEMENT_3D('',#9694,#9695,#9696);
#9694 = CARTESIAN_POINT('',(108.25,-112.77,1.51));
#9695 = DIRECTION('',(-0.,0.,-1.));
#9696 = DIRECTION('',(-0.,-1.,0.));
#9697 = FACE_BOUND('',#9698,.T.);
#9698 = EDGE_LOOP('',(#9699));
#9699 = ORIENTED_EDGE('',*,*,#9700,.T.);
#9700 = EDGE_CURVE('',#9701,#9701,#9703,.T.);
#9701 = VERTEX_POINT('',#9702);
#9702 = CARTESIAN_POINT('',(108.25,-110.68,1.51));
#9703 = CIRCLE('',#9704,0.45);
#9704 = AXIS2_PLACEMENT_3D('',#9705,#9706,#9707);
#9705 = CARTESIAN_POINT('',(108.25,-110.23,1.51));
#9706 = DIRECTION('',(-0.,0.,-1.));
#9707 = DIRECTION('',(-0.,-1.,0.));
#9708 = FACE_BOUND('',#9709,.T.);
#9709 = EDGE_LOOP('',(#9710));
#9710 = ORIENTED_EDGE('',*,*,#9711,.T.);
#9711 = EDGE_CURVE('',#9712,#9712,#9714,.T.);
#9712 = VERTEX_POINT('',#9713);
#9713 = CARTESIAN_POINT('',(108.25,-108.14,1.51));
#9714 = CIRCLE('',#9715,0.45);
#9715 = AXIS2_PLACEMENT_3D('',#9716,#9717,#9718);
#9716 = CARTESIAN_POINT('',(108.25,-107.69,1.51));
#9717 = DIRECTION('',(-0.,0.,-1.));
#9718 = DIRECTION('',(-0.,-1.,0.));
#9719 = FACE_BOUND('',#9720,.T.);
#9720 = EDGE_LOOP('',(#9721));
#9721 = ORIENTED_EDGE('',*,*,#9722,.T.);
#9722 = EDGE_CURVE('',#9723,#9723,#9725,.T.);
#9723 = VERTEX_POINT('',#9724);
#9724 = CARTESIAN_POINT('',(133.65,-131.,1.51));
#9725 = CIRCLE('',#9726,0.45);
#9726 = AXIS2_PLACEMENT_3D('',#9727,#9728,#9729);
#9727 = CARTESIAN_POINT('',(133.65,-130.55,1.51));
#9728 = DIRECTION('',(-0.,0.,-1.));
#9729 = DIRECTION('',(6.315935428978E-14,-1.,-0.));
#9730 = FACE_BOUND('',#9731,.T.);
#9731 = EDGE_LOOP('',(#9732));
#9732 = ORIENTED_EDGE('',*,*,#9733,.T.);
#9733 = EDGE_CURVE('',#9734,#9734,#9736,.T.);
#9734 = VERTEX_POINT('',#9735);
#9735 = CARTESIAN_POINT('',(133.65,-128.46,1.51));
#9736 = CIRCLE('',#9737,0.45);
#9737 = AXIS2_PLACEMENT_3D('',#9738,#9739,#9740);
#9738 = CARTESIAN_POINT('',(133.65,-128.01,1.51));
#9739 = DIRECTION('',(-0.,0.,-1.));
#9740 = DIRECTION('',(6.315935428978E-14,-1.,-0.));
#9741 = FACE_BOUND('',#9742,.T.);
#9742 = EDGE_LOOP('',(#9743));
#9743 = ORIENTED_EDGE('',*,*,#9744,.T.);
#9744 = EDGE_CURVE('',#9745,#9745,#9747,.T.);
#9745 = VERTEX_POINT('',#9746);
#9746 = CARTESIAN_POINT('',(133.65,-125.92,1.51));
#9747 = CIRCLE('',#9748,0.45);
#9748 = AXIS2_PLACEMENT_3D('',#9749,#9750,#9751);
#9749 = CARTESIAN_POINT('',(133.65,-125.47,1.51));
#9750 = DIRECTION('',(-0.,0.,-1.));
#9751 = DIRECTION('',(6.315935428978E-14,-1.,-0.));
#9752 = FACE_BOUND('',#9753,.T.);
#9753 = EDGE_LOOP('',(#9754));
#9754 = ORIENTED_EDGE('',*,*,#9755,.T.);
#9755 = EDGE_CURVE('',#9756,#9756,#9758,.T.);
#9756 = VERTEX_POINT('',#9757);
#9757 = CARTESIAN_POINT('',(133.65,-123.38,1.51));
#9758 = CIRCLE('',#9759,0.45);
#9759 = AXIS2_PLACEMENT_3D('',#9760,#9761,#9762);
#9760 = CARTESIAN_POINT('',(133.65,-122.93,1.51));
#9761 = DIRECTION('',(-0.,0.,-1.));
#9762 = DIRECTION('',(6.315935428978E-14,-1.,-0.));
#9763 = FACE_BOUND('',#9764,.T.);
#9764 = EDGE_LOOP('',(#9765));
#9765 = ORIENTED_EDGE('',*,*,#9766,.T.);
#9766 = EDGE_CURVE('',#9767,#9767,#9769,.T.);
#9767 = VERTEX_POINT('',#9768);
#9768 = CARTESIAN_POINT('',(133.65,-120.84,1.51));
#9769 = CIRCLE('',#9770,0.45);
#9770 = AXIS2_PLACEMENT_3D('',#9771,#9772,#9773);
#9771 = CARTESIAN_POINT('',(133.65,-120.39,1.51));
#9772 = DIRECTION('',(-0.,0.,-1.));
#9773 = DIRECTION('',(6.315935428978E-14,-1.,-0.));
#9774 = FACE_BOUND('',#9775,.T.);
#9775 = EDGE_LOOP('',(#9776));
#9776 = ORIENTED_EDGE('',*,*,#9777,.T.);
#9777 = EDGE_CURVE('',#9778,#9778,#9780,.T.);
#9778 = VERTEX_POINT('',#9779);
#9779 = CARTESIAN_POINT('',(133.65,-118.3,1.51));
#9780 = CIRCLE('',#9781,0.45);
#9781 = AXIS2_PLACEMENT_3D('',#9782,#9783,#9784);
#9782 = CARTESIAN_POINT('',(133.65,-117.85,1.51));
#9783 = DIRECTION('',(-0.,0.,-1.));
#9784 = DIRECTION('',(6.315935428978E-14,-1.,-0.));
#9785 = FACE_BOUND('',#9786,.T.);
#9786 = EDGE_LOOP('',(#9787));
#9787 = ORIENTED_EDGE('',*,*,#9788,.T.);
#9788 = EDGE_CURVE('',#9789,#9789,#9791,.T.);
#9789 = VERTEX_POINT('',#9790);
#9790 = CARTESIAN_POINT('',(133.65,-115.76,1.51));
#9791 = CIRCLE('',#9792,0.45);
#9792 = AXIS2_PLACEMENT_3D('',#9793,#9794,#9795);
#9793 = CARTESIAN_POINT('',(133.65,-115.31,1.51));
#9794 = DIRECTION('',(-0.,0.,-1.));
#9795 = DIRECTION('',(6.315935428978E-14,-1.,-0.));
#9796 = FACE_BOUND('',#9797,.T.);
#9797 = EDGE_LOOP('',(#9798));
#9798 = ORIENTED_EDGE('',*,*,#9799,.T.);
#9799 = EDGE_CURVE('',#9800,#9800,#9802,.T.);
#9800 = VERTEX_POINT('',#9801);
#9801 = CARTESIAN_POINT('',(133.65,-113.22,1.51));
#9802 = CIRCLE('',#9803,0.45);
#9803 = AXIS2_PLACEMENT_3D('',#9804,#9805,#9806);
#9804 = CARTESIAN_POINT('',(133.65,-112.77,1.51));
#9805 = DIRECTION('',(-0.,0.,-1.));
#9806 = DIRECTION('',(6.315935428978E-14,-1.,-0.));
#9807 = FACE_BOUND('',#9808,.T.);
#9808 = EDGE_LOOP('',(#9809));
#9809 = ORIENTED_EDGE('',*,*,#9810,.T.);
#9810 = EDGE_CURVE('',#9811,#9811,#9813,.T.);
#9811 = VERTEX_POINT('',#9812);
#9812 = CARTESIAN_POINT('',(133.65,-110.68,1.51));
#9813 = CIRCLE('',#9814,0.45);
#9814 = AXIS2_PLACEMENT_3D('',#9815,#9816,#9817);
#9815 = CARTESIAN_POINT('',(133.65,-110.23,1.51));
#9816 = DIRECTION('',(-0.,0.,-1.));
#9817 = DIRECTION('',(6.315935428978E-14,-1.,-0.));
#9818 = FACE_BOUND('',#9819,.T.);
#9819 = EDGE_LOOP('',(#9820));
#9820 = ORIENTED_EDGE('',*,*,#9821,.T.);
#9821 = EDGE_CURVE('',#9822,#9822,#9824,.T.);
#9822 = VERTEX_POINT('',#9823);
#9823 = CARTESIAN_POINT('',(133.65,-108.14,1.51));
#9824 = CIRCLE('',#9825,0.45);
#9825 = AXIS2_PLACEMENT_3D('',#9826,#9827,#9828);
#9826 = CARTESIAN_POINT('',(133.65,-107.69,1.51));
#9827 = DIRECTION('',(-0.,0.,-1.));
#9828 = DIRECTION('',(6.315935428978E-14,-1.,-0.));
#9829 = FACE_BOUND('',#9830,.T.);
#9830 = EDGE_LOOP('',(#9831));
#9831 = ORIENTED_EDGE('',*,*,#9832,.T.);
#9832 = EDGE_CURVE('',#9833,#9833,#9835,.T.);
#9833 = VERTEX_POINT('',#9834);
#9834 = CARTESIAN_POINT('',(51.3,-100.25,1.51));
#9835 = CIRCLE('',#9836,2.25);
#9836 = AXIS2_PLACEMENT_3D('',#9837,#9838,#9839);
#9837 = CARTESIAN_POINT('',(51.3,-98.,1.51));
#9838 = DIRECTION('',(-0.,0.,-1.));
#9839 = DIRECTION('',(-0.,-1.,0.));
#9840 = FACE_BOUND('',#9841,.T.);
#9841 = EDGE_LOOP('',(#9842));
#9842 = ORIENTED_EDGE('',*,*,#9843,.T.);
#9843 = EDGE_CURVE('',#9844,#9844,#9846,.T.);
#9844 = VERTEX_POINT('',#9845);
#9845 = CARTESIAN_POINT('',(58.5,-100.25,1.51));
#9846 = CIRCLE('',#9847,2.25);
#9847 = AXIS2_PLACEMENT_3D('',#9848,#9849,#9850);
#9848 = CARTESIAN_POINT('',(58.5,-98.,1.51));
#9849 = DIRECTION('',(-0.,0.,-1.));
#9850 = DIRECTION('',(-0.,-1.,0.));
#9851 = FACE_BOUND('',#9852,.T.);
#9852 = EDGE_LOOP('',(#9853));
#9853 = ORIENTED_EDGE('',*,*,#9854,.T.);
#9854 = EDGE_CURVE('',#9855,#9855,#9857,.T.);
#9855 = VERTEX_POINT('',#9856);
#9856 = CARTESIAN_POINT('',(51.4,-90.75,1.51));
#9857 = CIRCLE('',#9858,2.25);
#9858 = AXIS2_PLACEMENT_3D('',#9859,#9860,#9861);
#9859 = CARTESIAN_POINT('',(51.4,-88.5,1.51));
#9860 = DIRECTION('',(-0.,0.,-1.));
#9861 = DIRECTION('',(-0.,-1.,0.));
#9862 = FACE_BOUND('',#9863,.T.);
#9863 = EDGE_LOOP('',(#9864));
#9864 = ORIENTED_EDGE('',*,*,#9865,.T.);
#9865 = EDGE_CURVE('',#9866,#9866,#9868,.T.);
#9866 = VERTEX_POINT('',#9867);
#9867 = CARTESIAN_POINT('',(58.6,-90.75,1.51));
#9868 = CIRCLE('',#9869,2.25);
#9869 = AXIS2_PLACEMENT_3D('',#9870,#9871,#9872);
#9870 = CARTESIAN_POINT('',(58.6,-88.5,1.51));
#9871 = DIRECTION('',(-0.,0.,-1.));
#9872 = DIRECTION('',(-0.,-1.,0.));
#9873 = FACE_BOUND('',#9874,.T.);
#9874 = EDGE_LOOP('',(#9875));
#9875 = ORIENTED_EDGE('',*,*,#9876,.T.);
#9876 = EDGE_CURVE('',#9877,#9877,#9879,.T.);
#9877 = VERTEX_POINT('',#9878);
#9878 = CARTESIAN_POINT('',(77.25,-105.7,1.51));
#9879 = CIRCLE('',#9880,0.7);
#9880 = AXIS2_PLACEMENT_3D('',#9881,#9882,#9883);
#9881 = CARTESIAN_POINT('',(77.25,-105.,1.51));
#9882 = DIRECTION('',(-0.,0.,-1.));
#9883 = DIRECTION('',(-0.,-1.,0.));
#9884 = FACE_BOUND('',#9885,.T.);
#9885 = EDGE_LOOP('',(#9886));
#9886 = ORIENTED_EDGE('',*,*,#9887,.T.);
#9887 = EDGE_CURVE('',#9888,#9888,#9890,.T.);
#9888 = VERTEX_POINT('',#9889);
#9889 = CARTESIAN_POINT('',(77.5,-98.6,1.51));
#9890 = CIRCLE('',#9891,1.35);
#9891 = AXIS2_PLACEMENT_3D('',#9892,#9893,#9894);
#9892 = CARTESIAN_POINT('',(77.5,-97.25,1.51));
#9893 = DIRECTION('',(-0.,0.,-1.));
#9894 = DIRECTION('',(-0.,-1.,0.));
#9895 = FACE_BOUND('',#9896,.T.);
#9896 = EDGE_LOOP('',(#9897));
#9897 = ORIENTED_EDGE('',*,*,#9898,.T.);
#9898 = EDGE_CURVE('',#9899,#9899,#9901,.T.);
#9899 = VERTEX_POINT('',#9900);
#9900 = CARTESIAN_POINT('',(82.75,-105.7,1.51));
#9901 = CIRCLE('',#9902,0.7);
#9902 = AXIS2_PLACEMENT_3D('',#9903,#9904,#9905);
#9903 = CARTESIAN_POINT('',(82.75,-105.,1.51));
#9904 = DIRECTION('',(-0.,0.,-1.));
#9905 = DIRECTION('',(-0.,-1.,0.));
#9906 = FACE_BOUND('',#9907,.T.);
#9907 = EDGE_LOOP('',(#9908));
#9908 = ORIENTED_EDGE('',*,*,#9909,.T.);
#9909 = EDGE_CURVE('',#9910,#9910,#9912,.T.);
#9910 = VERTEX_POINT('',#9911);
#9911 = CARTESIAN_POINT('',(82.5,-98.6,1.51));
#9912 = CIRCLE('',#9913,1.35);
#9913 = AXIS2_PLACEMENT_3D('',#9914,#9915,#9916);
#9914 = CARTESIAN_POINT('',(82.5,-97.25,1.51));
#9915 = DIRECTION('',(-0.,0.,-1.));
#9916 = DIRECTION('',(-0.,-1.,0.));
#9917 = FACE_BOUND('',#9918,.T.);
#9918 = EDGE_LOOP('',(#9919));
#9919 = ORIENTED_EDGE('',*,*,#9920,.T.);
#9920 = EDGE_CURVE('',#9921,#9921,#9923,.T.);
#9921 = VERTEX_POINT('',#9922);
#9922 = CARTESIAN_POINT('',(90.42,-96.25,1.51));
#9923 = CIRCLE('',#9924,0.5);
#9924 = AXIS2_PLACEMENT_3D('',#9925,#9926,#9927);
#9925 = CARTESIAN_POINT('',(90.42,-95.75,1.51));
#9926 = DIRECTION('',(-0.,0.,-1.));
#9927 = DIRECTION('',(-0.,-1.,0.));
#9928 = FACE_BOUND('',#9929,.T.);
#9929 = EDGE_LOOP('',(#9930));
#9930 = ORIENTED_EDGE('',*,*,#9931,.T.);
#9931 = EDGE_CURVE('',#9932,#9932,#9934,.T.);
#9932 = VERTEX_POINT('',#9933);
#9933 = CARTESIAN_POINT('',(77.11,-87.381,1.51));
#9934 = CIRCLE('',#9935,0.381);
#9935 = AXIS2_PLACEMENT_3D('',#9936,#9937,#9938);
#9936 = CARTESIAN_POINT('',(77.11,-87.,1.51));
#9937 = DIRECTION('',(-0.,0.,-1.));
#9938 = DIRECTION('',(-0.,-1.,0.));
#9939 = FACE_BOUND('',#9940,.T.);
#9940 = EDGE_LOOP('',(#9941));
#9941 = ORIENTED_EDGE('',*,*,#9942,.T.);
#9942 = EDGE_CURVE('',#9943,#9943,#9945,.T.);
#9943 = VERTEX_POINT('',#9944);
#9944 = CARTESIAN_POINT('',(77.11,-84.841,1.51));
#9945 = CIRCLE('',#9946,0.381);
#9946 = AXIS2_PLACEMENT_3D('',#9947,#9948,#9949);
#9947 = CARTESIAN_POINT('',(77.11,-84.46,1.51));
#9948 = DIRECTION('',(-0.,0.,-1.));
#9949 = DIRECTION('',(-0.,-1.,0.));
#9950 = FACE_BOUND('',#9951,.T.);
#9951 = EDGE_LOOP('',(#9952));
#9952 = ORIENTED_EDGE('',*,*,#9953,.T.);
#9953 = EDGE_CURVE('',#9954,#9954,#9956,.T.);
#9954 = VERTEX_POINT('',#9955);
#9955 = CARTESIAN_POINT('',(77.11,-82.301,1.51));
#9956 = CIRCLE('',#9957,0.381);
#9957 = AXIS2_PLACEMENT_3D('',#9958,#9959,#9960);
#9958 = CARTESIAN_POINT('',(77.11,-81.92,1.51));
#9959 = DIRECTION('',(-0.,0.,-1.));
#9960 = DIRECTION('',(-0.,-1.,0.));
#9961 = FACE_BOUND('',#9962,.T.);
#9962 = EDGE_LOOP('',(#9963));
#9963 = ORIENTED_EDGE('',*,*,#9964,.T.);
#9964 = EDGE_CURVE('',#9965,#9965,#9967,.T.);
#9965 = VERTEX_POINT('',#9966);
#9966 = CARTESIAN_POINT('',(51.012473,-79.551037,1.51));
#9967 = CIRCLE('',#9968,2.25);
#9968 = AXIS2_PLACEMENT_3D('',#9969,#9970,#9971);
#9969 = CARTESIAN_POINT('',(51.012473,-77.301037,1.51));
#9970 = DIRECTION('',(-0.,0.,-1.));
#9971 = DIRECTION('',(-0.,-1.,0.));
#9972 = FACE_BOUND('',#9973,.T.);
#9973 = EDGE_LOOP('',(#9974));
#9974 = ORIENTED_EDGE('',*,*,#9975,.T.);
#9975 = EDGE_CURVE('',#9976,#9976,#9978,.T.);
#9976 = VERTEX_POINT('',#9977);
#9977 = CARTESIAN_POINT('',(58.212473,-79.551037,1.51));
#9978 = CIRCLE('',#9979,2.25);
#9979 = AXIS2_PLACEMENT_3D('',#9980,#9981,#9982);
#9980 = CARTESIAN_POINT('',(58.212473,-77.301037,1.51));
#9981 = DIRECTION('',(-0.,0.,-1.));
#9982 = DIRECTION('',(-0.,-1.,0.));
#9983 = FACE_BOUND('',#9984,.T.);
#9984 = EDGE_LOOP('',(#9985));
#9985 = ORIENTED_EDGE('',*,*,#9986,.T.);
#9986 = EDGE_CURVE('',#9987,#9987,#9989,.T.);
#9987 = VERTEX_POINT('',#9988);
#9988 = CARTESIAN_POINT('',(50.767429,-68.535896,1.51));
#9989 = CIRCLE('',#9990,2.25);
#9990 = AXIS2_PLACEMENT_3D('',#9991,#9992,#9993);
#9991 = CARTESIAN_POINT('',(50.767429,-66.285896,1.51));
#9992 = DIRECTION('',(-0.,0.,-1.));
#9993 = DIRECTION('',(-0.,-1.,0.));
#9994 = FACE_BOUND('',#9995,.T.);
#9995 = EDGE_LOOP('',(#9996));
#9996 = ORIENTED_EDGE('',*,*,#9997,.T.);
#9997 = EDGE_CURVE('',#9998,#9998,#10000,.T.);
#9998 = VERTEX_POINT('',#9999);
#9999 = CARTESIAN_POINT('',(57.967429,-68.535896,1.51));
#10000 = CIRCLE('',#10001,2.25);
#10001 = AXIS2_PLACEMENT_3D('',#10002,#10003,#10004);
#10002 = CARTESIAN_POINT('',(57.967429,-66.285896,1.51));
#10003 = DIRECTION('',(-0.,0.,-1.));
#10004 = DIRECTION('',(-0.,-1.,0.));
#10005 = FACE_BOUND('',#10006,.T.);
#10006 = EDGE_LOOP('',(#10007));
#10007 = ORIENTED_EDGE('',*,*,#10008,.T.);
#10008 = EDGE_CURVE('',#10009,#10009,#10011,.T.);
#10009 = VERTEX_POINT('',#10010);
#10010 = CARTESIAN_POINT('',(69.13,-66.65,1.51));
#10011 = CIRCLE('',#10012,2.25);
#10012 = AXIS2_PLACEMENT_3D('',#10013,#10014,#10015);
#10013 = CARTESIAN_POINT('',(69.13,-64.4,1.51));
#10014 = DIRECTION('',(-0.,0.,-1.));
#10015 = DIRECTION('',(-0.,-1.,0.));
#10016 = FACE_BOUND('',#10017,.T.);
#10017 = EDGE_LOOP('',(#10018));
#10018 = ORIENTED_EDGE('',*,*,#10019,.T.);
#10019 = EDGE_CURVE('',#10020,#10020,#10022,.T.);
#10020 = VERTEX_POINT('',#10021);
#10021 = CARTESIAN_POINT('',(69.13,-59.45,1.51));
#10022 = CIRCLE('',#10023,2.25);
#10023 = AXIS2_PLACEMENT_3D('',#10024,#10025,#10026);
#10024 = CARTESIAN_POINT('',(69.13,-57.2,1.51));
#10025 = DIRECTION('',(-0.,0.,-1.));
#10026 = DIRECTION('',(-0.,-1.,0.));
#10027 = FACE_BOUND('',#10028,.T.);
#10028 = EDGE_LOOP('',(#10029));
#10029 = ORIENTED_EDGE('',*,*,#10030,.T.);
#10030 = EDGE_CURVE('',#10031,#10031,#10033,.T.);
#10031 = VERTEX_POINT('',#10032);
#10032 = CARTESIAN_POINT('',(77.11,-79.761,1.51));
#10033 = CIRCLE('',#10034,0.381);
#10034 = AXIS2_PLACEMENT_3D('',#10035,#10036,#10037);
#10035 = CARTESIAN_POINT('',(77.11,-79.38,1.51));
#10036 = DIRECTION('',(-0.,0.,-1.));
#10037 = DIRECTION('',(-0.,-1.,0.));
#10038 = FACE_BOUND('',#10039,.T.);
#10039 = EDGE_LOOP('',(#10040));
#10040 = ORIENTED_EDGE('',*,*,#10041,.T.);
#10041 = EDGE_CURVE('',#10042,#10042,#10044,.T.);
#10042 = VERTEX_POINT('',#10043);
#10043 = CARTESIAN_POINT('',(77.11,-77.221,1.51));
#10044 = CIRCLE('',#10045,0.381);
#10045 = AXIS2_PLACEMENT_3D('',#10046,#10047,#10048);
#10046 = CARTESIAN_POINT('',(77.11,-76.84,1.51));
#10047 = DIRECTION('',(-0.,0.,-1.));
#10048 = DIRECTION('',(-0.,-1.,0.));
#10049 = FACE_BOUND('',#10050,.T.);
#10050 = EDGE_LOOP('',(#10051));
#10051 = ORIENTED_EDGE('',*,*,#10052,.T.);
#10052 = EDGE_CURVE('',#10053,#10053,#10055,.T.);
#10053 = VERTEX_POINT('',#10054);
#10054 = CARTESIAN_POINT('',(70.5,-75.6,1.51));
#10055 = CIRCLE('',#10056,1.6);
#10056 = AXIS2_PLACEMENT_3D('',#10057,#10058,#10059);
#10057 = CARTESIAN_POINT('',(70.5,-74.,1.51));
#10058 = DIRECTION('',(-0.,0.,-1.));
#10059 = DIRECTION('',(-0.,-1.,0.));
#10060 = FACE_BOUND('',#10061,.T.);
#10061 = EDGE_LOOP('',(#10062));
#10062 = ORIENTED_EDGE('',*,*,#10063,.F.);
#10063 = EDGE_CURVE('',#10064,#10064,#10066,.T.);
#10064 = VERTEX_POINT('',#10065);
#10065 = CARTESIAN_POINT('',(79.23,-73.05,1.51));
#10066 = CIRCLE('',#10067,1.09);
#10067 = AXIS2_PLACEMENT_3D('',#10068,#10069,#10070);
#10068 = CARTESIAN_POINT('',(78.14,-73.05,1.51));
#10069 = DIRECTION('',(0.,0.,1.));
#10070 = DIRECTION('',(1.,0.,-0.));
#10071 = FACE_BOUND('',#10072,.T.);
#10072 = EDGE_LOOP('',(#10073));
#10073 = ORIENTED_EDGE('',*,*,#10074,.T.);
#10074 = EDGE_CURVE('',#10075,#10075,#10077,.T.);
#10075 = VERTEX_POINT('',#10076);
#10076 = CARTESIAN_POINT('',(81.11,-66.56,1.51));
#10077 = CIRCLE('',#10078,2.25);
#10078 = AXIS2_PLACEMENT_3D('',#10079,#10080,#10081);
#10079 = CARTESIAN_POINT('',(81.11,-64.31,1.51));
#10080 = DIRECTION('',(-0.,0.,-1.));
#10081 = DIRECTION('',(-0.,-1.,0.));
#10082 = FACE_BOUND('',#10083,.T.);
#10083 = EDGE_LOOP('',(#10084));
#10084 = ORIENTED_EDGE('',*,*,#10085,.T.);
#10085 = EDGE_CURVE('',#10086,#10086,#10088,.T.);
#10086 = VERTEX_POINT('',#10087);
#10087 = CARTESIAN_POINT('',(81.11,-59.36,1.51));
#10088 = CIRCLE('',#10089,2.25);
#10089 = AXIS2_PLACEMENT_3D('',#10090,#10091,#10092);
#10090 = CARTESIAN_POINT('',(81.11,-57.11,1.51));
#10091 = DIRECTION('',(-0.,0.,-1.));
#10092 = DIRECTION('',(-0.,-1.,0.));
#10093 = FACE_BOUND('',#10094,.T.);
#10094 = EDGE_LOOP('',(#10095));
#10095 = ORIENTED_EDGE('',*,*,#10096,.T.);
#10096 = EDGE_CURVE('',#10097,#10097,#10099,.T.);
#10097 = VERTEX_POINT('',#10098);
#10098 = CARTESIAN_POINT('',(92.96,-96.25,1.51));
#10099 = CIRCLE('',#10100,0.5);
#10100 = AXIS2_PLACEMENT_3D('',#10101,#10102,#10103);
#10101 = CARTESIAN_POINT('',(92.96,-95.75,1.51));
#10102 = DIRECTION('',(-0.,0.,-1.));
#10103 = DIRECTION('',(-0.,-1.,0.));
#10104 = FACE_BOUND('',#10105,.T.);
#10105 = EDGE_LOOP('',(#10106));
#10106 = ORIENTED_EDGE('',*,*,#10107,.T.);
#10107 = EDGE_CURVE('',#10108,#10108,#10110,.T.);
#10108 = VERTEX_POINT('',#10109);
#10109 = CARTESIAN_POINT('',(95.5,-96.25,1.51));
#10110 = CIRCLE('',#10111,0.5);
#10111 = AXIS2_PLACEMENT_3D('',#10112,#10113,#10114);
#10112 = CARTESIAN_POINT('',(95.5,-95.75,1.51));
#10113 = DIRECTION('',(-0.,0.,-1.));
#10114 = DIRECTION('',(-0.,-1.,0.));
#10115 = FACE_BOUND('',#10116,.T.);
#10116 = EDGE_LOOP('',(#10117));
#10117 = ORIENTED_EDGE('',*,*,#10118,.T.);
#10118 = EDGE_CURVE('',#10119,#10119,#10121,.T.);
#10119 = VERTEX_POINT('',#10120);
#10120 = CARTESIAN_POINT('',(98.04,-96.25,1.51));
#10121 = CIRCLE('',#10122,0.5);
#10122 = AXIS2_PLACEMENT_3D('',#10123,#10124,#10125);
#10123 = CARTESIAN_POINT('',(98.04,-95.75,1.51));
#10124 = DIRECTION('',(-0.,0.,-1.));
#10125 = DIRECTION('',(-0.,-1.,0.));
#10126 = FACE_BOUND('',#10127,.T.);
#10127 = EDGE_LOOP('',(#10128));
#10128 = ORIENTED_EDGE('',*,*,#10129,.T.);
#10129 = EDGE_CURVE('',#10130,#10130,#10132,.T.);
#10130 = VERTEX_POINT('',#10131);
#10131 = CARTESIAN_POINT('',(108.25,-105.6,1.51));
#10132 = CIRCLE('',#10133,0.45);
#10133 = AXIS2_PLACEMENT_3D('',#10134,#10135,#10136);
#10134 = CARTESIAN_POINT('',(108.25,-105.15,1.51));
#10135 = DIRECTION('',(-0.,0.,-1.));
#10136 = DIRECTION('',(-0.,-1.,0.));
#10137 = FACE_BOUND('',#10138,.T.);
#10138 = EDGE_LOOP('',(#10139));
#10139 = ORIENTED_EDGE('',*,*,#10140,.T.);
#10140 = EDGE_CURVE('',#10141,#10141,#10143,.T.);
#10141 = VERTEX_POINT('',#10142);
#10142 = CARTESIAN_POINT('',(108.25,-103.06,1.51));
#10143 = CIRCLE('',#10144,0.45);
#10144 = AXIS2_PLACEMENT_3D('',#10145,#10146,#10147);
#10145 = CARTESIAN_POINT('',(108.25,-102.61,1.51));
#10146 = DIRECTION('',(-0.,0.,-1.));
#10147 = DIRECTION('',(-0.,-1.,0.));
#10148 = FACE_BOUND('',#10149,.T.);
#10149 = EDGE_LOOP('',(#10150));
#10150 = ORIENTED_EDGE('',*,*,#10151,.T.);
#10151 = EDGE_CURVE('',#10152,#10152,#10154,.T.);
#10152 = VERTEX_POINT('',#10153);
#10153 = CARTESIAN_POINT('',(108.25,-100.52,1.51));
#10154 = CIRCLE('',#10155,0.45);
#10155 = AXIS2_PLACEMENT_3D('',#10156,#10157,#10158);
#10156 = CARTESIAN_POINT('',(108.25,-100.07,1.51));
#10157 = DIRECTION('',(-0.,0.,-1.));
#10158 = DIRECTION('',(-0.,-1.,0.));
#10159 = FACE_BOUND('',#10160,.T.);
#10160 = EDGE_LOOP('',(#10161));
#10161 = ORIENTED_EDGE('',*,*,#10162,.T.);
#10162 = EDGE_CURVE('',#10163,#10163,#10165,.T.);
#10163 = VERTEX_POINT('',#10164);
#10164 = CARTESIAN_POINT('',(108.25,-97.98,1.51));
#10165 = CIRCLE('',#10166,0.45);
#10166 = AXIS2_PLACEMENT_3D('',#10167,#10168,#10169);
#10167 = CARTESIAN_POINT('',(108.25,-97.53,1.51));
#10168 = DIRECTION('',(-0.,0.,-1.));
#10169 = DIRECTION('',(-0.,-1.,0.));
#10170 = FACE_BOUND('',#10171,.T.);
#10171 = EDGE_LOOP('',(#10172));
#10172 = ORIENTED_EDGE('',*,*,#10173,.T.);
#10173 = EDGE_CURVE('',#10174,#10174,#10176,.T.);
#10174 = VERTEX_POINT('',#10175);
#10175 = CARTESIAN_POINT('',(108.25,-95.44,1.51));
#10176 = CIRCLE('',#10177,0.45);
#10177 = AXIS2_PLACEMENT_3D('',#10178,#10179,#10180);
#10178 = CARTESIAN_POINT('',(108.25,-94.99,1.51));
#10179 = DIRECTION('',(-0.,0.,-1.));
#10180 = DIRECTION('',(-0.,-1.,0.));
#10181 = FACE_BOUND('',#10182,.T.);
#10182 = EDGE_LOOP('',(#10183));
#10183 = ORIENTED_EDGE('',*,*,#10184,.F.);
#10184 = EDGE_CURVE('',#10185,#10185,#10187,.T.);
#10185 = VERTEX_POINT('',#10186);
#10186 = CARTESIAN_POINT('',(95.23,-86.55,1.51));
#10187 = CIRCLE('',#10188,1.09);
#10188 = AXIS2_PLACEMENT_3D('',#10189,#10190,#10191);
#10189 = CARTESIAN_POINT('',(94.14,-86.55,1.51));
#10190 = DIRECTION('',(0.,0.,1.));
#10191 = DIRECTION('',(1.,0.,-0.));
#10192 = FACE_BOUND('',#10193,.T.);
#10193 = EDGE_LOOP('',(#10194));
#10194 = ORIENTED_EDGE('',*,*,#10195,.T.);
#10195 = EDGE_CURVE('',#10196,#10196,#10198,.T.);
#10196 = VERTEX_POINT('',#10197);
#10197 = CARTESIAN_POINT('',(108.25,-92.9,1.51));
#10198 = CIRCLE('',#10199,0.45);
#10199 = AXIS2_PLACEMENT_3D('',#10200,#10201,#10202);
#10200 = CARTESIAN_POINT('',(108.25,-92.45,1.51));
#10201 = DIRECTION('',(-0.,0.,-1.));
#10202 = DIRECTION('',(-0.,-1.,0.));
#10203 = FACE_BOUND('',#10204,.T.);
#10204 = EDGE_LOOP('',(#10205));
#10205 = ORIENTED_EDGE('',*,*,#10206,.T.);
#10206 = EDGE_CURVE('',#10207,#10207,#10209,.T.);
#10207 = VERTEX_POINT('',#10208);
#10208 = CARTESIAN_POINT('',(108.25,-90.36,1.51));
#10209 = CIRCLE('',#10210,0.45);
#10210 = AXIS2_PLACEMENT_3D('',#10211,#10212,#10213);
#10211 = CARTESIAN_POINT('',(108.25,-89.91,1.51));
#10212 = DIRECTION('',(-0.,0.,-1.));
#10213 = DIRECTION('',(-0.,-1.,0.));
#10214 = FACE_BOUND('',#10215,.T.);
#10215 = EDGE_LOOP('',(#10216));
#10216 = ORIENTED_EDGE('',*,*,#10217,.T.);
#10217 = EDGE_CURVE('',#10218,#10218,#10220,.T.);
#10218 = VERTEX_POINT('',#10219);
#10219 = CARTESIAN_POINT('',(108.25,-87.82,1.51));
#10220 = CIRCLE('',#10221,0.45);
#10221 = AXIS2_PLACEMENT_3D('',#10222,#10223,#10224);
#10222 = CARTESIAN_POINT('',(108.25,-87.37,1.51));
#10223 = DIRECTION('',(-0.,0.,-1.));
#10224 = DIRECTION('',(-0.,-1.,0.));
#10225 = FACE_BOUND('',#10226,.T.);
#10226 = EDGE_LOOP('',(#10227));
#10227 = ORIENTED_EDGE('',*,*,#10228,.T.);
#10228 = EDGE_CURVE('',#10229,#10229,#10231,.T.);
#10229 = VERTEX_POINT('',#10230);
#10230 = CARTESIAN_POINT('',(108.25,-85.28,1.51));
#10231 = CIRCLE('',#10232,0.45);
#10232 = AXIS2_PLACEMENT_3D('',#10233,#10234,#10235);
#10233 = CARTESIAN_POINT('',(108.25,-84.83,1.51));
#10234 = DIRECTION('',(-0.,0.,-1.));
#10235 = DIRECTION('',(-0.,-1.,0.));
#10236 = FACE_BOUND('',#10237,.T.);
#10237 = EDGE_LOOP('',(#10238));
#10238 = ORIENTED_EDGE('',*,*,#10239,.T.);
#10239 = EDGE_CURVE('',#10240,#10240,#10242,.T.);
#10240 = VERTEX_POINT('',#10241);
#10241 = CARTESIAN_POINT('',(108.25,-82.74,1.51));
#10242 = CIRCLE('',#10243,0.45);
#10243 = AXIS2_PLACEMENT_3D('',#10244,#10245,#10246);
#10244 = CARTESIAN_POINT('',(108.25,-82.29,1.51));
#10245 = DIRECTION('',(-0.,0.,-1.));
#10246 = DIRECTION('',(-0.,-1.,0.));
#10247 = FACE_BOUND('',#10248,.T.);
#10248 = EDGE_LOOP('',(#10249));
#10249 = ORIENTED_EDGE('',*,*,#10250,.T.);
#10250 = EDGE_CURVE('',#10251,#10251,#10253,.T.);
#10251 = VERTEX_POINT('',#10252);
#10252 = CARTESIAN_POINT('',(133.65,-105.6,1.51));
#10253 = CIRCLE('',#10254,0.45);
#10254 = AXIS2_PLACEMENT_3D('',#10255,#10256,#10257);
#10255 = CARTESIAN_POINT('',(133.65,-105.15,1.51));
#10256 = DIRECTION('',(-0.,0.,-1.));
#10257 = DIRECTION('',(6.315935428978E-14,-1.,-0.));
#10258 = FACE_BOUND('',#10259,.T.);
#10259 = EDGE_LOOP('',(#10260));
#10260 = ORIENTED_EDGE('',*,*,#10261,.T.);
#10261 = EDGE_CURVE('',#10262,#10262,#10264,.T.);
#10262 = VERTEX_POINT('',#10263);
#10263 = CARTESIAN_POINT('',(133.65,-103.06,1.51));
#10264 = CIRCLE('',#10265,0.45);
#10265 = AXIS2_PLACEMENT_3D('',#10266,#10267,#10268);
#10266 = CARTESIAN_POINT('',(133.65,-102.61,1.51));
#10267 = DIRECTION('',(-0.,0.,-1.));
#10268 = DIRECTION('',(6.315935428978E-14,-1.,-0.));
#10269 = FACE_BOUND('',#10270,.T.);
#10270 = EDGE_LOOP('',(#10271));
#10271 = ORIENTED_EDGE('',*,*,#10272,.T.);
#10272 = EDGE_CURVE('',#10273,#10273,#10275,.T.);
#10273 = VERTEX_POINT('',#10274);
#10274 = CARTESIAN_POINT('',(133.65,-100.52,1.51));
#10275 = CIRCLE('',#10276,0.45);
#10276 = AXIS2_PLACEMENT_3D('',#10277,#10278,#10279);
#10277 = CARTESIAN_POINT('',(133.65,-100.07,1.51));
#10278 = DIRECTION('',(-0.,0.,-1.));
#10279 = DIRECTION('',(6.315935428978E-14,-1.,-0.));
#10280 = FACE_BOUND('',#10281,.T.);
#10281 = EDGE_LOOP('',(#10282));
#10282 = ORIENTED_EDGE('',*,*,#10283,.T.);
#10283 = EDGE_CURVE('',#10284,#10284,#10286,.T.);
#10284 = VERTEX_POINT('',#10285);
#10285 = CARTESIAN_POINT('',(133.65,-97.98,1.51));
#10286 = CIRCLE('',#10287,0.45);
#10287 = AXIS2_PLACEMENT_3D('',#10288,#10289,#10290);
#10288 = CARTESIAN_POINT('',(133.65,-97.53,1.51));
#10289 = DIRECTION('',(-0.,0.,-1.));
#10290 = DIRECTION('',(6.315935428978E-14,-1.,-0.));
#10291 = FACE_BOUND('',#10292,.T.);
#10292 = EDGE_LOOP('',(#10293));
#10293 = ORIENTED_EDGE('',*,*,#10294,.T.);
#10294 = EDGE_CURVE('',#10295,#10295,#10297,.T.);
#10295 = VERTEX_POINT('',#10296);
#10296 = CARTESIAN_POINT('',(133.65,-95.44,1.51));
#10297 = CIRCLE('',#10298,0.45);
#10298 = AXIS2_PLACEMENT_3D('',#10299,#10300,#10301);
#10299 = CARTESIAN_POINT('',(133.65,-94.99,1.51));
#10300 = DIRECTION('',(-0.,0.,-1.));
#10301 = DIRECTION('',(6.315935428978E-14,-1.,-0.));
#10302 = FACE_BOUND('',#10303,.T.);
#10303 = EDGE_LOOP('',(#10304));
#10304 = ORIENTED_EDGE('',*,*,#10305,.T.);
#10305 = EDGE_CURVE('',#10306,#10306,#10308,.T.);
#10306 = VERTEX_POINT('',#10307);
#10307 = CARTESIAN_POINT('',(133.65,-92.9,1.51));
#10308 = CIRCLE('',#10309,0.45);
#10309 = AXIS2_PLACEMENT_3D('',#10310,#10311,#10312);
#10310 = CARTESIAN_POINT('',(133.65,-92.45,1.51));
#10311 = DIRECTION('',(-0.,0.,-1.));
#10312 = DIRECTION('',(6.315935428978E-14,-1.,-0.));
#10313 = FACE_BOUND('',#10314,.T.);
#10314 = EDGE_LOOP('',(#10315));
#10315 = ORIENTED_EDGE('',*,*,#10316,.T.);
#10316 = EDGE_CURVE('',#10317,#10317,#10319,.T.);
#10317 = VERTEX_POINT('',#10318);
#10318 = CARTESIAN_POINT('',(133.65,-90.36,1.51));
#10319 = CIRCLE('',#10320,0.45);
#10320 = AXIS2_PLACEMENT_3D('',#10321,#10322,#10323);
#10321 = CARTESIAN_POINT('',(133.65,-89.91,1.51));
#10322 = DIRECTION('',(-0.,0.,-1.));
#10323 = DIRECTION('',(6.315935428978E-14,-1.,-0.));
#10324 = FACE_BOUND('',#10325,.T.);
#10325 = EDGE_LOOP('',(#10326));
#10326 = ORIENTED_EDGE('',*,*,#10327,.T.);
#10327 = EDGE_CURVE('',#10328,#10328,#10330,.T.);
#10328 = VERTEX_POINT('',#10329);
#10329 = CARTESIAN_POINT('',(133.65,-87.82,1.51));
#10330 = CIRCLE('',#10331,0.45);
#10331 = AXIS2_PLACEMENT_3D('',#10332,#10333,#10334);
#10332 = CARTESIAN_POINT('',(133.65,-87.37,1.51));
#10333 = DIRECTION('',(-0.,0.,-1.));
#10334 = DIRECTION('',(6.315935428978E-14,-1.,-0.));
#10335 = FACE_BOUND('',#10336,.T.);
#10336 = EDGE_LOOP('',(#10337));
#10337 = ORIENTED_EDGE('',*,*,#10338,.T.);
#10338 = EDGE_CURVE('',#10339,#10339,#10341,.T.);
#10339 = VERTEX_POINT('',#10340);
#10340 = CARTESIAN_POINT('',(133.65,-85.28,1.51));
#10341 = CIRCLE('',#10342,0.45);
#10342 = AXIS2_PLACEMENT_3D('',#10343,#10344,#10345);
#10343 = CARTESIAN_POINT('',(133.65,-84.83,1.51));
#10344 = DIRECTION('',(-0.,0.,-1.));
#10345 = DIRECTION('',(6.315935428978E-14,-1.,-0.));
#10346 = FACE_BOUND('',#10347,.T.);
#10347 = EDGE_LOOP('',(#10348));
#10348 = ORIENTED_EDGE('',*,*,#10349,.T.);
#10349 = EDGE_CURVE('',#10350,#10350,#10352,.T.);
#10350 = VERTEX_POINT('',#10351);
#10351 = CARTESIAN_POINT('',(133.65,-82.74,1.51));
#10352 = CIRCLE('',#10353,0.45);
#10353 = AXIS2_PLACEMENT_3D('',#10354,#10355,#10356);
#10354 = CARTESIAN_POINT('',(133.65,-82.29,1.51));
#10355 = DIRECTION('',(-0.,0.,-1.));
#10356 = DIRECTION('',(6.315935428978E-14,-1.,-0.));
#10357 = FACE_BOUND('',#10358,.T.);
#10358 = EDGE_LOOP('',(#10359));
#10359 = ORIENTED_EDGE('',*,*,#10360,.T.);
#10360 = EDGE_CURVE('',#10361,#10361,#10363,.T.);
#10361 = VERTEX_POINT('',#10362);
#10362 = CARTESIAN_POINT('',(108.25,-80.2,1.51));
#10363 = CIRCLE('',#10364,0.45);
#10364 = AXIS2_PLACEMENT_3D('',#10365,#10366,#10367);
#10365 = CARTESIAN_POINT('',(108.25,-79.75,1.51));
#10366 = DIRECTION('',(-0.,0.,-1.));
#10367 = DIRECTION('',(-0.,-1.,0.));
#10368 = FACE_BOUND('',#10369,.T.);
#10369 = EDGE_LOOP('',(#10370));
#10370 = ORIENTED_EDGE('',*,*,#10371,.T.);
#10371 = EDGE_CURVE('',#10372,#10372,#10374,.T.);
#10372 = VERTEX_POINT('',#10373);
#10373 = CARTESIAN_POINT('',(102.75,-75.6,1.51));
#10374 = CIRCLE('',#10375,1.6);
#10375 = AXIS2_PLACEMENT_3D('',#10376,#10377,#10378);
#10376 = CARTESIAN_POINT('',(102.75,-74.,1.51));
#10377 = DIRECTION('',(-0.,0.,-1.));
#10378 = DIRECTION('',(-0.,-1.,0.));
#10379 = FACE_BOUND('',#10380,.T.);
#10380 = EDGE_LOOP('',(#10381));
#10381 = ORIENTED_EDGE('',*,*,#10382,.T.);
#10382 = EDGE_CURVE('',#10383,#10383,#10385,.T.);
#10383 = VERTEX_POINT('',#10384);
#10384 = CARTESIAN_POINT('',(93.065,-64.7,1.51));
#10385 = CIRCLE('',#10386,0.7);
#10386 = AXIS2_PLACEMENT_3D('',#10387,#10388,#10389);
#10387 = CARTESIAN_POINT('',(93.065,-64.,1.51));
#10388 = DIRECTION('',(-0.,0.,-1.));
#10389 = DIRECTION('',(-0.,-1.,0.));
#10390 = FACE_BOUND('',#10391,.T.);
#10391 = EDGE_LOOP('',(#10392));
#10392 = ORIENTED_EDGE('',*,*,#10393,.T.);
#10393 = EDGE_CURVE('',#10394,#10394,#10396,.T.);
#10394 = VERTEX_POINT('',#10395);
#10395 = CARTESIAN_POINT('',(97.265,-64.7,1.51));
#10396 = CIRCLE('',#10397,0.7);
#10397 = AXIS2_PLACEMENT_3D('',#10398,#10399,#10400);
#10398 = CARTESIAN_POINT('',(97.265,-64.,1.51));
#10399 = DIRECTION('',(-0.,0.,-1.));
#10400 = DIRECTION('',(-0.,-1.,0.));
#10401 = FACE_BOUND('',#10402,.T.);
#10402 = EDGE_LOOP('',(#10403));
#10403 = ORIENTED_EDGE('',*,*,#10404,.T.);
#10404 = EDGE_CURVE('',#10405,#10405,#10407,.T.);
#10405 = VERTEX_POINT('',#10406);
#10406 = CARTESIAN_POINT('',(101.465,-64.7,1.51));
#10407 = CIRCLE('',#10408,0.7);
#10408 = AXIS2_PLACEMENT_3D('',#10409,#10410,#10411);
#10409 = CARTESIAN_POINT('',(101.465,-64.,1.51));
#10410 = DIRECTION('',(-0.,0.,-1.));
#10411 = DIRECTION('',(-0.,-1.,0.));
#10412 = FACE_BOUND('',#10413,.T.);
#10413 = EDGE_LOOP('',(#10414));
#10414 = ORIENTED_EDGE('',*,*,#10415,.T.);
#10415 = EDGE_CURVE('',#10416,#10416,#10418,.T.);
#10416 = VERTEX_POINT('',#10417);
#10417 = CARTESIAN_POINT('',(93.065,-59.2,1.51));
#10418 = CIRCLE('',#10419,0.7);
#10419 = AXIS2_PLACEMENT_3D('',#10420,#10421,#10422);
#10420 = CARTESIAN_POINT('',(93.065,-58.5,1.51));
#10421 = DIRECTION('',(-0.,0.,-1.));
#10422 = DIRECTION('',(-0.,-1.,0.));
#10423 = FACE_BOUND('',#10424,.T.);
#10424 = EDGE_LOOP('',(#10425));
#10425 = ORIENTED_EDGE('',*,*,#10426,.T.);
#10426 = EDGE_CURVE('',#10427,#10427,#10429,.T.);
#10427 = VERTEX_POINT('',#10428);
#10428 = CARTESIAN_POINT('',(97.265,-59.2,1.51));
#10429 = CIRCLE('',#10430,0.7);
#10430 = AXIS2_PLACEMENT_3D('',#10431,#10432,#10433);
#10431 = CARTESIAN_POINT('',(97.265,-58.5,1.51));
#10432 = DIRECTION('',(-0.,0.,-1.));
#10433 = DIRECTION('',(-0.,-1.,0.));
#10434 = FACE_BOUND('',#10435,.T.);
#10435 = EDGE_LOOP('',(#10436));
#10436 = ORIENTED_EDGE('',*,*,#10437,.T.);
#10437 = EDGE_CURVE('',#10438,#10438,#10440,.T.);
#10438 = VERTEX_POINT('',#10439);
#10439 = CARTESIAN_POINT('',(101.465,-59.2,1.51));
#10440 = CIRCLE('',#10441,0.7);
#10441 = AXIS2_PLACEMENT_3D('',#10442,#10443,#10444);
#10442 = CARTESIAN_POINT('',(101.465,-58.5,1.51));
#10443 = DIRECTION('',(-0.,0.,-1.));
#10444 = DIRECTION('',(-0.,-1.,0.));
#10445 = FACE_BOUND('',#10446,.T.);
#10446 = EDGE_LOOP('',(#10447));
#10447 = ORIENTED_EDGE('',*,*,#10448,.T.);
#10448 = EDGE_CURVE('',#10449,#10449,#10451,.T.);
#10449 = VERTEX_POINT('',#10450);
#10450 = CARTESIAN_POINT('',(105.665,-64.7,1.51));
#10451 = CIRCLE('',#10452,0.7);
#10452 = AXIS2_PLACEMENT_3D('',#10453,#10454,#10455);
#10453 = CARTESIAN_POINT('',(105.665,-64.,1.51));
#10454 = DIRECTION('',(-0.,0.,-1.));
#10455 = DIRECTION('',(2.030122102172E-14,-1.,-0.));
#10456 = FACE_BOUND('',#10457,.T.);
#10457 = EDGE_LOOP('',(#10458));
#10458 = ORIENTED_EDGE('',*,*,#10459,.T.);
#10459 = EDGE_CURVE('',#10460,#10460,#10462,.T.);
#10460 = VERTEX_POINT('',#10461);
#10461 = CARTESIAN_POINT('',(105.665,-59.2,1.51));
#10462 = CIRCLE('',#10463,0.7);
#10463 = AXIS2_PLACEMENT_3D('',#10464,#10465,#10466);
#10464 = CARTESIAN_POINT('',(105.665,-58.5,1.51));
#10465 = DIRECTION('',(-0.,0.,-1.));
#10466 = DIRECTION('',(2.030122102172E-14,-1.,-0.));
#10467 = FACE_BOUND('',#10468,.T.);
#10468 = EDGE_LOOP('',(#10469));
#10469 = ORIENTED_EDGE('',*,*,#10470,.T.);
#10470 = EDGE_CURVE('',#10471,#10471,#10473,.T.);
#10471 = VERTEX_POINT('',#10472);
#10472 = CARTESIAN_POINT('',(133.65,-80.2,1.51));
#10473 = CIRCLE('',#10474,0.45);
#10474 = AXIS2_PLACEMENT_3D('',#10475,#10476,#10477);
#10475 = CARTESIAN_POINT('',(133.65,-79.75,1.51));
#10476 = DIRECTION('',(-0.,0.,-1.));
#10477 = DIRECTION('',(6.315935428978E-14,-1.,-0.));
#10478 = FACE_BOUND('',#10479,.T.);
#10479 = EDGE_LOOP('',(#10480));
#10480 = ORIENTED_EDGE('',*,*,#10481,.T.);
#10481 = EDGE_CURVE('',#10482,#10482,#10484,.T.);
#10482 = VERTEX_POINT('',#10483);
#10483 = CARTESIAN_POINT('',(118.805,-63.95,1.51));
#10484 = CIRCLE('',#10485,0.7);
#10485 = AXIS2_PLACEMENT_3D('',#10486,#10487,#10488);
#10486 = CARTESIAN_POINT('',(118.805,-63.25,1.51));
#10487 = DIRECTION('',(-0.,0.,-1.));
#10488 = DIRECTION('',(-0.,-1.,0.));
#10489 = FACE_BOUND('',#10490,.T.);
#10490 = EDGE_LOOP('',(#10491));
#10491 = ORIENTED_EDGE('',*,*,#10492,.T.);
#10492 = EDGE_CURVE('',#10493,#10493,#10495,.T.);
#10493 = VERTEX_POINT('',#10494);
#10494 = CARTESIAN_POINT('',(123.005,-63.95,1.51));
#10495 = CIRCLE('',#10496,0.7);
#10496 = AXIS2_PLACEMENT_3D('',#10497,#10498,#10499);
#10497 = CARTESIAN_POINT('',(123.005,-63.25,1.51));
#10498 = DIRECTION('',(-0.,0.,-1.));
#10499 = DIRECTION('',(-0.,-1.,0.));
#10500 = FACE_BOUND('',#10501,.T.);
#10501 = EDGE_LOOP('',(#10502));
#10502 = ORIENTED_EDGE('',*,*,#10503,.T.);
#10503 = EDGE_CURVE('',#10504,#10504,#10506,.T.);
#10504 = VERTEX_POINT('',#10505);
#10505 = CARTESIAN_POINT('',(118.805,-58.45,1.51));
#10506 = CIRCLE('',#10507,0.7);
#10507 = AXIS2_PLACEMENT_3D('',#10508,#10509,#10510);
#10508 = CARTESIAN_POINT('',(118.805,-57.75,1.51));
#10509 = DIRECTION('',(-0.,0.,-1.));
#10510 = DIRECTION('',(-0.,-1.,0.));
#10511 = FACE_BOUND('',#10512,.T.);
#10512 = EDGE_LOOP('',(#10513));
#10513 = ORIENTED_EDGE('',*,*,#10514,.T.);
#10514 = EDGE_CURVE('',#10515,#10515,#10517,.T.);
#10515 = VERTEX_POINT('',#10516);
#10516 = CARTESIAN_POINT('',(123.005,-58.45,1.51));
#10517 = CIRCLE('',#10518,0.7);
#10518 = AXIS2_PLACEMENT_3D('',#10519,#10520,#10521);
#10519 = CARTESIAN_POINT('',(123.005,-57.75,1.51));
#10520 = DIRECTION('',(-0.,0.,-1.));
#10521 = DIRECTION('',(-0.,-1.,0.));
#10522 = FACE_BOUND('',#10523,.T.);
#10523 = EDGE_LOOP('',(#10524));
#10524 = ORIENTED_EDGE('',*,*,#10525,.T.);
#10525 = EDGE_CURVE('',#10526,#10526,#10528,.T.);
#10526 = VERTEX_POINT('',#10527);
#10527 = CARTESIAN_POINT('',(127.205,-63.95,1.51));
#10528 = CIRCLE('',#10529,0.7);
#10529 = AXIS2_PLACEMENT_3D('',#10530,#10531,#10532);
#10530 = CARTESIAN_POINT('',(127.205,-63.25,1.51));
#10531 = DIRECTION('',(-0.,0.,-1.));
#10532 = DIRECTION('',(-0.,-1.,0.));
#10533 = FACE_BOUND('',#10534,.T.);
#10534 = EDGE_LOOP('',(#10535));
#10535 = ORIENTED_EDGE('',*,*,#10536,.T.);
#10536 = EDGE_CURVE('',#10537,#10537,#10539,.T.);
#10537 = VERTEX_POINT('',#10538);
#10538 = CARTESIAN_POINT('',(127.205,-58.45,1.51));
#10539 = CIRCLE('',#10540,0.7);
#10540 = AXIS2_PLACEMENT_3D('',#10541,#10542,#10543);
#10541 = CARTESIAN_POINT('',(127.205,-57.75,1.51));
#10542 = DIRECTION('',(-0.,0.,-1.));
#10543 = DIRECTION('',(-0.,-1.,0.));
#10544 = PLANE('',#10545);
#10545 = AXIS2_PLACEMENT_3D('',#10546,#10547,#10548);
#10546 = CARTESIAN_POINT('',(0.,0.,1.51));
#10547 = DIRECTION('',(0.,0.,1.));
#10548 = DIRECTION('',(1.,0.,-0.));
#10549 = ADVANCED_FACE('',(#10550),#10556,.T.);
#10550 = FACE_BOUND('',#10551,.T.);
#10551 = EDGE_LOOP('',(#10552,#10553,#10554,#10555));
#10552 = ORIENTED_EDGE('',*,*,#7923,.T.);
#10553 = ORIENTED_EDGE('',*,*,#9251,.T.);
#10554 = ORIENTED_EDGE('',*,*,#7883,.F.);
#10555 = ORIENTED_EDGE('',*,*,#7947,.F.);
#10556 = PLANE('',#10557);
#10557 = AXIS2_PLACEMENT_3D('',#10558,#10559,#10560);
#10558 = CARTESIAN_POINT('',(45.8,-51.6,0.));
#10559 = DIRECTION('',(0.,1.,0.));
#10560 = DIRECTION('',(1.,0.,0.));
#10561 = ADVANCED_FACE('',(#10562),#10573,.F.);
#10562 = FACE_BOUND('',#10563,.T.);
#10563 = EDGE_LOOP('',(#10564,#10565,#10571,#10572));
#10564 = ORIENTED_EDGE('',*,*,#7956,.T.);
#10565 = ORIENTED_EDGE('',*,*,#10566,.T.);
#10566 = EDGE_CURVE('',#7957,#9261,#10567,.T.);
#10567 = LINE('',#10568,#10569);
#10568 = CARTESIAN_POINT('',(51.,-157.1,-4.6E-02));
#10569 = VECTOR('',#10570,1.);
#10570 = DIRECTION('',(0.,0.,1.));
#10571 = ORIENTED_EDGE('',*,*,#9260,.F.);
#10572 = ORIENTED_EDGE('',*,*,#10566,.F.);
#10573 = CYLINDRICAL_SURFACE('',#10574,1.6);
#10574 = AXIS2_PLACEMENT_3D('',#10575,#10576,#10577);
#10575 = CARTESIAN_POINT('',(51.,-155.5,-4.6E-02));
#10576 = DIRECTION('',(-0.,-0.,-1.));
#10577 = DIRECTION('',(-0.,-1.,0.));
#10578 = ADVANCED_FACE('',(#10579),#10590,.F.);
#10579 = FACE_BOUND('',#10580,.T.);
#10580 = EDGE_LOOP('',(#10581,#10582,#10588,#10589));
#10581 = ORIENTED_EDGE('',*,*,#7967,.T.);
#10582 = ORIENTED_EDGE('',*,*,#10583,.T.);
#10583 = EDGE_CURVE('',#7968,#9272,#10584,.T.);
#10584 = LINE('',#10585,#10586);
#10585 = CARTESIAN_POINT('',(51.25,-148.6,-4.6E-02));
#10586 = VECTOR('',#10587,1.);
#10587 = DIRECTION('',(0.,0.,1.));
#10588 = ORIENTED_EDGE('',*,*,#9271,.F.);
#10589 = ORIENTED_EDGE('',*,*,#10583,.F.);
#10590 = CYLINDRICAL_SURFACE('',#10591,1.35);
#10591 = AXIS2_PLACEMENT_3D('',#10592,#10593,#10594);
#10592 = CARTESIAN_POINT('',(51.25,-147.25,-4.6E-02));
#10593 = DIRECTION('',(-0.,-0.,-1.));
#10594 = DIRECTION('',(-0.,-1.,0.));
#10595 = ADVANCED_FACE('',(#10596),#10607,.F.);
#10596 = FACE_BOUND('',#10597,.T.);
#10597 = EDGE_LOOP('',(#10598,#10599,#10605,#10606));
#10598 = ORIENTED_EDGE('',*,*,#7978,.T.);
#10599 = ORIENTED_EDGE('',*,*,#10600,.T.);
#10600 = EDGE_CURVE('',#7979,#9283,#10601,.T.);
#10601 = LINE('',#10602,#10603);
#10602 = CARTESIAN_POINT('',(56.25,-148.6,-4.6E-02));
#10603 = VECTOR('',#10604,1.);
#10604 = DIRECTION('',(0.,0.,1.));
#10605 = ORIENTED_EDGE('',*,*,#9282,.F.);
#10606 = ORIENTED_EDGE('',*,*,#10600,.F.);
#10607 = CYLINDRICAL_SURFACE('',#10608,1.35);
#10608 = AXIS2_PLACEMENT_3D('',#10609,#10610,#10611);
#10609 = CARTESIAN_POINT('',(56.25,-147.25,-4.6E-02));
#10610 = DIRECTION('',(-0.,-0.,-1.));
#10611 = DIRECTION('',(-0.,-1.,0.));
#10612 = ADVANCED_FACE('',(#10613),#10624,.F.);
#10613 = FACE_BOUND('',#10614,.T.);
#10614 = EDGE_LOOP('',(#10615,#10616,#10622,#10623));
#10615 = ORIENTED_EDGE('',*,*,#7989,.T.);
#10616 = ORIENTED_EDGE('',*,*,#10617,.T.);
#10617 = EDGE_CURVE('',#7990,#9294,#10618,.T.);
#10618 = LINE('',#10619,#10620);
#10619 = CARTESIAN_POINT('',(60.,-155.7,-4.6E-02));
#10620 = VECTOR('',#10621,1.);
#10621 = DIRECTION('',(0.,0.,1.));
#10622 = ORIENTED_EDGE('',*,*,#9293,.F.);
#10623 = ORIENTED_EDGE('',*,*,#10617,.F.);
#10624 = CYLINDRICAL_SURFACE('',#10625,0.7);
#10625 = AXIS2_PLACEMENT_3D('',#10626,#10627,#10628);
#10626 = CARTESIAN_POINT('',(60.,-155.,-4.6E-02));
#10627 = DIRECTION('',(-0.,-0.,-1.));
#10628 = DIRECTION('',(-0.,-1.,0.));
#10629 = ADVANCED_FACE('',(#10630),#10641,.F.);
#10630 = FACE_BOUND('',#10631,.T.);
#10631 = EDGE_LOOP('',(#10632,#10633,#10639,#10640));
#10632 = ORIENTED_EDGE('',*,*,#8000,.T.);
#10633 = ORIENTED_EDGE('',*,*,#10634,.T.);
#10634 = EDGE_CURVE('',#8001,#9305,#10635,.T.);
#10635 = LINE('',#10636,#10637);
#10636 = CARTESIAN_POINT('',(65.5,-155.7,-4.6E-02));
#10637 = VECTOR('',#10638,1.);
#10638 = DIRECTION('',(0.,0.,1.));
#10639 = ORIENTED_EDGE('',*,*,#9304,.F.);
#10640 = ORIENTED_EDGE('',*,*,#10634,.F.);
#10641 = CYLINDRICAL_SURFACE('',#10642,0.7);
#10642 = AXIS2_PLACEMENT_3D('',#10643,#10644,#10645);
#10643 = CARTESIAN_POINT('',(65.5,-155.,-4.6E-02));
#10644 = DIRECTION('',(-0.,-0.,-1.));
#10645 = DIRECTION('',(-0.,-1.,0.));
#10646 = ADVANCED_FACE('',(#10647),#10658,.F.);
#10647 = FACE_BOUND('',#10648,.T.);
#10648 = EDGE_LOOP('',(#10649,#10650,#10656,#10657));
#10649 = ORIENTED_EDGE('',*,*,#8011,.T.);
#10650 = ORIENTED_EDGE('',*,*,#10651,.T.);
#10651 = EDGE_CURVE('',#8012,#9316,#10652,.T.);
#10652 = LINE('',#10653,#10654);
#10653 = CARTESIAN_POINT('',(64.,-147.83,-4.6E-02));
#10654 = VECTOR('',#10655,1.);
#10655 = DIRECTION('',(0.,0.,1.));
#10656 = ORIENTED_EDGE('',*,*,#9315,.F.);
#10657 = ORIENTED_EDGE('',*,*,#10651,.F.);
#10658 = CYLINDRICAL_SURFACE('',#10659,0.5);
#10659 = AXIS2_PLACEMENT_3D('',#10660,#10661,#10662);
#10660 = CARTESIAN_POINT('',(64.,-147.33,-4.6E-02));
#10661 = DIRECTION('',(-0.,-0.,-1.));
#10662 = DIRECTION('',(-0.,-1.,0.));
#10663 = ADVANCED_FACE('',(#10664),#10675,.F.);
#10664 = FACE_BOUND('',#10665,.T.);
#10665 = EDGE_LOOP('',(#10666,#10667,#10673,#10674));
#10666 = ORIENTED_EDGE('',*,*,#8022,.T.);
#10667 = ORIENTED_EDGE('',*,*,#10668,.T.);
#10668 = EDGE_CURVE('',#8023,#9327,#10669,.T.);
#10669 = LINE('',#10670,#10671);
#10670 = CARTESIAN_POINT('',(64.,-145.29,-4.6E-02));
#10671 = VECTOR('',#10672,1.);
#10672 = DIRECTION('',(0.,0.,1.));
#10673 = ORIENTED_EDGE('',*,*,#9326,.F.);
#10674 = ORIENTED_EDGE('',*,*,#10668,.F.);
#10675 = CYLINDRICAL_SURFACE('',#10676,0.5);
#10676 = AXIS2_PLACEMENT_3D('',#10677,#10678,#10679);
#10677 = CARTESIAN_POINT('',(64.,-144.79,-4.6E-02));
#10678 = DIRECTION('',(-0.,-0.,-1.));
#10679 = DIRECTION('',(-0.,-1.,0.));
#10680 = ADVANCED_FACE('',(#10681),#10692,.F.);
#10681 = FACE_BOUND('',#10682,.T.);
#10682 = EDGE_LOOP('',(#10683,#10684,#10690,#10691));
#10683 = ORIENTED_EDGE('',*,*,#8033,.T.);
#10684 = ORIENTED_EDGE('',*,*,#10685,.T.);
#10685 = EDGE_CURVE('',#8034,#9338,#10686,.T.);
#10686 = LINE('',#10687,#10688);
#10687 = CARTESIAN_POINT('',(51.25,-140.1,-4.6E-02));
#10688 = VECTOR('',#10689,1.);
#10689 = DIRECTION('',(0.,0.,1.));
#10690 = ORIENTED_EDGE('',*,*,#9337,.F.);
#10691 = ORIENTED_EDGE('',*,*,#10685,.F.);
#10692 = CYLINDRICAL_SURFACE('',#10693,1.35);
#10693 = AXIS2_PLACEMENT_3D('',#10694,#10695,#10696);
#10694 = CARTESIAN_POINT('',(51.25,-138.75,-4.6E-02));
#10695 = DIRECTION('',(-0.,-0.,-1.));
#10696 = DIRECTION('',(-0.,-1.,0.));
#10697 = ADVANCED_FACE('',(#10698),#10709,.F.);
#10698 = FACE_BOUND('',#10699,.T.);
#10699 = EDGE_LOOP('',(#10700,#10701,#10707,#10708));
#10700 = ORIENTED_EDGE('',*,*,#8044,.T.);
#10701 = ORIENTED_EDGE('',*,*,#10702,.T.);
#10702 = EDGE_CURVE('',#8045,#9349,#10703,.T.);
#10703 = LINE('',#10704,#10705);
#10704 = CARTESIAN_POINT('',(56.25,-140.1,-4.6E-02));
#10705 = VECTOR('',#10706,1.);
#10706 = DIRECTION('',(0.,0.,1.));
#10707 = ORIENTED_EDGE('',*,*,#9348,.F.);
#10708 = ORIENTED_EDGE('',*,*,#10702,.F.);
#10709 = CYLINDRICAL_SURFACE('',#10710,1.35);
#10710 = AXIS2_PLACEMENT_3D('',#10711,#10712,#10713);
#10711 = CARTESIAN_POINT('',(56.25,-138.75,-4.6E-02));
#10712 = DIRECTION('',(-0.,-0.,-1.));
#10713 = DIRECTION('',(-0.,-1.,0.));
#10714 = ADVANCED_FACE('',(#10715),#10726,.F.);
#10715 = FACE_BOUND('',#10716,.T.);
#10716 = EDGE_LOOP('',(#10717,#10718,#10724,#10725));
#10717 = ORIENTED_EDGE('',*,*,#8055,.T.);
#10718 = ORIENTED_EDGE('',*,*,#10719,.T.);
#10719 = EDGE_CURVE('',#8056,#9360,#10720,.T.);
#10720 = LINE('',#10721,#10722);
#10721 = CARTESIAN_POINT('',(64.,-142.75,-4.6E-02));
#10722 = VECTOR('',#10723,1.);
#10723 = DIRECTION('',(0.,0.,1.));
#10724 = ORIENTED_EDGE('',*,*,#9359,.F.);
#10725 = ORIENTED_EDGE('',*,*,#10719,.F.);
#10726 = CYLINDRICAL_SURFACE('',#10727,0.5);
#10727 = AXIS2_PLACEMENT_3D('',#10728,#10729,#10730);
#10728 = CARTESIAN_POINT('',(64.,-142.25,-4.6E-02));
#10729 = DIRECTION('',(-0.,-0.,-1.));
#10730 = DIRECTION('',(-0.,-1.,0.));
#10731 = ADVANCED_FACE('',(#10732),#10743,.F.);
#10732 = FACE_BOUND('',#10733,.T.);
#10733 = EDGE_LOOP('',(#10734,#10735,#10741,#10742));
#10734 = ORIENTED_EDGE('',*,*,#8066,.T.);
#10735 = ORIENTED_EDGE('',*,*,#10736,.T.);
#10736 = EDGE_CURVE('',#8067,#9371,#10737,.T.);
#10737 = LINE('',#10738,#10739);
#10738 = CARTESIAN_POINT('',(87.62,-146.34,-4.6E-02));
#10739 = VECTOR('',#10740,1.);
#10740 = DIRECTION('',(0.,0.,1.));
#10741 = ORIENTED_EDGE('',*,*,#9370,.F.);
#10742 = ORIENTED_EDGE('',*,*,#10736,.F.);
#10743 = CYLINDRICAL_SURFACE('',#10744,1.35);
#10744 = AXIS2_PLACEMENT_3D('',#10745,#10746,#10747);
#10745 = CARTESIAN_POINT('',(87.62,-144.99,-4.6E-02));
#10746 = DIRECTION('',(-0.,-0.,-1.));
#10747 = DIRECTION('',(-0.,-1.,0.));
#10748 = ADVANCED_FACE('',(#10749),#10760,.F.);
#10749 = FACE_BOUND('',#10750,.T.);
#10750 = EDGE_LOOP('',(#10751,#10757,#10758,#10759));
#10751 = ORIENTED_EDGE('',*,*,#10752,.T.);
#10752 = EDGE_CURVE('',#8078,#9382,#10753,.T.);
#10753 = LINE('',#10754,#10755);
#10754 = CARTESIAN_POINT('',(78.24,-132.75,0.));
#10755 = VECTOR('',#10756,1.);
#10756 = DIRECTION('',(0.,0.,1.));
#10757 = ORIENTED_EDGE('',*,*,#9381,.T.);
#10758 = ORIENTED_EDGE('',*,*,#10752,.F.);
#10759 = ORIENTED_EDGE('',*,*,#8077,.F.);
#10760 = CYLINDRICAL_SURFACE('',#10761,1.09);
#10761 = AXIS2_PLACEMENT_3D('',#10762,#10763,#10764);
#10762 = CARTESIAN_POINT('',(77.15,-132.75,0.));
#10763 = DIRECTION('',(-0.,-0.,-1.));
#10764 = DIRECTION('',(1.,0.,-0.));
#10765 = ADVANCED_FACE('',(#10766),#10777,.F.);
#10766 = FACE_BOUND('',#10767,.T.);
#10767 = EDGE_LOOP('',(#10768,#10769,#10775,#10776));
#10768 = ORIENTED_EDGE('',*,*,#8088,.T.);
#10769 = ORIENTED_EDGE('',*,*,#10770,.T.);
#10770 = EDGE_CURVE('',#8089,#9393,#10771,.T.);
#10771 = LINE('',#10772,#10773);
#10772 = CARTESIAN_POINT('',(87.62,-141.34,-4.6E-02));
#10773 = VECTOR('',#10774,1.);
#10774 = DIRECTION('',(0.,0.,1.));
#10775 = ORIENTED_EDGE('',*,*,#9392,.F.);
#10776 = ORIENTED_EDGE('',*,*,#10770,.F.);
#10777 = CYLINDRICAL_SURFACE('',#10778,1.35);
#10778 = AXIS2_PLACEMENT_3D('',#10779,#10780,#10781);
#10779 = CARTESIAN_POINT('',(87.62,-139.99,-4.6E-02));
#10780 = DIRECTION('',(-0.,-0.,-1.));
#10781 = DIRECTION('',(-0.,-1.,0.));
#10782 = ADVANCED_FACE('',(#10783),#10794,.F.);
#10783 = FACE_BOUND('',#10784,.T.);
#10784 = EDGE_LOOP('',(#10785,#10786,#10792,#10793));
#10785 = ORIENTED_EDGE('',*,*,#8099,.T.);
#10786 = ORIENTED_EDGE('',*,*,#10787,.T.);
#10787 = EDGE_CURVE('',#8100,#9404,#10788,.T.);
#10788 = LINE('',#10789,#10790);
#10789 = CARTESIAN_POINT('',(76.32,-128.881,-4.6E-02));
#10790 = VECTOR('',#10791,1.);
#10791 = DIRECTION('',(0.,0.,1.));
#10792 = ORIENTED_EDGE('',*,*,#9403,.F.);
#10793 = ORIENTED_EDGE('',*,*,#10787,.F.);
#10794 = CYLINDRICAL_SURFACE('',#10795,0.381);
#10795 = AXIS2_PLACEMENT_3D('',#10796,#10797,#10798);
#10796 = CARTESIAN_POINT('',(76.32,-128.5,-4.6E-02));
#10797 = DIRECTION('',(-0.,-0.,-1.));
#10798 = DIRECTION('',(-0.,-1.,0.));
#10799 = ADVANCED_FACE('',(#10800),#10811,.F.);
#10800 = FACE_BOUND('',#10801,.T.);
#10801 = EDGE_LOOP('',(#10802,#10803,#10809,#10810));
#10802 = ORIENTED_EDGE('',*,*,#8110,.T.);
#10803 = ORIENTED_EDGE('',*,*,#10804,.T.);
#10804 = EDGE_CURVE('',#8111,#9415,#10805,.T.);
#10805 = LINE('',#10806,#10807);
#10806 = CARTESIAN_POINT('',(78.86,-128.881,-4.6E-02));
#10807 = VECTOR('',#10808,1.);
#10808 = DIRECTION('',(0.,0.,1.));
#10809 = ORIENTED_EDGE('',*,*,#9414,.F.);
#10810 = ORIENTED_EDGE('',*,*,#10804,.F.);
#10811 = CYLINDRICAL_SURFACE('',#10812,0.381);
#10812 = AXIS2_PLACEMENT_3D('',#10813,#10814,#10815);
#10813 = CARTESIAN_POINT('',(78.86,-128.5,-4.6E-02));
#10814 = DIRECTION('',(-0.,-0.,-1.));
#10815 = DIRECTION('',(-0.,-1.,0.));
#10816 = ADVANCED_FACE('',(#10817),#10828,.F.);
#10817 = FACE_BOUND('',#10818,.T.);
#10818 = EDGE_LOOP('',(#10819,#10820,#10826,#10827));
#10819 = ORIENTED_EDGE('',*,*,#8121,.T.);
#10820 = ORIENTED_EDGE('',*,*,#10821,.T.);
#10821 = EDGE_CURVE('',#8122,#9426,#10822,.T.);
#10822 = LINE('',#10823,#10824);
#10823 = CARTESIAN_POINT('',(76.32,-126.341,-4.6E-02));
#10824 = VECTOR('',#10825,1.);
#10825 = DIRECTION('',(0.,0.,1.));
#10826 = ORIENTED_EDGE('',*,*,#9425,.F.);
#10827 = ORIENTED_EDGE('',*,*,#10821,.F.);
#10828 = CYLINDRICAL_SURFACE('',#10829,0.381);
#10829 = AXIS2_PLACEMENT_3D('',#10830,#10831,#10832);
#10830 = CARTESIAN_POINT('',(76.32,-125.96,-4.6E-02));
#10831 = DIRECTION('',(-0.,-0.,-1.));
#10832 = DIRECTION('',(-0.,-1.,0.));
#10833 = ADVANCED_FACE('',(#10834),#10845,.F.);
#10834 = FACE_BOUND('',#10835,.T.);
#10835 = EDGE_LOOP('',(#10836,#10837,#10843,#10844));
#10836 = ORIENTED_EDGE('',*,*,#8132,.T.);
#10837 = ORIENTED_EDGE('',*,*,#10838,.T.);
#10838 = EDGE_CURVE('',#8133,#9437,#10839,.T.);
#10839 = LINE('',#10840,#10841);
#10840 = CARTESIAN_POINT('',(78.86,-126.341,-4.6E-02));
#10841 = VECTOR('',#10842,1.);
#10842 = DIRECTION('',(0.,0.,1.));
#10843 = ORIENTED_EDGE('',*,*,#9436,.F.);
#10844 = ORIENTED_EDGE('',*,*,#10838,.F.);
#10845 = CYLINDRICAL_SURFACE('',#10846,0.381);
#10846 = AXIS2_PLACEMENT_3D('',#10847,#10848,#10849);
#10847 = CARTESIAN_POINT('',(78.86,-125.96,-4.6E-02));
#10848 = DIRECTION('',(-0.,-0.,-1.));
#10849 = DIRECTION('',(-0.,-1.,0.));
#10850 = ADVANCED_FACE('',(#10851),#10862,.F.);
#10851 = FACE_BOUND('',#10852,.T.);
#10852 = EDGE_LOOP('',(#10853,#10854,#10860,#10861));
#10853 = ORIENTED_EDGE('',*,*,#8143,.T.);
#10854 = ORIENTED_EDGE('',*,*,#10855,.T.);
#10855 = EDGE_CURVE('',#8144,#9448,#10856,.T.);
#10856 = LINE('',#10857,#10858);
#10857 = CARTESIAN_POINT('',(76.32,-123.801,-4.6E-02));
#10858 = VECTOR('',#10859,1.);
#10859 = DIRECTION('',(0.,0.,1.));
#10860 = ORIENTED_EDGE('',*,*,#9447,.F.);
#10861 = ORIENTED_EDGE('',*,*,#10855,.F.);
#10862 = CYLINDRICAL_SURFACE('',#10863,0.381);
#10863 = AXIS2_PLACEMENT_3D('',#10864,#10865,#10866);
#10864 = CARTESIAN_POINT('',(76.32,-123.42,-4.6E-02));
#10865 = DIRECTION('',(-0.,-0.,-1.));
#10866 = DIRECTION('',(-0.,-1.,0.));
#10867 = ADVANCED_FACE('',(#10868),#10879,.F.);
#10868 = FACE_BOUND('',#10869,.T.);
#10869 = EDGE_LOOP('',(#10870,#10871,#10877,#10878));
#10870 = ORIENTED_EDGE('',*,*,#8154,.T.);
#10871 = ORIENTED_EDGE('',*,*,#10872,.T.);
#10872 = EDGE_CURVE('',#8155,#9459,#10873,.T.);
#10873 = LINE('',#10874,#10875);
#10874 = CARTESIAN_POINT('',(78.86,-123.801,-4.6E-02));
#10875 = VECTOR('',#10876,1.);
#10876 = DIRECTION('',(0.,0.,1.));
#10877 = ORIENTED_EDGE('',*,*,#9458,.F.);
#10878 = ORIENTED_EDGE('',*,*,#10872,.F.);
#10879 = CYLINDRICAL_SURFACE('',#10880,0.381);
#10880 = AXIS2_PLACEMENT_3D('',#10881,#10882,#10883);
#10881 = CARTESIAN_POINT('',(78.86,-123.42,-4.6E-02));
#10882 = DIRECTION('',(-0.,-0.,-1.));
#10883 = DIRECTION('',(-0.,-1.,0.));
#10884 = ADVANCED_FACE('',(#10885),#10896,.F.);
#10885 = FACE_BOUND('',#10886,.T.);
#10886 = EDGE_LOOP('',(#10887,#10888,#10894,#10895));
#10887 = ORIENTED_EDGE('',*,*,#8165,.T.);
#10888 = ORIENTED_EDGE('',*,*,#10889,.T.);
#10889 = EDGE_CURVE('',#8166,#9470,#10890,.T.);
#10890 = LINE('',#10891,#10892);
#10891 = CARTESIAN_POINT('',(76.32,-121.261,-4.6E-02));
#10892 = VECTOR('',#10893,1.);
#10893 = DIRECTION('',(0.,0.,1.));
#10894 = ORIENTED_EDGE('',*,*,#9469,.F.);
#10895 = ORIENTED_EDGE('',*,*,#10889,.F.);
#10896 = CYLINDRICAL_SURFACE('',#10897,0.381);
#10897 = AXIS2_PLACEMENT_3D('',#10898,#10899,#10900);
#10898 = CARTESIAN_POINT('',(76.32,-120.88,-4.6E-02));
#10899 = DIRECTION('',(-0.,-0.,-1.));
#10900 = DIRECTION('',(-0.,-1.,0.));
#10901 = ADVANCED_FACE('',(#10902),#10913,.F.);
#10902 = FACE_BOUND('',#10903,.T.);
#10903 = EDGE_LOOP('',(#10904,#10905,#10911,#10912));
#10904 = ORIENTED_EDGE('',*,*,#8176,.T.);
#10905 = ORIENTED_EDGE('',*,*,#10906,.T.);
#10906 = EDGE_CURVE('',#8177,#9481,#10907,.T.);
#10907 = LINE('',#10908,#10909);
#10908 = CARTESIAN_POINT('',(78.86,-121.261,-4.6E-02));
#10909 = VECTOR('',#10910,1.);
#10910 = DIRECTION('',(0.,0.,1.));
#10911 = ORIENTED_EDGE('',*,*,#9480,.F.);
#10912 = ORIENTED_EDGE('',*,*,#10906,.F.);
#10913 = CYLINDRICAL_SURFACE('',#10914,0.381);
#10914 = AXIS2_PLACEMENT_3D('',#10915,#10916,#10917);
#10915 = CARTESIAN_POINT('',(78.86,-120.88,-4.6E-02));
#10916 = DIRECTION('',(-0.,-0.,-1.));
#10917 = DIRECTION('',(-0.,-1.,0.));
#10918 = ADVANCED_FACE('',(#10919),#10930,.F.);
#10919 = FACE_BOUND('',#10920,.T.);
#10920 = EDGE_LOOP('',(#10921,#10922,#10928,#10929));
#10921 = ORIENTED_EDGE('',*,*,#8187,.T.);
#10922 = ORIENTED_EDGE('',*,*,#10923,.T.);
#10923 = EDGE_CURVE('',#8188,#9492,#10924,.T.);
#10924 = LINE('',#10925,#10926);
#10925 = CARTESIAN_POINT('',(76.32,-118.721,-4.6E-02));
#10926 = VECTOR('',#10927,1.);
#10927 = DIRECTION('',(0.,0.,1.));
#10928 = ORIENTED_EDGE('',*,*,#9491,.F.);
#10929 = ORIENTED_EDGE('',*,*,#10923,.F.);
#10930 = CYLINDRICAL_SURFACE('',#10931,0.381);
#10931 = AXIS2_PLACEMENT_3D('',#10932,#10933,#10934);
#10932 = CARTESIAN_POINT('',(76.32,-118.34,-4.6E-02));
#10933 = DIRECTION('',(-0.,-0.,-1.));
#10934 = DIRECTION('',(-0.,-1.,0.));
#10935 = ADVANCED_FACE('',(#10936),#10947,.F.);
#10936 = FACE_BOUND('',#10937,.T.);
#10937 = EDGE_LOOP('',(#10938,#10939,#10945,#10946));
#10938 = ORIENTED_EDGE('',*,*,#8198,.T.);
#10939 = ORIENTED_EDGE('',*,*,#10940,.T.);
#10940 = EDGE_CURVE('',#8199,#9503,#10941,.T.);
#10941 = LINE('',#10942,#10943);
#10942 = CARTESIAN_POINT('',(76.32,-116.181,-4.6E-02));
#10943 = VECTOR('',#10944,1.);
#10944 = DIRECTION('',(0.,0.,1.));
#10945 = ORIENTED_EDGE('',*,*,#9502,.F.);
#10946 = ORIENTED_EDGE('',*,*,#10940,.F.);
#10947 = CYLINDRICAL_SURFACE('',#10948,0.381);
#10948 = AXIS2_PLACEMENT_3D('',#10949,#10950,#10951);
#10949 = CARTESIAN_POINT('',(76.32,-115.8,-4.6E-02));
#10950 = DIRECTION('',(-0.,-0.,-1.));
#10951 = DIRECTION('',(-0.,-1.,0.));
#10952 = ADVANCED_FACE('',(#10953),#10964,.F.);
#10953 = FACE_BOUND('',#10954,.T.);
#10954 = EDGE_LOOP('',(#10955,#10956,#10962,#10963));
#10955 = ORIENTED_EDGE('',*,*,#8209,.T.);
#10956 = ORIENTED_EDGE('',*,*,#10957,.T.);
#10957 = EDGE_CURVE('',#8210,#9514,#10958,.T.);
#10958 = LINE('',#10959,#10960);
#10959 = CARTESIAN_POINT('',(78.86,-118.721,-4.6E-02));
#10960 = VECTOR('',#10961,1.);
#10961 = DIRECTION('',(0.,0.,1.));
#10962 = ORIENTED_EDGE('',*,*,#9513,.F.);
#10963 = ORIENTED_EDGE('',*,*,#10957,.F.);
#10964 = CYLINDRICAL_SURFACE('',#10965,0.381);
#10965 = AXIS2_PLACEMENT_3D('',#10966,#10967,#10968);
#10966 = CARTESIAN_POINT('',(78.86,-118.34,-4.6E-02));
#10967 = DIRECTION('',(-0.,-0.,-1.));
#10968 = DIRECTION('',(-0.,-1.,0.));
#10969 = ADVANCED_FACE('',(#10970),#10981,.F.);
#10970 = FACE_BOUND('',#10971,.T.);
#10971 = EDGE_LOOP('',(#10972,#10973,#10979,#10980));
#10972 = ORIENTED_EDGE('',*,*,#8220,.T.);
#10973 = ORIENTED_EDGE('',*,*,#10974,.T.);
#10974 = EDGE_CURVE('',#8221,#9525,#10975,.T.);
#10975 = LINE('',#10976,#10977);
#10976 = CARTESIAN_POINT('',(78.86,-116.181,-4.6E-02));
#10977 = VECTOR('',#10978,1.);
#10978 = DIRECTION('',(0.,0.,1.));
#10979 = ORIENTED_EDGE('',*,*,#9524,.F.);
#10980 = ORIENTED_EDGE('',*,*,#10974,.F.);
#10981 = CYLINDRICAL_SURFACE('',#10982,0.381);
#10982 = AXIS2_PLACEMENT_3D('',#10983,#10984,#10985);
#10983 = CARTESIAN_POINT('',(78.86,-115.8,-4.6E-02));
#10984 = DIRECTION('',(-0.,-0.,-1.));
#10985 = DIRECTION('',(-0.,-1.,0.));
#10986 = ADVANCED_FACE('',(#10987),#10998,.F.);
#10987 = FACE_BOUND('',#10988,.T.);
#10988 = EDGE_LOOP('',(#10989,#10995,#10996,#10997));
#10989 = ORIENTED_EDGE('',*,*,#10990,.T.);
#10990 = EDGE_CURVE('',#8232,#9536,#10991,.T.);
#10991 = LINE('',#10992,#10993);
#10992 = CARTESIAN_POINT('',(78.24,-111.65,0.));
#10993 = VECTOR('',#10994,1.);
#10994 = DIRECTION('',(0.,0.,1.));
#10995 = ORIENTED_EDGE('',*,*,#9535,.T.);
#10996 = ORIENTED_EDGE('',*,*,#10990,.F.);
#10997 = ORIENTED_EDGE('',*,*,#8231,.F.);
#10998 = CYLINDRICAL_SURFACE('',#10999,1.09);
#10999 = AXIS2_PLACEMENT_3D('',#11000,#11001,#11002);
#11000 = CARTESIAN_POINT('',(77.15,-111.65,0.));
#11001 = DIRECTION('',(-0.,-0.,-1.));
#11002 = DIRECTION('',(1.,0.,-0.));
#11003 = ADVANCED_FACE('',(#11004),#11015,.F.);
#11004 = FACE_BOUND('',#11005,.T.);
#11005 = EDGE_LOOP('',(#11006,#11012,#11013,#11014));
#11006 = ORIENTED_EDGE('',*,*,#11007,.T.);
#11007 = EDGE_CURVE('',#8243,#9547,#11008,.T.);
#11008 = LINE('',#11009,#11010);
#11009 = CARTESIAN_POINT('',(99.34,-132.75,0.));
#11010 = VECTOR('',#11011,1.);
#11011 = DIRECTION('',(0.,0.,1.));
#11012 = ORIENTED_EDGE('',*,*,#9546,.T.);
#11013 = ORIENTED_EDGE('',*,*,#11007,.F.);
#11014 = ORIENTED_EDGE('',*,*,#8242,.F.);
#11015 = CYLINDRICAL_SURFACE('',#11016,1.09);
#11016 = AXIS2_PLACEMENT_3D('',#11017,#11018,#11019);
#11017 = CARTESIAN_POINT('',(98.25,-132.75,0.));
#11018 = DIRECTION('',(-0.,-0.,-1.));
#11019 = DIRECTION('',(1.,0.,-0.));
#11020 = ADVANCED_FACE('',(#11021),#11032,.F.);
#11021 = FACE_BOUND('',#11022,.T.);
#11022 = EDGE_LOOP('',(#11023,#11024,#11030,#11031));
#11023 = ORIENTED_EDGE('',*,*,#8253,.T.);
#11024 = ORIENTED_EDGE('',*,*,#11025,.T.);
#11025 = EDGE_CURVE('',#8254,#9558,#11026,.T.);
#11026 = LINE('',#11027,#11028);
#11027 = CARTESIAN_POINT('',(108.24632,-133.53728,-4.6E-02));
#11028 = VECTOR('',#11029,1.);
#11029 = DIRECTION('',(0.,0.,1.));
#11030 = ORIENTED_EDGE('',*,*,#9557,.F.);
#11031 = ORIENTED_EDGE('',*,*,#11025,.F.);
#11032 = CYLINDRICAL_SURFACE('',#11033,0.45);
#11033 = AXIS2_PLACEMENT_3D('',#11034,#11035,#11036);
#11034 = CARTESIAN_POINT('',(108.24632,-133.08728,-4.6E-02));
#11035 = DIRECTION('',(-0.,-0.,-1.));
#11036 = DIRECTION('',(-0.,-1.,0.));
#11037 = ADVANCED_FACE('',(#11038),#11049,.F.);
#11038 = FACE_BOUND('',#11039,.T.);
#11039 = EDGE_LOOP('',(#11040,#11041,#11047,#11048));
#11040 = ORIENTED_EDGE('',*,*,#8264,.T.);
#11041 = ORIENTED_EDGE('',*,*,#11042,.T.);
#11042 = EDGE_CURVE('',#8265,#9569,#11043,.T.);
#11043 = LINE('',#11044,#11045);
#11044 = CARTESIAN_POINT('',(123.,-157.1,-4.6E-02));
#11045 = VECTOR('',#11046,1.);
#11046 = DIRECTION('',(0.,0.,1.));
#11047 = ORIENTED_EDGE('',*,*,#9568,.F.);
#11048 = ORIENTED_EDGE('',*,*,#11042,.F.);
#11049 = CYLINDRICAL_SURFACE('',#11050,1.6);
#11050 = AXIS2_PLACEMENT_3D('',#11051,#11052,#11053);
#11051 = CARTESIAN_POINT('',(123.,-155.5,-4.6E-02));
#11052 = DIRECTION('',(-0.,-0.,-1.));
#11053 = DIRECTION('',(-0.,-1.,0.));
#11054 = ADVANCED_FACE('',(#11055),#11066,.F.);
#11055 = FACE_BOUND('',#11056,.T.);
#11056 = EDGE_LOOP('',(#11057,#11058,#11064,#11065));
#11057 = ORIENTED_EDGE('',*,*,#8275,.T.);
#11058 = ORIENTED_EDGE('',*,*,#11059,.T.);
#11059 = EDGE_CURVE('',#8276,#9580,#11060,.T.);
#11060 = LINE('',#11061,#11062);
#11061 = CARTESIAN_POINT('',(132.579135,-155.2,-4.6E-02));
#11062 = VECTOR('',#11063,1.);
#11063 = DIRECTION('',(0.,0.,1.));
#11064 = ORIENTED_EDGE('',*,*,#9579,.F.);
#11065 = ORIENTED_EDGE('',*,*,#11059,.F.);
#11066 = CYLINDRICAL_SURFACE('',#11067,0.7);
#11067 = AXIS2_PLACEMENT_3D('',#11068,#11069,#11070);
#11068 = CARTESIAN_POINT('',(132.579135,-154.5,-4.6E-02));
#11069 = DIRECTION('',(-0.,-0.,-1.));
#11070 = DIRECTION('',(-0.,-1.,0.));
#11071 = ADVANCED_FACE('',(#11072),#11083,.F.);
#11072 = FACE_BOUND('',#11073,.T.);
#11073 = EDGE_LOOP('',(#11074,#11075,#11081,#11082));
#11074 = ORIENTED_EDGE('',*,*,#8286,.T.);
#11075 = ORIENTED_EDGE('',*,*,#11076,.T.);
#11076 = EDGE_CURVE('',#8287,#9591,#11077,.T.);
#11077 = LINE('',#11078,#11079);
#11078 = CARTESIAN_POINT('',(132.579135,-149.7,-4.6E-02));
#11079 = VECTOR('',#11080,1.);
#11080 = DIRECTION('',(0.,0.,1.));
#11081 = ORIENTED_EDGE('',*,*,#9590,.F.);
#11082 = ORIENTED_EDGE('',*,*,#11076,.F.);
#11083 = CYLINDRICAL_SURFACE('',#11084,0.7);
#11084 = AXIS2_PLACEMENT_3D('',#11085,#11086,#11087);
#11085 = CARTESIAN_POINT('',(132.579135,-149.,-4.6E-02));
#11086 = DIRECTION('',(-0.,-0.,-1.));
#11087 = DIRECTION('',(-0.,-1.,0.));
#11088 = ADVANCED_FACE('',(#11089),#11100,.F.);
#11089 = FACE_BOUND('',#11090,.T.);
#11090 = EDGE_LOOP('',(#11091,#11092,#11098,#11099));
#11091 = ORIENTED_EDGE('',*,*,#8297,.T.);
#11092 = ORIENTED_EDGE('',*,*,#11093,.T.);
#11093 = EDGE_CURVE('',#8298,#9602,#11094,.T.);
#11094 = LINE('',#11095,#11096);
#11095 = CARTESIAN_POINT('',(133.65,-133.54,-4.6E-02));
#11096 = VECTOR('',#11097,1.);
#11097 = DIRECTION('',(0.,0.,1.));
#11098 = ORIENTED_EDGE('',*,*,#9601,.F.);
#11099 = ORIENTED_EDGE('',*,*,#11093,.F.);
#11100 = CYLINDRICAL_SURFACE('',#11101,0.45);
#11101 = AXIS2_PLACEMENT_3D('',#11102,#11103,#11104);
#11102 = CARTESIAN_POINT('',(133.65,-133.09,-4.6E-02));
#11103 = DIRECTION('',(-0.,0.,-1.));
#11104 = DIRECTION('',(6.315935428978E-14,-1.,-0.));
#11105 = ADVANCED_FACE('',(#11106),#11117,.F.);
#11106 = FACE_BOUND('',#11107,.T.);
#11107 = EDGE_LOOP('',(#11108,#11109,#11115,#11116));
#11108 = ORIENTED_EDGE('',*,*,#8308,.T.);
#11109 = ORIENTED_EDGE('',*,*,#11110,.T.);
#11110 = EDGE_CURVE('',#8309,#9613,#11111,.T.);
#11111 = LINE('',#11112,#11113);
#11112 = CARTESIAN_POINT('',(108.24632,-130.99728,-4.6E-02));
#11113 = VECTOR('',#11114,1.);
#11114 = DIRECTION('',(0.,0.,1.));
#11115 = ORIENTED_EDGE('',*,*,#9612,.F.);
#11116 = ORIENTED_EDGE('',*,*,#11110,.F.);
#11117 = CYLINDRICAL_SURFACE('',#11118,0.45);
#11118 = AXIS2_PLACEMENT_3D('',#11119,#11120,#11121);
#11119 = CARTESIAN_POINT('',(108.24632,-130.54728,-4.6E-02));
#11120 = DIRECTION('',(-0.,-0.,-1.));
#11121 = DIRECTION('',(-0.,-1.,0.));
#11122 = ADVANCED_FACE('',(#11123),#11134,.F.);
#11123 = FACE_BOUND('',#11124,.T.);
#11124 = EDGE_LOOP('',(#11125,#11126,#11132,#11133));
#11125 = ORIENTED_EDGE('',*,*,#8319,.T.);
#11126 = ORIENTED_EDGE('',*,*,#11127,.T.);
#11127 = EDGE_CURVE('',#8320,#9624,#11128,.T.);
#11128 = LINE('',#11129,#11130);
#11129 = CARTESIAN_POINT('',(108.24632,-128.45728,-4.6E-02));
#11130 = VECTOR('',#11131,1.);
#11131 = DIRECTION('',(0.,0.,1.));
#11132 = ORIENTED_EDGE('',*,*,#9623,.F.);
#11133 = ORIENTED_EDGE('',*,*,#11127,.F.);
#11134 = CYLINDRICAL_SURFACE('',#11135,0.45);
#11135 = AXIS2_PLACEMENT_3D('',#11136,#11137,#11138);
#11136 = CARTESIAN_POINT('',(108.24632,-128.00728,-4.6E-02));
#11137 = DIRECTION('',(-0.,-0.,-1.));
#11138 = DIRECTION('',(-0.,-1.,0.));
#11139 = ADVANCED_FACE('',(#11140),#11151,.F.);
#11140 = FACE_BOUND('',#11141,.T.);
#11141 = EDGE_LOOP('',(#11142,#11143,#11149,#11150));
#11142 = ORIENTED_EDGE('',*,*,#8330,.T.);
#11143 = ORIENTED_EDGE('',*,*,#11144,.T.);
#11144 = EDGE_CURVE('',#8331,#9635,#11145,.T.);
#11145 = LINE('',#11146,#11147);
#11146 = CARTESIAN_POINT('',(108.25,-125.92,-4.6E-02));
#11147 = VECTOR('',#11148,1.);
#11148 = DIRECTION('',(0.,0.,1.));
#11149 = ORIENTED_EDGE('',*,*,#9634,.F.);
#11150 = ORIENTED_EDGE('',*,*,#11144,.F.);
#11151 = CYLINDRICAL_SURFACE('',#11152,0.45);
#11152 = AXIS2_PLACEMENT_3D('',#11153,#11154,#11155);
#11153 = CARTESIAN_POINT('',(108.25,-125.47,-4.6E-02));
#11154 = DIRECTION('',(-0.,-0.,-1.));
#11155 = DIRECTION('',(-0.,-1.,0.));
#11156 = ADVANCED_FACE('',(#11157),#11168,.F.);
#11157 = FACE_BOUND('',#11158,.T.);
#11158 = EDGE_LOOP('',(#11159,#11160,#11166,#11167));
#11159 = ORIENTED_EDGE('',*,*,#8341,.T.);
#11160 = ORIENTED_EDGE('',*,*,#11161,.T.);
#11161 = EDGE_CURVE('',#8342,#9646,#11162,.T.);
#11162 = LINE('',#11163,#11164);
#11163 = CARTESIAN_POINT('',(108.25,-123.38,-4.6E-02));
#11164 = VECTOR('',#11165,1.);
#11165 = DIRECTION('',(0.,0.,1.));
#11166 = ORIENTED_EDGE('',*,*,#9645,.F.);
#11167 = ORIENTED_EDGE('',*,*,#11161,.F.);
#11168 = CYLINDRICAL_SURFACE('',#11169,0.45);
#11169 = AXIS2_PLACEMENT_3D('',#11170,#11171,#11172);
#11170 = CARTESIAN_POINT('',(108.25,-122.93,-4.6E-02));
#11171 = DIRECTION('',(-0.,-0.,-1.));
#11172 = DIRECTION('',(-0.,-1.,0.));
#11173 = ADVANCED_FACE('',(#11174),#11185,.F.);
#11174 = FACE_BOUND('',#11175,.T.);
#11175 = EDGE_LOOP('',(#11176,#11177,#11183,#11184));
#11176 = ORIENTED_EDGE('',*,*,#8352,.T.);
#11177 = ORIENTED_EDGE('',*,*,#11178,.T.);
#11178 = EDGE_CURVE('',#8353,#9657,#11179,.T.);
#11179 = LINE('',#11180,#11181);
#11180 = CARTESIAN_POINT('',(108.25,-120.84,-4.6E-02));
#11181 = VECTOR('',#11182,1.);
#11182 = DIRECTION('',(0.,0.,1.));
#11183 = ORIENTED_EDGE('',*,*,#9656,.F.);
#11184 = ORIENTED_EDGE('',*,*,#11178,.F.);
#11185 = CYLINDRICAL_SURFACE('',#11186,0.45);
#11186 = AXIS2_PLACEMENT_3D('',#11187,#11188,#11189);
#11187 = CARTESIAN_POINT('',(108.25,-120.39,-4.6E-02));
#11188 = DIRECTION('',(-0.,-0.,-1.));
#11189 = DIRECTION('',(-0.,-1.,0.));
#11190 = ADVANCED_FACE('',(#11191),#11202,.F.);
#11191 = FACE_BOUND('',#11192,.T.);
#11192 = EDGE_LOOP('',(#11193,#11194,#11200,#11201));
#11193 = ORIENTED_EDGE('',*,*,#8363,.T.);
#11194 = ORIENTED_EDGE('',*,*,#11195,.T.);
#11195 = EDGE_CURVE('',#8364,#9668,#11196,.T.);
#11196 = LINE('',#11197,#11198);
#11197 = CARTESIAN_POINT('',(108.25,-118.3,-4.6E-02));
#11198 = VECTOR('',#11199,1.);
#11199 = DIRECTION('',(0.,0.,1.));
#11200 = ORIENTED_EDGE('',*,*,#9667,.F.);
#11201 = ORIENTED_EDGE('',*,*,#11195,.F.);
#11202 = CYLINDRICAL_SURFACE('',#11203,0.45);
#11203 = AXIS2_PLACEMENT_3D('',#11204,#11205,#11206);
#11204 = CARTESIAN_POINT('',(108.25,-117.85,-4.6E-02));
#11205 = DIRECTION('',(-0.,-0.,-1.));
#11206 = DIRECTION('',(-0.,-1.,0.));
#11207 = ADVANCED_FACE('',(#11208),#11219,.F.);
#11208 = FACE_BOUND('',#11209,.T.);
#11209 = EDGE_LOOP('',(#11210,#11211,#11217,#11218));
#11210 = ORIENTED_EDGE('',*,*,#8374,.T.);
#11211 = ORIENTED_EDGE('',*,*,#11212,.T.);
#11212 = EDGE_CURVE('',#8375,#9679,#11213,.T.);
#11213 = LINE('',#11214,#11215);
#11214 = CARTESIAN_POINT('',(108.25,-115.76,-4.6E-02));
#11215 = VECTOR('',#11216,1.);
#11216 = DIRECTION('',(0.,0.,1.));
#11217 = ORIENTED_EDGE('',*,*,#9678,.F.);
#11218 = ORIENTED_EDGE('',*,*,#11212,.F.);
#11219 = CYLINDRICAL_SURFACE('',#11220,0.45);
#11220 = AXIS2_PLACEMENT_3D('',#11221,#11222,#11223);
#11221 = CARTESIAN_POINT('',(108.25,-115.31,-4.6E-02));
#11222 = DIRECTION('',(-0.,-0.,-1.));
#11223 = DIRECTION('',(-0.,-1.,0.));
#11224 = ADVANCED_FACE('',(#11225),#11236,.F.);
#11225 = FACE_BOUND('',#11226,.T.);
#11226 = EDGE_LOOP('',(#11227,#11228,#11234,#11235));
#11227 = ORIENTED_EDGE('',*,*,#8385,.T.);
#11228 = ORIENTED_EDGE('',*,*,#11229,.T.);
#11229 = EDGE_CURVE('',#8386,#9690,#11230,.T.);
#11230 = LINE('',#11231,#11232);
#11231 = CARTESIAN_POINT('',(108.25,-113.22,-4.6E-02));
#11232 = VECTOR('',#11233,1.);
#11233 = DIRECTION('',(0.,0.,1.));
#11234 = ORIENTED_EDGE('',*,*,#9689,.F.);
#11235 = ORIENTED_EDGE('',*,*,#11229,.F.);
#11236 = CYLINDRICAL_SURFACE('',#11237,0.45);
#11237 = AXIS2_PLACEMENT_3D('',#11238,#11239,#11240);
#11238 = CARTESIAN_POINT('',(108.25,-112.77,-4.6E-02));
#11239 = DIRECTION('',(-0.,-0.,-1.));
#11240 = DIRECTION('',(-0.,-1.,0.));
#11241 = ADVANCED_FACE('',(#11242),#11253,.F.);
#11242 = FACE_BOUND('',#11243,.T.);
#11243 = EDGE_LOOP('',(#11244,#11245,#11251,#11252));
#11244 = ORIENTED_EDGE('',*,*,#8396,.T.);
#11245 = ORIENTED_EDGE('',*,*,#11246,.T.);
#11246 = EDGE_CURVE('',#8397,#9701,#11247,.T.);
#11247 = LINE('',#11248,#11249);
#11248 = CARTESIAN_POINT('',(108.25,-110.68,-4.6E-02));
#11249 = VECTOR('',#11250,1.);
#11250 = DIRECTION('',(0.,0.,1.));
#11251 = ORIENTED_EDGE('',*,*,#9700,.F.);
#11252 = ORIENTED_EDGE('',*,*,#11246,.F.);
#11253 = CYLINDRICAL_SURFACE('',#11254,0.45);
#11254 = AXIS2_PLACEMENT_3D('',#11255,#11256,#11257);
#11255 = CARTESIAN_POINT('',(108.25,-110.23,-4.6E-02));
#11256 = DIRECTION('',(-0.,-0.,-1.));
#11257 = DIRECTION('',(-0.,-1.,0.));
#11258 = ADVANCED_FACE('',(#11259),#11270,.F.);
#11259 = FACE_BOUND('',#11260,.T.);
#11260 = EDGE_LOOP('',(#11261,#11262,#11268,#11269));
#11261 = ORIENTED_EDGE('',*,*,#8407,.T.);
#11262 = ORIENTED_EDGE('',*,*,#11263,.T.);
#11263 = EDGE_CURVE('',#8408,#9712,#11264,.T.);
#11264 = LINE('',#11265,#11266);
#11265 = CARTESIAN_POINT('',(108.25,-108.14,-4.6E-02));
#11266 = VECTOR('',#11267,1.);
#11267 = DIRECTION('',(0.,0.,1.));
#11268 = ORIENTED_EDGE('',*,*,#9711,.F.);
#11269 = ORIENTED_EDGE('',*,*,#11263,.F.);
#11270 = CYLINDRICAL_SURFACE('',#11271,0.45);
#11271 = AXIS2_PLACEMENT_3D('',#11272,#11273,#11274);
#11272 = CARTESIAN_POINT('',(108.25,-107.69,-4.6E-02));
#11273 = DIRECTION('',(-0.,-0.,-1.));
#11274 = DIRECTION('',(-0.,-1.,0.));
#11275 = ADVANCED_FACE('',(#11276),#11287,.F.);
#11276 = FACE_BOUND('',#11277,.T.);
#11277 = EDGE_LOOP('',(#11278,#11279,#11285,#11286));
#11278 = ORIENTED_EDGE('',*,*,#8418,.T.);
#11279 = ORIENTED_EDGE('',*,*,#11280,.T.);
#11280 = EDGE_CURVE('',#8419,#9723,#11281,.T.);
#11281 = LINE('',#11282,#11283);
#11282 = CARTESIAN_POINT('',(133.65,-131.,-4.6E-02));
#11283 = VECTOR('',#11284,1.);
#11284 = DIRECTION('',(0.,0.,1.));
#11285 = ORIENTED_EDGE('',*,*,#9722,.F.);
#11286 = ORIENTED_EDGE('',*,*,#11280,.F.);
#11287 = CYLINDRICAL_SURFACE('',#11288,0.45);
#11288 = AXIS2_PLACEMENT_3D('',#11289,#11290,#11291);
#11289 = CARTESIAN_POINT('',(133.65,-130.55,-4.6E-02));
#11290 = DIRECTION('',(-0.,0.,-1.));
#11291 = DIRECTION('',(6.315935428978E-14,-1.,-0.));
#11292 = ADVANCED_FACE('',(#11293),#11304,.F.);
#11293 = FACE_BOUND('',#11294,.T.);
#11294 = EDGE_LOOP('',(#11295,#11296,#11302,#11303));
#11295 = ORIENTED_EDGE('',*,*,#8429,.T.);
#11296 = ORIENTED_EDGE('',*,*,#11297,.T.);
#11297 = EDGE_CURVE('',#8430,#9734,#11298,.T.);
#11298 = LINE('',#11299,#11300);
#11299 = CARTESIAN_POINT('',(133.65,-128.46,-4.6E-02));
#11300 = VECTOR('',#11301,1.);
#11301 = DIRECTION('',(0.,0.,1.));
#11302 = ORIENTED_EDGE('',*,*,#9733,.F.);
#11303 = ORIENTED_EDGE('',*,*,#11297,.F.);
#11304 = CYLINDRICAL_SURFACE('',#11305,0.45);
#11305 = AXIS2_PLACEMENT_3D('',#11306,#11307,#11308);
#11306 = CARTESIAN_POINT('',(133.65,-128.01,-4.6E-02));
#11307 = DIRECTION('',(-0.,0.,-1.));
#11308 = DIRECTION('',(6.315935428978E-14,-1.,-0.));
#11309 = ADVANCED_FACE('',(#11310),#11321,.F.);
#11310 = FACE_BOUND('',#11311,.T.);
#11311 = EDGE_LOOP('',(#11312,#11313,#11319,#11320));
#11312 = ORIENTED_EDGE('',*,*,#8440,.T.);
#11313 = ORIENTED_EDGE('',*,*,#11314,.T.);
#11314 = EDGE_CURVE('',#8441,#9745,#11315,.T.);
#11315 = LINE('',#11316,#11317);
#11316 = CARTESIAN_POINT('',(133.65,-125.92,-4.6E-02));
#11317 = VECTOR('',#11318,1.);
#11318 = DIRECTION('',(0.,0.,1.));
#11319 = ORIENTED_EDGE('',*,*,#9744,.F.);
#11320 = ORIENTED_EDGE('',*,*,#11314,.F.);
#11321 = CYLINDRICAL_SURFACE('',#11322,0.45);
#11322 = AXIS2_PLACEMENT_3D('',#11323,#11324,#11325);
#11323 = CARTESIAN_POINT('',(133.65,-125.47,-4.6E-02));
#11324 = DIRECTION('',(-0.,0.,-1.));
#11325 = DIRECTION('',(6.315935428978E-14,-1.,-0.));
#11326 = ADVANCED_FACE('',(#11327),#11338,.F.);
#11327 = FACE_BOUND('',#11328,.T.);
#11328 = EDGE_LOOP('',(#11329,#11330,#11336,#11337));
#11329 = ORIENTED_EDGE('',*,*,#8451,.T.);
#11330 = ORIENTED_EDGE('',*,*,#11331,.T.);
#11331 = EDGE_CURVE('',#8452,#9756,#11332,.T.);
#11332 = LINE('',#11333,#11334);
#11333 = CARTESIAN_POINT('',(133.65,-123.38,-4.6E-02));
#11334 = VECTOR('',#11335,1.);
#11335 = DIRECTION('',(0.,0.,1.));
#11336 = ORIENTED_EDGE('',*,*,#9755,.F.);
#11337 = ORIENTED_EDGE('',*,*,#11331,.F.);
#11338 = CYLINDRICAL_SURFACE('',#11339,0.45);
#11339 = AXIS2_PLACEMENT_3D('',#11340,#11341,#11342);
#11340 = CARTESIAN_POINT('',(133.65,-122.93,-4.6E-02));
#11341 = DIRECTION('',(-0.,0.,-1.));
#11342 = DIRECTION('',(6.315935428978E-14,-1.,-0.));
#11343 = ADVANCED_FACE('',(#11344),#11355,.F.);
#11344 = FACE_BOUND('',#11345,.T.);
#11345 = EDGE_LOOP('',(#11346,#11347,#11353,#11354));
#11346 = ORIENTED_EDGE('',*,*,#8462,.T.);
#11347 = ORIENTED_EDGE('',*,*,#11348,.T.);
#11348 = EDGE_CURVE('',#8463,#9767,#11349,.T.);
#11349 = LINE('',#11350,#11351);
#11350 = CARTESIAN_POINT('',(133.65,-120.84,-4.6E-02));
#11351 = VECTOR('',#11352,1.);
#11352 = DIRECTION('',(0.,0.,1.));
#11353 = ORIENTED_EDGE('',*,*,#9766,.F.);
#11354 = ORIENTED_EDGE('',*,*,#11348,.F.);
#11355 = CYLINDRICAL_SURFACE('',#11356,0.45);
#11356 = AXIS2_PLACEMENT_3D('',#11357,#11358,#11359);
#11357 = CARTESIAN_POINT('',(133.65,-120.39,-4.6E-02));
#11358 = DIRECTION('',(-0.,0.,-1.));
#11359 = DIRECTION('',(6.315935428978E-14,-1.,-0.));
#11360 = ADVANCED_FACE('',(#11361),#11372,.F.);
#11361 = FACE_BOUND('',#11362,.T.);
#11362 = EDGE_LOOP('',(#11363,#11364,#11370,#11371));
#11363 = ORIENTED_EDGE('',*,*,#8473,.T.);
#11364 = ORIENTED_EDGE('',*,*,#11365,.T.);
#11365 = EDGE_CURVE('',#8474,#9778,#11366,.T.);
#11366 = LINE('',#11367,#11368);
#11367 = CARTESIAN_POINT('',(133.65,-118.3,-4.6E-02));
#11368 = VECTOR('',#11369,1.);
#11369 = DIRECTION('',(0.,0.,1.));
#11370 = ORIENTED_EDGE('',*,*,#9777,.F.);
#11371 = ORIENTED_EDGE('',*,*,#11365,.F.);
#11372 = CYLINDRICAL_SURFACE('',#11373,0.45);
#11373 = AXIS2_PLACEMENT_3D('',#11374,#11375,#11376);
#11374 = CARTESIAN_POINT('',(133.65,-117.85,-4.6E-02));
#11375 = DIRECTION('',(-0.,0.,-1.));
#11376 = DIRECTION('',(6.315935428978E-14,-1.,-0.));
#11377 = ADVANCED_FACE('',(#11378),#11389,.F.);
#11378 = FACE_BOUND('',#11379,.T.);
#11379 = EDGE_LOOP('',(#11380,#11381,#11387,#11388));
#11380 = ORIENTED_EDGE('',*,*,#8484,.T.);
#11381 = ORIENTED_EDGE('',*,*,#11382,.T.);
#11382 = EDGE_CURVE('',#8485,#9789,#11383,.T.);
#11383 = LINE('',#11384,#11385);
#11384 = CARTESIAN_POINT('',(133.65,-115.76,-4.6E-02));
#11385 = VECTOR('',#11386,1.);
#11386 = DIRECTION('',(0.,0.,1.));
#11387 = ORIENTED_EDGE('',*,*,#9788,.F.);
#11388 = ORIENTED_EDGE('',*,*,#11382,.F.);
#11389 = CYLINDRICAL_SURFACE('',#11390,0.45);
#11390 = AXIS2_PLACEMENT_3D('',#11391,#11392,#11393);
#11391 = CARTESIAN_POINT('',(133.65,-115.31,-4.6E-02));
#11392 = DIRECTION('',(-0.,0.,-1.));
#11393 = DIRECTION('',(6.315935428978E-14,-1.,-0.));
#11394 = ADVANCED_FACE('',(#11395),#11406,.F.);
#11395 = FACE_BOUND('',#11396,.T.);
#11396 = EDGE_LOOP('',(#11397,#11398,#11404,#11405));
#11397 = ORIENTED_EDGE('',*,*,#8495,.T.);
#11398 = ORIENTED_EDGE('',*,*,#11399,.T.);
#11399 = EDGE_CURVE('',#8496,#9800,#11400,.T.);
#11400 = LINE('',#11401,#11402);
#11401 = CARTESIAN_POINT('',(133.65,-113.22,-4.6E-02));
#11402 = VECTOR('',#11403,1.);
#11403 = DIRECTION('',(0.,0.,1.));
#11404 = ORIENTED_EDGE('',*,*,#9799,.F.);
#11405 = ORIENTED_EDGE('',*,*,#11399,.F.);
#11406 = CYLINDRICAL_SURFACE('',#11407,0.45);
#11407 = AXIS2_PLACEMENT_3D('',#11408,#11409,#11410);
#11408 = CARTESIAN_POINT('',(133.65,-112.77,-4.6E-02));
#11409 = DIRECTION('',(-0.,0.,-1.));
#11410 = DIRECTION('',(6.315935428978E-14,-1.,-0.));
#11411 = ADVANCED_FACE('',(#11412),#11423,.F.);
#11412 = FACE_BOUND('',#11413,.T.);
#11413 = EDGE_LOOP('',(#11414,#11415,#11421,#11422));
#11414 = ORIENTED_EDGE('',*,*,#8506,.T.);
#11415 = ORIENTED_EDGE('',*,*,#11416,.T.);
#11416 = EDGE_CURVE('',#8507,#9811,#11417,.T.);
#11417 = LINE('',#11418,#11419);
#11418 = CARTESIAN_POINT('',(133.65,-110.68,-4.6E-02));
#11419 = VECTOR('',#11420,1.);
#11420 = DIRECTION('',(0.,0.,1.));
#11421 = ORIENTED_EDGE('',*,*,#9810,.F.);
#11422 = ORIENTED_EDGE('',*,*,#11416,.F.);
#11423 = CYLINDRICAL_SURFACE('',#11424,0.45);
#11424 = AXIS2_PLACEMENT_3D('',#11425,#11426,#11427);
#11425 = CARTESIAN_POINT('',(133.65,-110.23,-4.6E-02));
#11426 = DIRECTION('',(-0.,0.,-1.));
#11427 = DIRECTION('',(6.315935428978E-14,-1.,-0.));
#11428 = ADVANCED_FACE('',(#11429),#11440,.F.);
#11429 = FACE_BOUND('',#11430,.T.);
#11430 = EDGE_LOOP('',(#11431,#11432,#11438,#11439));
#11431 = ORIENTED_EDGE('',*,*,#8517,.T.);
#11432 = ORIENTED_EDGE('',*,*,#11433,.T.);
#11433 = EDGE_CURVE('',#8518,#9822,#11434,.T.);
#11434 = LINE('',#11435,#11436);
#11435 = CARTESIAN_POINT('',(133.65,-108.14,-4.6E-02));
#11436 = VECTOR('',#11437,1.);
#11437 = DIRECTION('',(0.,0.,1.));
#11438 = ORIENTED_EDGE('',*,*,#9821,.F.);
#11439 = ORIENTED_EDGE('',*,*,#11433,.F.);
#11440 = CYLINDRICAL_SURFACE('',#11441,0.45);
#11441 = AXIS2_PLACEMENT_3D('',#11442,#11443,#11444);
#11442 = CARTESIAN_POINT('',(133.65,-107.69,-4.6E-02));
#11443 = DIRECTION('',(-0.,0.,-1.));
#11444 = DIRECTION('',(6.315935428978E-14,-1.,-0.));
#11445 = ADVANCED_FACE('',(#11446),#11457,.F.);
#11446 = FACE_BOUND('',#11447,.T.);
#11447 = EDGE_LOOP('',(#11448,#11449,#11455,#11456));
#11448 = ORIENTED_EDGE('',*,*,#8528,.T.);
#11449 = ORIENTED_EDGE('',*,*,#11450,.T.);
#11450 = EDGE_CURVE('',#8529,#9833,#11451,.T.);
#11451 = LINE('',#11452,#11453);
#11452 = CARTESIAN_POINT('',(51.3,-100.25,-4.6E-02));
#11453 = VECTOR('',#11454,1.);
#11454 = DIRECTION('',(0.,0.,1.));
#11455 = ORIENTED_EDGE('',*,*,#9832,.F.);
#11456 = ORIENTED_EDGE('',*,*,#11450,.F.);
#11457 = CYLINDRICAL_SURFACE('',#11458,2.25);
#11458 = AXIS2_PLACEMENT_3D('',#11459,#11460,#11461);
#11459 = CARTESIAN_POINT('',(51.3,-98.,-4.6E-02));
#11460 = DIRECTION('',(-0.,-0.,-1.));
#11461 = DIRECTION('',(-0.,-1.,0.));
#11462 = ADVANCED_FACE('',(#11463),#11474,.F.);
#11463 = FACE_BOUND('',#11464,.T.);
#11464 = EDGE_LOOP('',(#11465,#11466,#11472,#11473));
#11465 = ORIENTED_EDGE('',*,*,#8539,.T.);
#11466 = ORIENTED_EDGE('',*,*,#11467,.T.);
#11467 = EDGE_CURVE('',#8540,#9844,#11468,.T.);
#11468 = LINE('',#11469,#11470);
#11469 = CARTESIAN_POINT('',(58.5,-100.25,-4.6E-02));
#11470 = VECTOR('',#11471,1.);
#11471 = DIRECTION('',(0.,0.,1.));
#11472 = ORIENTED_EDGE('',*,*,#9843,.F.);
#11473 = ORIENTED_EDGE('',*,*,#11467,.F.);
#11474 = CYLINDRICAL_SURFACE('',#11475,2.25);
#11475 = AXIS2_PLACEMENT_3D('',#11476,#11477,#11478);
#11476 = CARTESIAN_POINT('',(58.5,-98.,-4.6E-02));
#11477 = DIRECTION('',(-0.,-0.,-1.));
#11478 = DIRECTION('',(-0.,-1.,0.));
#11479 = ADVANCED_FACE('',(#11480),#11491,.F.);
#11480 = FACE_BOUND('',#11481,.T.);
#11481 = EDGE_LOOP('',(#11482,#11483,#11489,#11490));
#11482 = ORIENTED_EDGE('',*,*,#8550,.T.);
#11483 = ORIENTED_EDGE('',*,*,#11484,.T.);
#11484 = EDGE_CURVE('',#8551,#9855,#11485,.T.);
#11485 = LINE('',#11486,#11487);
#11486 = CARTESIAN_POINT('',(51.4,-90.75,-4.6E-02));
#11487 = VECTOR('',#11488,1.);
#11488 = DIRECTION('',(0.,0.,1.));
#11489 = ORIENTED_EDGE('',*,*,#9854,.F.);
#11490 = ORIENTED_EDGE('',*,*,#11484,.F.);
#11491 = CYLINDRICAL_SURFACE('',#11492,2.25);
#11492 = AXIS2_PLACEMENT_3D('',#11493,#11494,#11495);
#11493 = CARTESIAN_POINT('',(51.4,-88.5,-4.6E-02));
#11494 = DIRECTION('',(-0.,-0.,-1.));
#11495 = DIRECTION('',(-0.,-1.,0.));
#11496 = ADVANCED_FACE('',(#11497),#11508,.F.);
#11497 = FACE_BOUND('',#11498,.T.);
#11498 = EDGE_LOOP('',(#11499,#11500,#11506,#11507));
#11499 = ORIENTED_EDGE('',*,*,#8561,.T.);
#11500 = ORIENTED_EDGE('',*,*,#11501,.T.);
#11501 = EDGE_CURVE('',#8562,#9866,#11502,.T.);
#11502 = LINE('',#11503,#11504);
#11503 = CARTESIAN_POINT('',(58.6,-90.75,-4.6E-02));
#11504 = VECTOR('',#11505,1.);
#11505 = DIRECTION('',(0.,0.,1.));
#11506 = ORIENTED_EDGE('',*,*,#9865,.F.);
#11507 = ORIENTED_EDGE('',*,*,#11501,.F.);
#11508 = CYLINDRICAL_SURFACE('',#11509,2.25);
#11509 = AXIS2_PLACEMENT_3D('',#11510,#11511,#11512);
#11510 = CARTESIAN_POINT('',(58.6,-88.5,-4.6E-02));
#11511 = DIRECTION('',(-0.,-0.,-1.));
#11512 = DIRECTION('',(-0.,-1.,0.));
#11513 = ADVANCED_FACE('',(#11514),#11525,.F.);
#11514 = FACE_BOUND('',#11515,.T.);
#11515 = EDGE_LOOP('',(#11516,#11517,#11523,#11524));
#11516 = ORIENTED_EDGE('',*,*,#8572,.T.);
#11517 = ORIENTED_EDGE('',*,*,#11518,.T.);
#11518 = EDGE_CURVE('',#8573,#9877,#11519,.T.);
#11519 = LINE('',#11520,#11521);
#11520 = CARTESIAN_POINT('',(77.25,-105.7,-4.6E-02));
#11521 = VECTOR('',#11522,1.);
#11522 = DIRECTION('',(0.,0.,1.));
#11523 = ORIENTED_EDGE('',*,*,#9876,.F.);
#11524 = ORIENTED_EDGE('',*,*,#11518,.F.);
#11525 = CYLINDRICAL_SURFACE('',#11526,0.7);
#11526 = AXIS2_PLACEMENT_3D('',#11527,#11528,#11529);
#11527 = CARTESIAN_POINT('',(77.25,-105.,-4.6E-02));
#11528 = DIRECTION('',(-0.,-0.,-1.));
#11529 = DIRECTION('',(-0.,-1.,0.));
#11530 = ADVANCED_FACE('',(#11531),#11542,.F.);
#11531 = FACE_BOUND('',#11532,.T.);
#11532 = EDGE_LOOP('',(#11533,#11534,#11540,#11541));
#11533 = ORIENTED_EDGE('',*,*,#8583,.T.);
#11534 = ORIENTED_EDGE('',*,*,#11535,.T.);
#11535 = EDGE_CURVE('',#8584,#9888,#11536,.T.);
#11536 = LINE('',#11537,#11538);
#11537 = CARTESIAN_POINT('',(77.5,-98.6,-4.6E-02));
#11538 = VECTOR('',#11539,1.);
#11539 = DIRECTION('',(0.,0.,1.));
#11540 = ORIENTED_EDGE('',*,*,#9887,.F.);
#11541 = ORIENTED_EDGE('',*,*,#11535,.F.);
#11542 = CYLINDRICAL_SURFACE('',#11543,1.35);
#11543 = AXIS2_PLACEMENT_3D('',#11544,#11545,#11546);
#11544 = CARTESIAN_POINT('',(77.5,-97.25,-4.6E-02));
#11545 = DIRECTION('',(-0.,-0.,-1.));
#11546 = DIRECTION('',(-0.,-1.,0.));
#11547 = ADVANCED_FACE('',(#11548),#11559,.F.);
#11548 = FACE_BOUND('',#11549,.T.);
#11549 = EDGE_LOOP('',(#11550,#11551,#11557,#11558));
#11550 = ORIENTED_EDGE('',*,*,#8594,.T.);
#11551 = ORIENTED_EDGE('',*,*,#11552,.T.);
#11552 = EDGE_CURVE('',#8595,#9899,#11553,.T.);
#11553 = LINE('',#11554,#11555);
#11554 = CARTESIAN_POINT('',(82.75,-105.7,-4.6E-02));
#11555 = VECTOR('',#11556,1.);
#11556 = DIRECTION('',(0.,0.,1.));
#11557 = ORIENTED_EDGE('',*,*,#9898,.F.);
#11558 = ORIENTED_EDGE('',*,*,#11552,.F.);
#11559 = CYLINDRICAL_SURFACE('',#11560,0.7);
#11560 = AXIS2_PLACEMENT_3D('',#11561,#11562,#11563);
#11561 = CARTESIAN_POINT('',(82.75,-105.,-4.6E-02));
#11562 = DIRECTION('',(-0.,-0.,-1.));
#11563 = DIRECTION('',(-0.,-1.,0.));
#11564 = ADVANCED_FACE('',(#11565),#11576,.F.);
#11565 = FACE_BOUND('',#11566,.T.);
#11566 = EDGE_LOOP('',(#11567,#11568,#11574,#11575));
#11567 = ORIENTED_EDGE('',*,*,#8605,.T.);
#11568 = ORIENTED_EDGE('',*,*,#11569,.T.);
#11569 = EDGE_CURVE('',#8606,#9910,#11570,.T.);
#11570 = LINE('',#11571,#11572);
#11571 = CARTESIAN_POINT('',(82.5,-98.6,-4.6E-02));
#11572 = VECTOR('',#11573,1.);
#11573 = DIRECTION('',(0.,0.,1.));
#11574 = ORIENTED_EDGE('',*,*,#9909,.F.);
#11575 = ORIENTED_EDGE('',*,*,#11569,.F.);
#11576 = CYLINDRICAL_SURFACE('',#11577,1.35);
#11577 = AXIS2_PLACEMENT_3D('',#11578,#11579,#11580);
#11578 = CARTESIAN_POINT('',(82.5,-97.25,-4.6E-02));
#11579 = DIRECTION('',(-0.,-0.,-1.));
#11580 = DIRECTION('',(-0.,-1.,0.));
#11581 = ADVANCED_FACE('',(#11582),#11593,.F.);
#11582 = FACE_BOUND('',#11583,.T.);
#11583 = EDGE_LOOP('',(#11584,#11585,#11591,#11592));
#11584 = ORIENTED_EDGE('',*,*,#8616,.T.);
#11585 = ORIENTED_EDGE('',*,*,#11586,.T.);
#11586 = EDGE_CURVE('',#8617,#9921,#11587,.T.);
#11587 = LINE('',#11588,#11589);
#11588 = CARTESIAN_POINT('',(90.42,-96.25,-4.6E-02));
#11589 = VECTOR('',#11590,1.);
#11590 = DIRECTION('',(0.,0.,1.));
#11591 = ORIENTED_EDGE('',*,*,#9920,.F.);
#11592 = ORIENTED_EDGE('',*,*,#11586,.F.);
#11593 = CYLINDRICAL_SURFACE('',#11594,0.5);
#11594 = AXIS2_PLACEMENT_3D('',#11595,#11596,#11597);
#11595 = CARTESIAN_POINT('',(90.42,-95.75,-4.6E-02));
#11596 = DIRECTION('',(-0.,-0.,-1.));
#11597 = DIRECTION('',(-0.,-1.,0.));
#11598 = ADVANCED_FACE('',(#11599),#11610,.F.);
#11599 = FACE_BOUND('',#11600,.T.);
#11600 = EDGE_LOOP('',(#11601,#11602,#11608,#11609));
#11601 = ORIENTED_EDGE('',*,*,#8627,.T.);
#11602 = ORIENTED_EDGE('',*,*,#11603,.T.);
#11603 = EDGE_CURVE('',#8628,#9932,#11604,.T.);
#11604 = LINE('',#11605,#11606);
#11605 = CARTESIAN_POINT('',(77.11,-87.381,-4.6E-02));
#11606 = VECTOR('',#11607,1.);
#11607 = DIRECTION('',(0.,0.,1.));
#11608 = ORIENTED_EDGE('',*,*,#9931,.F.);
#11609 = ORIENTED_EDGE('',*,*,#11603,.F.);
#11610 = CYLINDRICAL_SURFACE('',#11611,0.381);
#11611 = AXIS2_PLACEMENT_3D('',#11612,#11613,#11614);
#11612 = CARTESIAN_POINT('',(77.11,-87.,-4.6E-02));
#11613 = DIRECTION('',(-0.,-0.,-1.));
#11614 = DIRECTION('',(-0.,-1.,0.));
#11615 = ADVANCED_FACE('',(#11616),#11627,.F.);
#11616 = FACE_BOUND('',#11617,.T.);
#11617 = EDGE_LOOP('',(#11618,#11619,#11625,#11626));
#11618 = ORIENTED_EDGE('',*,*,#8638,.T.);
#11619 = ORIENTED_EDGE('',*,*,#11620,.T.);
#11620 = EDGE_CURVE('',#8639,#9943,#11621,.T.);
#11621 = LINE('',#11622,#11623);
#11622 = CARTESIAN_POINT('',(77.11,-84.841,-4.6E-02));
#11623 = VECTOR('',#11624,1.);
#11624 = DIRECTION('',(0.,0.,1.));
#11625 = ORIENTED_EDGE('',*,*,#9942,.F.);
#11626 = ORIENTED_EDGE('',*,*,#11620,.F.);
#11627 = CYLINDRICAL_SURFACE('',#11628,0.381);
#11628 = AXIS2_PLACEMENT_3D('',#11629,#11630,#11631);
#11629 = CARTESIAN_POINT('',(77.11,-84.46,-4.6E-02));
#11630 = DIRECTION('',(-0.,-0.,-1.));
#11631 = DIRECTION('',(-0.,-1.,0.));
#11632 = ADVANCED_FACE('',(#11633),#11644,.F.);
#11633 = FACE_BOUND('',#11634,.T.);
#11634 = EDGE_LOOP('',(#11635,#11636,#11642,#11643));
#11635 = ORIENTED_EDGE('',*,*,#8649,.T.);
#11636 = ORIENTED_EDGE('',*,*,#11637,.T.);
#11637 = EDGE_CURVE('',#8650,#9954,#11638,.T.);
#11638 = LINE('',#11639,#11640);
#11639 = CARTESIAN_POINT('',(77.11,-82.301,-4.6E-02));
#11640 = VECTOR('',#11641,1.);
#11641 = DIRECTION('',(0.,0.,1.));
#11642 = ORIENTED_EDGE('',*,*,#9953,.F.);
#11643 = ORIENTED_EDGE('',*,*,#11637,.F.);
#11644 = CYLINDRICAL_SURFACE('',#11645,0.381);
#11645 = AXIS2_PLACEMENT_3D('',#11646,#11647,#11648);
#11646 = CARTESIAN_POINT('',(77.11,-81.92,-4.6E-02));
#11647 = DIRECTION('',(-0.,-0.,-1.));
#11648 = DIRECTION('',(-0.,-1.,0.));
#11649 = ADVANCED_FACE('',(#11650),#11661,.F.);
#11650 = FACE_BOUND('',#11651,.T.);
#11651 = EDGE_LOOP('',(#11652,#11653,#11659,#11660));
#11652 = ORIENTED_EDGE('',*,*,#8660,.T.);
#11653 = ORIENTED_EDGE('',*,*,#11654,.T.);
#11654 = EDGE_CURVE('',#8661,#9965,#11655,.T.);
#11655 = LINE('',#11656,#11657);
#11656 = CARTESIAN_POINT('',(51.012473,-79.551037,-4.6E-02));
#11657 = VECTOR('',#11658,1.);
#11658 = DIRECTION('',(0.,0.,1.));
#11659 = ORIENTED_EDGE('',*,*,#9964,.F.);
#11660 = ORIENTED_EDGE('',*,*,#11654,.F.);
#11661 = CYLINDRICAL_SURFACE('',#11662,2.25);
#11662 = AXIS2_PLACEMENT_3D('',#11663,#11664,#11665);
#11663 = CARTESIAN_POINT('',(51.012473,-77.301037,-4.6E-02));
#11664 = DIRECTION('',(-0.,-0.,-1.));
#11665 = DIRECTION('',(-0.,-1.,0.));
#11666 = ADVANCED_FACE('',(#11667),#11678,.F.);
#11667 = FACE_BOUND('',#11668,.T.);
#11668 = EDGE_LOOP('',(#11669,#11670,#11676,#11677));
#11669 = ORIENTED_EDGE('',*,*,#8671,.T.);
#11670 = ORIENTED_EDGE('',*,*,#11671,.T.);
#11671 = EDGE_CURVE('',#8672,#9976,#11672,.T.);
#11672 = LINE('',#11673,#11674);
#11673 = CARTESIAN_POINT('',(58.212473,-79.551037,-4.6E-02));
#11674 = VECTOR('',#11675,1.);
#11675 = DIRECTION('',(0.,0.,1.));
#11676 = ORIENTED_EDGE('',*,*,#9975,.F.);
#11677 = ORIENTED_EDGE('',*,*,#11671,.F.);
#11678 = CYLINDRICAL_SURFACE('',#11679,2.25);
#11679 = AXIS2_PLACEMENT_3D('',#11680,#11681,#11682);
#11680 = CARTESIAN_POINT('',(58.212473,-77.301037,-4.6E-02));
#11681 = DIRECTION('',(-0.,-0.,-1.));
#11682 = DIRECTION('',(-0.,-1.,0.));
#11683 = ADVANCED_FACE('',(#11684),#11695,.F.);
#11684 = FACE_BOUND('',#11685,.T.);
#11685 = EDGE_LOOP('',(#11686,#11687,#11693,#11694));
#11686 = ORIENTED_EDGE('',*,*,#8682,.T.);
#11687 = ORIENTED_EDGE('',*,*,#11688,.T.);
#11688 = EDGE_CURVE('',#8683,#9987,#11689,.T.);
#11689 = LINE('',#11690,#11691);
#11690 = CARTESIAN_POINT('',(50.767429,-68.535896,-4.6E-02));
#11691 = VECTOR('',#11692,1.);
#11692 = DIRECTION('',(0.,0.,1.));
#11693 = ORIENTED_EDGE('',*,*,#9986,.F.);
#11694 = ORIENTED_EDGE('',*,*,#11688,.F.);
#11695 = CYLINDRICAL_SURFACE('',#11696,2.25);
#11696 = AXIS2_PLACEMENT_3D('',#11697,#11698,#11699);
#11697 = CARTESIAN_POINT('',(50.767429,-66.285896,-4.6E-02));
#11698 = DIRECTION('',(-0.,-0.,-1.));
#11699 = DIRECTION('',(-0.,-1.,0.));
#11700 = ADVANCED_FACE('',(#11701),#11712,.F.);
#11701 = FACE_BOUND('',#11702,.T.);
#11702 = EDGE_LOOP('',(#11703,#11704,#11710,#11711));
#11703 = ORIENTED_EDGE('',*,*,#8693,.T.);
#11704 = ORIENTED_EDGE('',*,*,#11705,.T.);
#11705 = EDGE_CURVE('',#8694,#9998,#11706,.T.);
#11706 = LINE('',#11707,#11708);
#11707 = CARTESIAN_POINT('',(57.967429,-68.535896,-4.6E-02));
#11708 = VECTOR('',#11709,1.);
#11709 = DIRECTION('',(0.,0.,1.));
#11710 = ORIENTED_EDGE('',*,*,#9997,.F.);
#11711 = ORIENTED_EDGE('',*,*,#11705,.F.);
#11712 = CYLINDRICAL_SURFACE('',#11713,2.25);
#11713 = AXIS2_PLACEMENT_3D('',#11714,#11715,#11716);
#11714 = CARTESIAN_POINT('',(57.967429,-66.285896,-4.6E-02));
#11715 = DIRECTION('',(-0.,-0.,-1.));
#11716 = DIRECTION('',(-0.,-1.,0.));
#11717 = ADVANCED_FACE('',(#11718),#11729,.F.);
#11718 = FACE_BOUND('',#11719,.T.);
#11719 = EDGE_LOOP('',(#11720,#11721,#11727,#11728));
#11720 = ORIENTED_EDGE('',*,*,#8704,.T.);
#11721 = ORIENTED_EDGE('',*,*,#11722,.T.);
#11722 = EDGE_CURVE('',#8705,#10009,#11723,.T.);
#11723 = LINE('',#11724,#11725);
#11724 = CARTESIAN_POINT('',(69.13,-66.65,-4.6E-02));
#11725 = VECTOR('',#11726,1.);
#11726 = DIRECTION('',(0.,0.,1.));
#11727 = ORIENTED_EDGE('',*,*,#10008,.F.);
#11728 = ORIENTED_EDGE('',*,*,#11722,.F.);
#11729 = CYLINDRICAL_SURFACE('',#11730,2.25);
#11730 = AXIS2_PLACEMENT_3D('',#11731,#11732,#11733);
#11731 = CARTESIAN_POINT('',(69.13,-64.4,-4.6E-02));
#11732 = DIRECTION('',(-0.,-0.,-1.));
#11733 = DIRECTION('',(-0.,-1.,0.));
#11734 = ADVANCED_FACE('',(#11735),#11746,.F.);
#11735 = FACE_BOUND('',#11736,.T.);
#11736 = EDGE_LOOP('',(#11737,#11738,#11744,#11745));
#11737 = ORIENTED_EDGE('',*,*,#8715,.T.);
#11738 = ORIENTED_EDGE('',*,*,#11739,.T.);
#11739 = EDGE_CURVE('',#8716,#10020,#11740,.T.);
#11740 = LINE('',#11741,#11742);
#11741 = CARTESIAN_POINT('',(69.13,-59.45,-4.6E-02));
#11742 = VECTOR('',#11743,1.);
#11743 = DIRECTION('',(0.,0.,1.));
#11744 = ORIENTED_EDGE('',*,*,#10019,.F.);
#11745 = ORIENTED_EDGE('',*,*,#11739,.F.);
#11746 = CYLINDRICAL_SURFACE('',#11747,2.25);
#11747 = AXIS2_PLACEMENT_3D('',#11748,#11749,#11750);
#11748 = CARTESIAN_POINT('',(69.13,-57.2,-4.6E-02));
#11749 = DIRECTION('',(-0.,-0.,-1.));
#11750 = DIRECTION('',(-0.,-1.,0.));
#11751 = ADVANCED_FACE('',(#11752),#11763,.F.);
#11752 = FACE_BOUND('',#11753,.T.);
#11753 = EDGE_LOOP('',(#11754,#11755,#11761,#11762));
#11754 = ORIENTED_EDGE('',*,*,#8726,.T.);
#11755 = ORIENTED_EDGE('',*,*,#11756,.T.);
#11756 = EDGE_CURVE('',#8727,#10031,#11757,.T.);
#11757 = LINE('',#11758,#11759);
#11758 = CARTESIAN_POINT('',(77.11,-79.761,-4.6E-02));
#11759 = VECTOR('',#11760,1.);
#11760 = DIRECTION('',(0.,0.,1.));
#11761 = ORIENTED_EDGE('',*,*,#10030,.F.);
#11762 = ORIENTED_EDGE('',*,*,#11756,.F.);
#11763 = CYLINDRICAL_SURFACE('',#11764,0.381);
#11764 = AXIS2_PLACEMENT_3D('',#11765,#11766,#11767);
#11765 = CARTESIAN_POINT('',(77.11,-79.38,-4.6E-02));
#11766 = DIRECTION('',(-0.,-0.,-1.));
#11767 = DIRECTION('',(-0.,-1.,0.));
#11768 = ADVANCED_FACE('',(#11769),#11780,.F.);
#11769 = FACE_BOUND('',#11770,.T.);
#11770 = EDGE_LOOP('',(#11771,#11772,#11778,#11779));
#11771 = ORIENTED_EDGE('',*,*,#8737,.T.);
#11772 = ORIENTED_EDGE('',*,*,#11773,.T.);
#11773 = EDGE_CURVE('',#8738,#10042,#11774,.T.);
#11774 = LINE('',#11775,#11776);
#11775 = CARTESIAN_POINT('',(77.11,-77.221,-4.6E-02));
#11776 = VECTOR('',#11777,1.);
#11777 = DIRECTION('',(0.,0.,1.));
#11778 = ORIENTED_EDGE('',*,*,#10041,.F.);
#11779 = ORIENTED_EDGE('',*,*,#11773,.F.);
#11780 = CYLINDRICAL_SURFACE('',#11781,0.381);
#11781 = AXIS2_PLACEMENT_3D('',#11782,#11783,#11784);
#11782 = CARTESIAN_POINT('',(77.11,-76.84,-4.6E-02));
#11783 = DIRECTION('',(-0.,-0.,-1.));
#11784 = DIRECTION('',(-0.,-1.,0.));
#11785 = ADVANCED_FACE('',(#11786),#11797,.F.);
#11786 = FACE_BOUND('',#11787,.T.);
#11787 = EDGE_LOOP('',(#11788,#11789,#11795,#11796));
#11788 = ORIENTED_EDGE('',*,*,#8748,.T.);
#11789 = ORIENTED_EDGE('',*,*,#11790,.T.);
#11790 = EDGE_CURVE('',#8749,#10053,#11791,.T.);
#11791 = LINE('',#11792,#11793);
#11792 = CARTESIAN_POINT('',(70.5,-75.6,-4.6E-02));
#11793 = VECTOR('',#11794,1.);
#11794 = DIRECTION('',(0.,0.,1.));
#11795 = ORIENTED_EDGE('',*,*,#10052,.F.);
#11796 = ORIENTED_EDGE('',*,*,#11790,.F.);
#11797 = CYLINDRICAL_SURFACE('',#11798,1.6);
#11798 = AXIS2_PLACEMENT_3D('',#11799,#11800,#11801);
#11799 = CARTESIAN_POINT('',(70.5,-74.,-4.6E-02));
#11800 = DIRECTION('',(-0.,-0.,-1.));
#11801 = DIRECTION('',(-0.,-1.,0.));
#11802 = ADVANCED_FACE('',(#11803),#11814,.F.);
#11803 = FACE_BOUND('',#11804,.T.);
#11804 = EDGE_LOOP('',(#11805,#11811,#11812,#11813));
#11805 = ORIENTED_EDGE('',*,*,#11806,.T.);
#11806 = EDGE_CURVE('',#8760,#10064,#11807,.T.);
#11807 = LINE('',#11808,#11809);
#11808 = CARTESIAN_POINT('',(79.23,-73.05,0.));
#11809 = VECTOR('',#11810,1.);
#11810 = DIRECTION('',(0.,0.,1.));
#11811 = ORIENTED_EDGE('',*,*,#10063,.T.);
#11812 = ORIENTED_EDGE('',*,*,#11806,.F.);
#11813 = ORIENTED_EDGE('',*,*,#8759,.F.);
#11814 = CYLINDRICAL_SURFACE('',#11815,1.09);
#11815 = AXIS2_PLACEMENT_3D('',#11816,#11817,#11818);
#11816 = CARTESIAN_POINT('',(78.14,-73.05,0.));
#11817 = DIRECTION('',(-0.,-0.,-1.));
#11818 = DIRECTION('',(1.,0.,-0.));
#11819 = ADVANCED_FACE('',(#11820),#11831,.F.);
#11820 = FACE_BOUND('',#11821,.T.);
#11821 = EDGE_LOOP('',(#11822,#11823,#11829,#11830));
#11822 = ORIENTED_EDGE('',*,*,#8770,.T.);
#11823 = ORIENTED_EDGE('',*,*,#11824,.T.);
#11824 = EDGE_CURVE('',#8771,#10075,#11825,.T.);
#11825 = LINE('',#11826,#11827);
#11826 = CARTESIAN_POINT('',(81.11,-66.56,-4.6E-02));
#11827 = VECTOR('',#11828,1.);
#11828 = DIRECTION('',(0.,0.,1.));
#11829 = ORIENTED_EDGE('',*,*,#10074,.F.);
#11830 = ORIENTED_EDGE('',*,*,#11824,.F.);
#11831 = CYLINDRICAL_SURFACE('',#11832,2.25);
#11832 = AXIS2_PLACEMENT_3D('',#11833,#11834,#11835);
#11833 = CARTESIAN_POINT('',(81.11,-64.31,-4.6E-02));
#11834 = DIRECTION('',(-0.,-0.,-1.));
#11835 = DIRECTION('',(-0.,-1.,0.));
#11836 = ADVANCED_FACE('',(#11837),#11848,.F.);
#11837 = FACE_BOUND('',#11838,.T.);
#11838 = EDGE_LOOP('',(#11839,#11840,#11846,#11847));
#11839 = ORIENTED_EDGE('',*,*,#8781,.T.);
#11840 = ORIENTED_EDGE('',*,*,#11841,.T.);
#11841 = EDGE_CURVE('',#8782,#10086,#11842,.T.);
#11842 = LINE('',#11843,#11844);
#11843 = CARTESIAN_POINT('',(81.11,-59.36,-4.6E-02));
#11844 = VECTOR('',#11845,1.);
#11845 = DIRECTION('',(0.,0.,1.));
#11846 = ORIENTED_EDGE('',*,*,#10085,.F.);
#11847 = ORIENTED_EDGE('',*,*,#11841,.F.);
#11848 = CYLINDRICAL_SURFACE('',#11849,2.25);
#11849 = AXIS2_PLACEMENT_3D('',#11850,#11851,#11852);
#11850 = CARTESIAN_POINT('',(81.11,-57.11,-4.6E-02));
#11851 = DIRECTION('',(-0.,-0.,-1.));
#11852 = DIRECTION('',(-0.,-1.,0.));
#11853 = ADVANCED_FACE('',(#11854),#11865,.F.);
#11854 = FACE_BOUND('',#11855,.T.);
#11855 = EDGE_LOOP('',(#11856,#11857,#11863,#11864));
#11856 = ORIENTED_EDGE('',*,*,#8792,.T.);
#11857 = ORIENTED_EDGE('',*,*,#11858,.T.);
#11858 = EDGE_CURVE('',#8793,#10097,#11859,.T.);
#11859 = LINE('',#11860,#11861);
#11860 = CARTESIAN_POINT('',(92.96,-96.25,-4.6E-02));
#11861 = VECTOR('',#11862,1.);
#11862 = DIRECTION('',(0.,0.,1.));
#11863 = ORIENTED_EDGE('',*,*,#10096,.F.);
#11864 = ORIENTED_EDGE('',*,*,#11858,.F.);
#11865 = CYLINDRICAL_SURFACE('',#11866,0.5);
#11866 = AXIS2_PLACEMENT_3D('',#11867,#11868,#11869);
#11867 = CARTESIAN_POINT('',(92.96,-95.75,-4.6E-02));
#11868 = DIRECTION('',(-0.,-0.,-1.));
#11869 = DIRECTION('',(-0.,-1.,0.));
#11870 = ADVANCED_FACE('',(#11871),#11882,.F.);
#11871 = FACE_BOUND('',#11872,.T.);
#11872 = EDGE_LOOP('',(#11873,#11874,#11880,#11881));
#11873 = ORIENTED_EDGE('',*,*,#8803,.T.);
#11874 = ORIENTED_EDGE('',*,*,#11875,.T.);
#11875 = EDGE_CURVE('',#8804,#10108,#11876,.T.);
#11876 = LINE('',#11877,#11878);
#11877 = CARTESIAN_POINT('',(95.5,-96.25,-4.6E-02));
#11878 = VECTOR('',#11879,1.);
#11879 = DIRECTION('',(0.,0.,1.));
#11880 = ORIENTED_EDGE('',*,*,#10107,.F.);
#11881 = ORIENTED_EDGE('',*,*,#11875,.F.);
#11882 = CYLINDRICAL_SURFACE('',#11883,0.5);
#11883 = AXIS2_PLACEMENT_3D('',#11884,#11885,#11886);
#11884 = CARTESIAN_POINT('',(95.5,-95.75,-4.6E-02));
#11885 = DIRECTION('',(-0.,-0.,-1.));
#11886 = DIRECTION('',(-0.,-1.,0.));
#11887 = ADVANCED_FACE('',(#11888),#11899,.F.);
#11888 = FACE_BOUND('',#11889,.T.);
#11889 = EDGE_LOOP('',(#11890,#11891,#11897,#11898));
#11890 = ORIENTED_EDGE('',*,*,#8814,.T.);
#11891 = ORIENTED_EDGE('',*,*,#11892,.T.);
#11892 = EDGE_CURVE('',#8815,#10119,#11893,.T.);
#11893 = LINE('',#11894,#11895);
#11894 = CARTESIAN_POINT('',(98.04,-96.25,-4.6E-02));
#11895 = VECTOR('',#11896,1.);
#11896 = DIRECTION('',(0.,0.,1.));
#11897 = ORIENTED_EDGE('',*,*,#10118,.F.);
#11898 = ORIENTED_EDGE('',*,*,#11892,.F.);
#11899 = CYLINDRICAL_SURFACE('',#11900,0.5);
#11900 = AXIS2_PLACEMENT_3D('',#11901,#11902,#11903);
#11901 = CARTESIAN_POINT('',(98.04,-95.75,-4.6E-02));
#11902 = DIRECTION('',(-0.,-0.,-1.));
#11903 = DIRECTION('',(-0.,-1.,0.));
#11904 = ADVANCED_FACE('',(#11905),#11916,.F.);
#11905 = FACE_BOUND('',#11906,.T.);
#11906 = EDGE_LOOP('',(#11907,#11908,#11914,#11915));
#11907 = ORIENTED_EDGE('',*,*,#8825,.T.);
#11908 = ORIENTED_EDGE('',*,*,#11909,.T.);
#11909 = EDGE_CURVE('',#8826,#10130,#11910,.T.);
#11910 = LINE('',#11911,#11912);
#11911 = CARTESIAN_POINT('',(108.25,-105.6,-4.6E-02));
#11912 = VECTOR('',#11913,1.);
#11913 = DIRECTION('',(0.,0.,1.));
#11914 = ORIENTED_EDGE('',*,*,#10129,.F.);
#11915 = ORIENTED_EDGE('',*,*,#11909,.F.);
#11916 = CYLINDRICAL_SURFACE('',#11917,0.45);
#11917 = AXIS2_PLACEMENT_3D('',#11918,#11919,#11920);
#11918 = CARTESIAN_POINT('',(108.25,-105.15,-4.6E-02));
#11919 = DIRECTION('',(-0.,-0.,-1.));
#11920 = DIRECTION('',(-0.,-1.,0.));
#11921 = ADVANCED_FACE('',(#11922),#11933,.F.);
#11922 = FACE_BOUND('',#11923,.T.);
#11923 = EDGE_LOOP('',(#11924,#11925,#11931,#11932));
#11924 = ORIENTED_EDGE('',*,*,#8836,.T.);
#11925 = ORIENTED_EDGE('',*,*,#11926,.T.);
#11926 = EDGE_CURVE('',#8837,#10141,#11927,.T.);
#11927 = LINE('',#11928,#11929);
#11928 = CARTESIAN_POINT('',(108.25,-103.06,-4.6E-02));
#11929 = VECTOR('',#11930,1.);
#11930 = DIRECTION('',(0.,0.,1.));
#11931 = ORIENTED_EDGE('',*,*,#10140,.F.);
#11932 = ORIENTED_EDGE('',*,*,#11926,.F.);
#11933 = CYLINDRICAL_SURFACE('',#11934,0.45);
#11934 = AXIS2_PLACEMENT_3D('',#11935,#11936,#11937);
#11935 = CARTESIAN_POINT('',(108.25,-102.61,-4.6E-02));
#11936 = DIRECTION('',(-0.,-0.,-1.));
#11937 = DIRECTION('',(-0.,-1.,0.));
#11938 = ADVANCED_FACE('',(#11939),#11950,.F.);
#11939 = FACE_BOUND('',#11940,.T.);
#11940 = EDGE_LOOP('',(#11941,#11942,#11948,#11949));
#11941 = ORIENTED_EDGE('',*,*,#8847,.T.);
#11942 = ORIENTED_EDGE('',*,*,#11943,.T.);
#11943 = EDGE_CURVE('',#8848,#10152,#11944,.T.);
#11944 = LINE('',#11945,#11946);
#11945 = CARTESIAN_POINT('',(108.25,-100.52,-4.6E-02));
#11946 = VECTOR('',#11947,1.);
#11947 = DIRECTION('',(0.,0.,1.));
#11948 = ORIENTED_EDGE('',*,*,#10151,.F.);
#11949 = ORIENTED_EDGE('',*,*,#11943,.F.);
#11950 = CYLINDRICAL_SURFACE('',#11951,0.45);
#11951 = AXIS2_PLACEMENT_3D('',#11952,#11953,#11954);
#11952 = CARTESIAN_POINT('',(108.25,-100.07,-4.6E-02));
#11953 = DIRECTION('',(-0.,-0.,-1.));
#11954 = DIRECTION('',(-0.,-1.,0.));
#11955 = ADVANCED_FACE('',(#11956),#11967,.F.);
#11956 = FACE_BOUND('',#11957,.T.);
#11957 = EDGE_LOOP('',(#11958,#11959,#11965,#11966));
#11958 = ORIENTED_EDGE('',*,*,#8858,.T.);
#11959 = ORIENTED_EDGE('',*,*,#11960,.T.);
#11960 = EDGE_CURVE('',#8859,#10163,#11961,.T.);
#11961 = LINE('',#11962,#11963);
#11962 = CARTESIAN_POINT('',(108.25,-97.98,-4.6E-02));
#11963 = VECTOR('',#11964,1.);
#11964 = DIRECTION('',(0.,0.,1.));
#11965 = ORIENTED_EDGE('',*,*,#10162,.F.);
#11966 = ORIENTED_EDGE('',*,*,#11960,.F.);
#11967 = CYLINDRICAL_SURFACE('',#11968,0.45);
#11968 = AXIS2_PLACEMENT_3D('',#11969,#11970,#11971);
#11969 = CARTESIAN_POINT('',(108.25,-97.53,-4.6E-02));
#11970 = DIRECTION('',(-0.,-0.,-1.));
#11971 = DIRECTION('',(-0.,-1.,0.));
#11972 = ADVANCED_FACE('',(#11973),#11984,.F.);
#11973 = FACE_BOUND('',#11974,.T.);
#11974 = EDGE_LOOP('',(#11975,#11976,#11982,#11983));
#11975 = ORIENTED_EDGE('',*,*,#8869,.T.);
#11976 = ORIENTED_EDGE('',*,*,#11977,.T.);
#11977 = EDGE_CURVE('',#8870,#10174,#11978,.T.);
#11978 = LINE('',#11979,#11980);
#11979 = CARTESIAN_POINT('',(108.25,-95.44,-4.6E-02));
#11980 = VECTOR('',#11981,1.);
#11981 = DIRECTION('',(0.,0.,1.));
#11982 = ORIENTED_EDGE('',*,*,#10173,.F.);
#11983 = ORIENTED_EDGE('',*,*,#11977,.F.);
#11984 = CYLINDRICAL_SURFACE('',#11985,0.45);
#11985 = AXIS2_PLACEMENT_3D('',#11986,#11987,#11988);
#11986 = CARTESIAN_POINT('',(108.25,-94.99,-4.6E-02));
#11987 = DIRECTION('',(-0.,-0.,-1.));
#11988 = DIRECTION('',(-0.,-1.,0.));
#11989 = ADVANCED_FACE('',(#11990),#12001,.F.);
#11990 = FACE_BOUND('',#11991,.T.);
#11991 = EDGE_LOOP('',(#11992,#11998,#11999,#12000));
#11992 = ORIENTED_EDGE('',*,*,#11993,.T.);
#11993 = EDGE_CURVE('',#8881,#10185,#11994,.T.);
#11994 = LINE('',#11995,#11996);
#11995 = CARTESIAN_POINT('',(95.23,-86.55,0.));
#11996 = VECTOR('',#11997,1.);
#11997 = DIRECTION('',(0.,0.,1.));
#11998 = ORIENTED_EDGE('',*,*,#10184,.T.);
#11999 = ORIENTED_EDGE('',*,*,#11993,.F.);
#12000 = ORIENTED_EDGE('',*,*,#8880,.F.);
#12001 = CYLINDRICAL_SURFACE('',#12002,1.09);
#12002 = AXIS2_PLACEMENT_3D('',#12003,#12004,#12005);
#12003 = CARTESIAN_POINT('',(94.14,-86.55,0.));
#12004 = DIRECTION('',(-0.,-0.,-1.));
#12005 = DIRECTION('',(1.,0.,-0.));
#12006 = ADVANCED_FACE('',(#12007),#12018,.F.);
#12007 = FACE_BOUND('',#12008,.T.);
#12008 = EDGE_LOOP('',(#12009,#12010,#12016,#12017));
#12009 = ORIENTED_EDGE('',*,*,#8891,.T.);
#12010 = ORIENTED_EDGE('',*,*,#12011,.T.);
#12011 = EDGE_CURVE('',#8892,#10196,#12012,.T.);
#12012 = LINE('',#12013,#12014);
#12013 = CARTESIAN_POINT('',(108.25,-92.9,-4.6E-02));
#12014 = VECTOR('',#12015,1.);
#12015 = DIRECTION('',(0.,0.,1.));
#12016 = ORIENTED_EDGE('',*,*,#10195,.F.);
#12017 = ORIENTED_EDGE('',*,*,#12011,.F.);
#12018 = CYLINDRICAL_SURFACE('',#12019,0.45);
#12019 = AXIS2_PLACEMENT_3D('',#12020,#12021,#12022);
#12020 = CARTESIAN_POINT('',(108.25,-92.45,-4.6E-02));
#12021 = DIRECTION('',(-0.,-0.,-1.));
#12022 = DIRECTION('',(-0.,-1.,0.));
#12023 = ADVANCED_FACE('',(#12024),#12035,.F.);
#12024 = FACE_BOUND('',#12025,.T.);
#12025 = EDGE_LOOP('',(#12026,#12027,#12033,#12034));
#12026 = ORIENTED_EDGE('',*,*,#8902,.T.);
#12027 = ORIENTED_EDGE('',*,*,#12028,.T.);
#12028 = EDGE_CURVE('',#8903,#10207,#12029,.T.);
#12029 = LINE('',#12030,#12031);
#12030 = CARTESIAN_POINT('',(108.25,-90.36,-4.6E-02));
#12031 = VECTOR('',#12032,1.);
#12032 = DIRECTION('',(0.,0.,1.));
#12033 = ORIENTED_EDGE('',*,*,#10206,.F.);
#12034 = ORIENTED_EDGE('',*,*,#12028,.F.);
#12035 = CYLINDRICAL_SURFACE('',#12036,0.45);
#12036 = AXIS2_PLACEMENT_3D('',#12037,#12038,#12039);
#12037 = CARTESIAN_POINT('',(108.25,-89.91,-4.6E-02));
#12038 = DIRECTION('',(-0.,-0.,-1.));
#12039 = DIRECTION('',(-0.,-1.,0.));
#12040 = ADVANCED_FACE('',(#12041),#12052,.F.);
#12041 = FACE_BOUND('',#12042,.T.);
#12042 = EDGE_LOOP('',(#12043,#12044,#12050,#12051));
#12043 = ORIENTED_EDGE('',*,*,#8913,.T.);
#12044 = ORIENTED_EDGE('',*,*,#12045,.T.);
#12045 = EDGE_CURVE('',#8914,#10218,#12046,.T.);
#12046 = LINE('',#12047,#12048);
#12047 = CARTESIAN_POINT('',(108.25,-87.82,-4.6E-02));
#12048 = VECTOR('',#12049,1.);
#12049 = DIRECTION('',(0.,0.,1.));
#12050 = ORIENTED_EDGE('',*,*,#10217,.F.);
#12051 = ORIENTED_EDGE('',*,*,#12045,.F.);
#12052 = CYLINDRICAL_SURFACE('',#12053,0.45);
#12053 = AXIS2_PLACEMENT_3D('',#12054,#12055,#12056);
#12054 = CARTESIAN_POINT('',(108.25,-87.37,-4.6E-02));
#12055 = DIRECTION('',(-0.,-0.,-1.));
#12056 = DIRECTION('',(-0.,-1.,0.));
#12057 = ADVANCED_FACE('',(#12058),#12069,.F.);
#12058 = FACE_BOUND('',#12059,.T.);
#12059 = EDGE_LOOP('',(#12060,#12061,#12067,#12068));
#12060 = ORIENTED_EDGE('',*,*,#8924,.T.);
#12061 = ORIENTED_EDGE('',*,*,#12062,.T.);
#12062 = EDGE_CURVE('',#8925,#10229,#12063,.T.);
#12063 = LINE('',#12064,#12065);
#12064 = CARTESIAN_POINT('',(108.25,-85.28,-4.6E-02));
#12065 = VECTOR('',#12066,1.);
#12066 = DIRECTION('',(0.,0.,1.));
#12067 = ORIENTED_EDGE('',*,*,#10228,.F.);
#12068 = ORIENTED_EDGE('',*,*,#12062,.F.);
#12069 = CYLINDRICAL_SURFACE('',#12070,0.45);
#12070 = AXIS2_PLACEMENT_3D('',#12071,#12072,#12073);
#12071 = CARTESIAN_POINT('',(108.25,-84.83,-4.6E-02));
#12072 = DIRECTION('',(-0.,-0.,-1.));
#12073 = DIRECTION('',(-0.,-1.,0.));
#12074 = ADVANCED_FACE('',(#12075),#12086,.F.);
#12075 = FACE_BOUND('',#12076,.T.);
#12076 = EDGE_LOOP('',(#12077,#12078,#12084,#12085));
#12077 = ORIENTED_EDGE('',*,*,#8935,.T.);
#12078 = ORIENTED_EDGE('',*,*,#12079,.T.);
#12079 = EDGE_CURVE('',#8936,#10240,#12080,.T.);
#12080 = LINE('',#12081,#12082);
#12081 = CARTESIAN_POINT('',(108.25,-82.74,-4.6E-02));
#12082 = VECTOR('',#12083,1.);
#12083 = DIRECTION('',(0.,0.,1.));
#12084 = ORIENTED_EDGE('',*,*,#10239,.F.);
#12085 = ORIENTED_EDGE('',*,*,#12079,.F.);
#12086 = CYLINDRICAL_SURFACE('',#12087,0.45);
#12087 = AXIS2_PLACEMENT_3D('',#12088,#12089,#12090);
#12088 = CARTESIAN_POINT('',(108.25,-82.29,-4.6E-02));
#12089 = DIRECTION('',(-0.,-0.,-1.));
#12090 = DIRECTION('',(-0.,-1.,0.));
#12091 = ADVANCED_FACE('',(#12092),#12103,.F.);
#12092 = FACE_BOUND('',#12093,.T.);
#12093 = EDGE_LOOP('',(#12094,#12095,#12101,#12102));
#12094 = ORIENTED_EDGE('',*,*,#8946,.T.);
#12095 = ORIENTED_EDGE('',*,*,#12096,.T.);
#12096 = EDGE_CURVE('',#8947,#10251,#12097,.T.);
#12097 = LINE('',#12098,#12099);
#12098 = CARTESIAN_POINT('',(133.65,-105.6,-4.6E-02));
#12099 = VECTOR('',#12100,1.);
#12100 = DIRECTION('',(0.,0.,1.));
#12101 = ORIENTED_EDGE('',*,*,#10250,.F.);
#12102 = ORIENTED_EDGE('',*,*,#12096,.F.);
#12103 = CYLINDRICAL_SURFACE('',#12104,0.45);
#12104 = AXIS2_PLACEMENT_3D('',#12105,#12106,#12107);
#12105 = CARTESIAN_POINT('',(133.65,-105.15,-4.6E-02));
#12106 = DIRECTION('',(-0.,0.,-1.));
#12107 = DIRECTION('',(6.315935428978E-14,-1.,-0.));
#12108 = ADVANCED_FACE('',(#12109),#12120,.F.);
#12109 = FACE_BOUND('',#12110,.T.);
#12110 = EDGE_LOOP('',(#12111,#12112,#12118,#12119));
#12111 = ORIENTED_EDGE('',*,*,#8957,.T.);
#12112 = ORIENTED_EDGE('',*,*,#12113,.T.);
#12113 = EDGE_CURVE('',#8958,#10262,#12114,.T.);
#12114 = LINE('',#12115,#12116);
#12115 = CARTESIAN_POINT('',(133.65,-103.06,-4.6E-02));
#12116 = VECTOR('',#12117,1.);
#12117 = DIRECTION('',(0.,0.,1.));
#12118 = ORIENTED_EDGE('',*,*,#10261,.F.);
#12119 = ORIENTED_EDGE('',*,*,#12113,.F.);
#12120 = CYLINDRICAL_SURFACE('',#12121,0.45);
#12121 = AXIS2_PLACEMENT_3D('',#12122,#12123,#12124);
#12122 = CARTESIAN_POINT('',(133.65,-102.61,-4.6E-02));
#12123 = DIRECTION('',(-0.,0.,-1.));
#12124 = DIRECTION('',(6.315935428978E-14,-1.,-0.));
#12125 = ADVANCED_FACE('',(#12126),#12137,.F.);
#12126 = FACE_BOUND('',#12127,.T.);
#12127 = EDGE_LOOP('',(#12128,#12129,#12135,#12136));
#12128 = ORIENTED_EDGE('',*,*,#8968,.T.);
#12129 = ORIENTED_EDGE('',*,*,#12130,.T.);
#12130 = EDGE_CURVE('',#8969,#10273,#12131,.T.);
#12131 = LINE('',#12132,#12133);
#12132 = CARTESIAN_POINT('',(133.65,-100.52,-4.6E-02));
#12133 = VECTOR('',#12134,1.);
#12134 = DIRECTION('',(0.,0.,1.));
#12135 = ORIENTED_EDGE('',*,*,#10272,.F.);
#12136 = ORIENTED_EDGE('',*,*,#12130,.F.);
#12137 = CYLINDRICAL_SURFACE('',#12138,0.45);
#12138 = AXIS2_PLACEMENT_3D('',#12139,#12140,#12141);
#12139 = CARTESIAN_POINT('',(133.65,-100.07,-4.6E-02));
#12140 = DIRECTION('',(-0.,0.,-1.));
#12141 = DIRECTION('',(6.315935428978E-14,-1.,-0.));
#12142 = ADVANCED_FACE('',(#12143),#12154,.F.);
#12143 = FACE_BOUND('',#12144,.T.);
#12144 = EDGE_LOOP('',(#12145,#12146,#12152,#12153));
#12145 = ORIENTED_EDGE('',*,*,#8979,.T.);
#12146 = ORIENTED_EDGE('',*,*,#12147,.T.);
#12147 = EDGE_CURVE('',#8980,#10284,#12148,.T.);
#12148 = LINE('',#12149,#12150);
#12149 = CARTESIAN_POINT('',(133.65,-97.98,-4.6E-02));
#12150 = VECTOR('',#12151,1.);
#12151 = DIRECTION('',(0.,0.,1.));
#12152 = ORIENTED_EDGE('',*,*,#10283,.F.);
#12153 = ORIENTED_EDGE('',*,*,#12147,.F.);
#12154 = CYLINDRICAL_SURFACE('',#12155,0.45);
#12155 = AXIS2_PLACEMENT_3D('',#12156,#12157,#12158);
#12156 = CARTESIAN_POINT('',(133.65,-97.53,-4.6E-02));
#12157 = DIRECTION('',(-0.,0.,-1.));
#12158 = DIRECTION('',(6.315935428978E-14,-1.,-0.));
#12159 = ADVANCED_FACE('',(#12160),#12171,.F.);
#12160 = FACE_BOUND('',#12161,.T.);
#12161 = EDGE_LOOP('',(#12162,#12163,#12169,#12170));
#12162 = ORIENTED_EDGE('',*,*,#8990,.T.);
#12163 = ORIENTED_EDGE('',*,*,#12164,.T.);
#12164 = EDGE_CURVE('',#8991,#10295,#12165,.T.);
#12165 = LINE('',#12166,#12167);
#12166 = CARTESIAN_POINT('',(133.65,-95.44,-4.6E-02));
#12167 = VECTOR('',#12168,1.);
#12168 = DIRECTION('',(0.,0.,1.));
#12169 = ORIENTED_EDGE('',*,*,#10294,.F.);
#12170 = ORIENTED_EDGE('',*,*,#12164,.F.);
#12171 = CYLINDRICAL_SURFACE('',#12172,0.45);
#12172 = AXIS2_PLACEMENT_3D('',#12173,#12174,#12175);
#12173 = CARTESIAN_POINT('',(133.65,-94.99,-4.6E-02));
#12174 = DIRECTION('',(-0.,0.,-1.));
#12175 = DIRECTION('',(6.315935428978E-14,-1.,-0.));
#12176 = ADVANCED_FACE('',(#12177),#12188,.F.);
#12177 = FACE_BOUND('',#12178,.T.);
#12178 = EDGE_LOOP('',(#12179,#12180,#12186,#12187));
#12179 = ORIENTED_EDGE('',*,*,#9001,.T.);
#12180 = ORIENTED_EDGE('',*,*,#12181,.T.);
#12181 = EDGE_CURVE('',#9002,#10306,#12182,.T.);
#12182 = LINE('',#12183,#12184);
#12183 = CARTESIAN_POINT('',(133.65,-92.9,-4.6E-02));
#12184 = VECTOR('',#12185,1.);
#12185 = DIRECTION('',(0.,0.,1.));
#12186 = ORIENTED_EDGE('',*,*,#10305,.F.);
#12187 = ORIENTED_EDGE('',*,*,#12181,.F.);
#12188 = CYLINDRICAL_SURFACE('',#12189,0.45);
#12189 = AXIS2_PLACEMENT_3D('',#12190,#12191,#12192);
#12190 = CARTESIAN_POINT('',(133.65,-92.45,-4.6E-02));
#12191 = DIRECTION('',(-0.,0.,-1.));
#12192 = DIRECTION('',(6.315935428978E-14,-1.,-0.));
#12193 = ADVANCED_FACE('',(#12194),#12205,.F.);
#12194 = FACE_BOUND('',#12195,.T.);
#12195 = EDGE_LOOP('',(#12196,#12197,#12203,#12204));
#12196 = ORIENTED_EDGE('',*,*,#9012,.T.);
#12197 = ORIENTED_EDGE('',*,*,#12198,.T.);
#12198 = EDGE_CURVE('',#9013,#10317,#12199,.T.);
#12199 = LINE('',#12200,#12201);
#12200 = CARTESIAN_POINT('',(133.65,-90.36,-4.6E-02));
#12201 = VECTOR('',#12202,1.);
#12202 = DIRECTION('',(0.,0.,1.));
#12203 = ORIENTED_EDGE('',*,*,#10316,.F.);
#12204 = ORIENTED_EDGE('',*,*,#12198,.F.);
#12205 = CYLINDRICAL_SURFACE('',#12206,0.45);
#12206 = AXIS2_PLACEMENT_3D('',#12207,#12208,#12209);
#12207 = CARTESIAN_POINT('',(133.65,-89.91,-4.6E-02));
#12208 = DIRECTION('',(-0.,0.,-1.));
#12209 = DIRECTION('',(6.315935428978E-14,-1.,-0.));
#12210 = ADVANCED_FACE('',(#12211),#12222,.F.);
#12211 = FACE_BOUND('',#12212,.T.);
#12212 = EDGE_LOOP('',(#12213,#12214,#12220,#12221));
#12213 = ORIENTED_EDGE('',*,*,#9023,.T.);
#12214 = ORIENTED_EDGE('',*,*,#12215,.T.);
#12215 = EDGE_CURVE('',#9024,#10328,#12216,.T.);
#12216 = LINE('',#12217,#12218);
#12217 = CARTESIAN_POINT('',(133.65,-87.82,-4.6E-02));
#12218 = VECTOR('',#12219,1.);
#12219 = DIRECTION('',(0.,0.,1.));
#12220 = ORIENTED_EDGE('',*,*,#10327,.F.);
#12221 = ORIENTED_EDGE('',*,*,#12215,.F.);
#12222 = CYLINDRICAL_SURFACE('',#12223,0.45);
#12223 = AXIS2_PLACEMENT_3D('',#12224,#12225,#12226);
#12224 = CARTESIAN_POINT('',(133.65,-87.37,-4.6E-02));
#12225 = DIRECTION('',(-0.,0.,-1.));
#12226 = DIRECTION('',(6.315935428978E-14,-1.,-0.));
#12227 = ADVANCED_FACE('',(#12228),#12239,.F.);
#12228 = FACE_BOUND('',#12229,.T.);
#12229 = EDGE_LOOP('',(#12230,#12231,#12237,#12238));
#12230 = ORIENTED_EDGE('',*,*,#9034,.T.);
#12231 = ORIENTED_EDGE('',*,*,#12232,.T.);
#12232 = EDGE_CURVE('',#9035,#10339,#12233,.T.);
#12233 = LINE('',#12234,#12235);
#12234 = CARTESIAN_POINT('',(133.65,-85.28,-4.6E-02));
#12235 = VECTOR('',#12236,1.);
#12236 = DIRECTION('',(0.,0.,1.));
#12237 = ORIENTED_EDGE('',*,*,#10338,.F.);
#12238 = ORIENTED_EDGE('',*,*,#12232,.F.);
#12239 = CYLINDRICAL_SURFACE('',#12240,0.45);
#12240 = AXIS2_PLACEMENT_3D('',#12241,#12242,#12243);
#12241 = CARTESIAN_POINT('',(133.65,-84.83,-4.6E-02));
#12242 = DIRECTION('',(-0.,0.,-1.));
#12243 = DIRECTION('',(6.315935428978E-14,-1.,-0.));
#12244 = ADVANCED_FACE('',(#12245),#12256,.F.);
#12245 = FACE_BOUND('',#12246,.T.);
#12246 = EDGE_LOOP('',(#12247,#12248,#12254,#12255));
#12247 = ORIENTED_EDGE('',*,*,#9045,.T.);
#12248 = ORIENTED_EDGE('',*,*,#12249,.T.);
#12249 = EDGE_CURVE('',#9046,#10350,#12250,.T.);
#12250 = LINE('',#12251,#12252);
#12251 = CARTESIAN_POINT('',(133.65,-82.74,-4.6E-02));
#12252 = VECTOR('',#12253,1.);
#12253 = DIRECTION('',(0.,0.,1.));
#12254 = ORIENTED_EDGE('',*,*,#10349,.F.);
#12255 = ORIENTED_EDGE('',*,*,#12249,.F.);
#12256 = CYLINDRICAL_SURFACE('',#12257,0.45);
#12257 = AXIS2_PLACEMENT_3D('',#12258,#12259,#12260);
#12258 = CARTESIAN_POINT('',(133.65,-82.29,-4.6E-02));
#12259 = DIRECTION('',(-0.,0.,-1.));
#12260 = DIRECTION('',(6.315935428978E-14,-1.,-0.));
#12261 = ADVANCED_FACE('',(#12262),#12273,.F.);
#12262 = FACE_BOUND('',#12263,.T.);
#12263 = EDGE_LOOP('',(#12264,#12265,#12271,#12272));
#12264 = ORIENTED_EDGE('',*,*,#9056,.T.);
#12265 = ORIENTED_EDGE('',*,*,#12266,.T.);
#12266 = EDGE_CURVE('',#9057,#10361,#12267,.T.);
#12267 = LINE('',#12268,#12269);
#12268 = CARTESIAN_POINT('',(108.25,-80.2,-4.6E-02));
#12269 = VECTOR('',#12270,1.);
#12270 = DIRECTION('',(0.,0.,1.));
#12271 = ORIENTED_EDGE('',*,*,#10360,.F.);
#12272 = ORIENTED_EDGE('',*,*,#12266,.F.);
#12273 = CYLINDRICAL_SURFACE('',#12274,0.45);
#12274 = AXIS2_PLACEMENT_3D('',#12275,#12276,#12277);
#12275 = CARTESIAN_POINT('',(108.25,-79.75,-4.6E-02));
#12276 = DIRECTION('',(-0.,-0.,-1.));
#12277 = DIRECTION('',(-0.,-1.,0.));
#12278 = ADVANCED_FACE('',(#12279),#12290,.F.);
#12279 = FACE_BOUND('',#12280,.T.);
#12280 = EDGE_LOOP('',(#12281,#12282,#12288,#12289));
#12281 = ORIENTED_EDGE('',*,*,#9067,.T.);
#12282 = ORIENTED_EDGE('',*,*,#12283,.T.);
#12283 = EDGE_CURVE('',#9068,#10372,#12284,.T.);
#12284 = LINE('',#12285,#12286);
#12285 = CARTESIAN_POINT('',(102.75,-75.6,-4.6E-02));
#12286 = VECTOR('',#12287,1.);
#12287 = DIRECTION('',(0.,0.,1.));
#12288 = ORIENTED_EDGE('',*,*,#10371,.F.);
#12289 = ORIENTED_EDGE('',*,*,#12283,.F.);
#12290 = CYLINDRICAL_SURFACE('',#12291,1.6);
#12291 = AXIS2_PLACEMENT_3D('',#12292,#12293,#12294);
#12292 = CARTESIAN_POINT('',(102.75,-74.,-4.6E-02));
#12293 = DIRECTION('',(-0.,-0.,-1.));
#12294 = DIRECTION('',(-0.,-1.,0.));
#12295 = ADVANCED_FACE('',(#12296),#12307,.F.);
#12296 = FACE_BOUND('',#12297,.T.);
#12297 = EDGE_LOOP('',(#12298,#12299,#12305,#12306));
#12298 = ORIENTED_EDGE('',*,*,#9078,.T.);
#12299 = ORIENTED_EDGE('',*,*,#12300,.T.);
#12300 = EDGE_CURVE('',#9079,#10383,#12301,.T.);
#12301 = LINE('',#12302,#12303);
#12302 = CARTESIAN_POINT('',(93.065,-64.7,-4.6E-02));
#12303 = VECTOR('',#12304,1.);
#12304 = DIRECTION('',(0.,0.,1.));
#12305 = ORIENTED_EDGE('',*,*,#10382,.F.);
#12306 = ORIENTED_EDGE('',*,*,#12300,.F.);
#12307 = CYLINDRICAL_SURFACE('',#12308,0.7);
#12308 = AXIS2_PLACEMENT_3D('',#12309,#12310,#12311);
#12309 = CARTESIAN_POINT('',(93.065,-64.,-4.6E-02));
#12310 = DIRECTION('',(-0.,-0.,-1.));
#12311 = DIRECTION('',(-0.,-1.,0.));
#12312 = ADVANCED_FACE('',(#12313),#12324,.F.);
#12313 = FACE_BOUND('',#12314,.T.);
#12314 = EDGE_LOOP('',(#12315,#12316,#12322,#12323));
#12315 = ORIENTED_EDGE('',*,*,#9089,.T.);
#12316 = ORIENTED_EDGE('',*,*,#12317,.T.);
#12317 = EDGE_CURVE('',#9090,#10394,#12318,.T.);
#12318 = LINE('',#12319,#12320);
#12319 = CARTESIAN_POINT('',(97.265,-64.7,-4.6E-02));
#12320 = VECTOR('',#12321,1.);
#12321 = DIRECTION('',(0.,0.,1.));
#12322 = ORIENTED_EDGE('',*,*,#10393,.F.);
#12323 = ORIENTED_EDGE('',*,*,#12317,.F.);
#12324 = CYLINDRICAL_SURFACE('',#12325,0.7);
#12325 = AXIS2_PLACEMENT_3D('',#12326,#12327,#12328);
#12326 = CARTESIAN_POINT('',(97.265,-64.,-4.6E-02));
#12327 = DIRECTION('',(-0.,-0.,-1.));
#12328 = DIRECTION('',(-0.,-1.,0.));
#12329 = ADVANCED_FACE('',(#12330),#12341,.F.);
#12330 = FACE_BOUND('',#12331,.T.);
#12331 = EDGE_LOOP('',(#12332,#12333,#12339,#12340));
#12332 = ORIENTED_EDGE('',*,*,#9100,.T.);
#12333 = ORIENTED_EDGE('',*,*,#12334,.T.);
#12334 = EDGE_CURVE('',#9101,#10405,#12335,.T.);
#12335 = LINE('',#12336,#12337);
#12336 = CARTESIAN_POINT('',(101.465,-64.7,-4.6E-02));
#12337 = VECTOR('',#12338,1.);
#12338 = DIRECTION('',(0.,0.,1.));
#12339 = ORIENTED_EDGE('',*,*,#10404,.F.);
#12340 = ORIENTED_EDGE('',*,*,#12334,.F.);
#12341 = CYLINDRICAL_SURFACE('',#12342,0.7);
#12342 = AXIS2_PLACEMENT_3D('',#12343,#12344,#12345);
#12343 = CARTESIAN_POINT('',(101.465,-64.,-4.6E-02));
#12344 = DIRECTION('',(-0.,-0.,-1.));
#12345 = DIRECTION('',(-0.,-1.,0.));
#12346 = ADVANCED_FACE('',(#12347),#12358,.F.);
#12347 = FACE_BOUND('',#12348,.T.);
#12348 = EDGE_LOOP('',(#12349,#12350,#12356,#12357));
#12349 = ORIENTED_EDGE('',*,*,#9111,.T.);
#12350 = ORIENTED_EDGE('',*,*,#12351,.T.);
#12351 = EDGE_CURVE('',#9112,#10416,#12352,.T.);
#12352 = LINE('',#12353,#12354);
#12353 = CARTESIAN_POINT('',(93.065,-59.2,-4.6E-02));
#12354 = VECTOR('',#12355,1.);
#12355 = DIRECTION('',(0.,0.,1.));
#12356 = ORIENTED_EDGE('',*,*,#10415,.F.);
#12357 = ORIENTED_EDGE('',*,*,#12351,.F.);
#12358 = CYLINDRICAL_SURFACE('',#12359,0.7);
#12359 = AXIS2_PLACEMENT_3D('',#12360,#12361,#12362);
#12360 = CARTESIAN_POINT('',(93.065,-58.5,-4.6E-02));
#12361 = DIRECTION('',(-0.,-0.,-1.));
#12362 = DIRECTION('',(-0.,-1.,0.));
#12363 = ADVANCED_FACE('',(#12364),#12375,.F.);
#12364 = FACE_BOUND('',#12365,.T.);
#12365 = EDGE_LOOP('',(#12366,#12367,#12373,#12374));
#12366 = ORIENTED_EDGE('',*,*,#9122,.T.);
#12367 = ORIENTED_EDGE('',*,*,#12368,.T.);
#12368 = EDGE_CURVE('',#9123,#10427,#12369,.T.);
#12369 = LINE('',#12370,#12371);
#12370 = CARTESIAN_POINT('',(97.265,-59.2,-4.6E-02));
#12371 = VECTOR('',#12372,1.);
#12372 = DIRECTION('',(0.,0.,1.));
#12373 = ORIENTED_EDGE('',*,*,#10426,.F.);
#12374 = ORIENTED_EDGE('',*,*,#12368,.F.);
#12375 = CYLINDRICAL_SURFACE('',#12376,0.7);
#12376 = AXIS2_PLACEMENT_3D('',#12377,#12378,#12379);
#12377 = CARTESIAN_POINT('',(97.265,-58.5,-4.6E-02));
#12378 = DIRECTION('',(-0.,-0.,-1.));
#12379 = DIRECTION('',(-0.,-1.,0.));
#12380 = ADVANCED_FACE('',(#12381),#12392,.F.);
#12381 = FACE_BOUND('',#12382,.T.);
#12382 = EDGE_LOOP('',(#12383,#12384,#12390,#12391));
#12383 = ORIENTED_EDGE('',*,*,#9133,.T.);
#12384 = ORIENTED_EDGE('',*,*,#12385,.T.);
#12385 = EDGE_CURVE('',#9134,#10438,#12386,.T.);
#12386 = LINE('',#12387,#12388);
#12387 = CARTESIAN_POINT('',(101.465,-59.2,-4.6E-02));
#12388 = VECTOR('',#12389,1.);
#12389 = DIRECTION('',(0.,0.,1.));
#12390 = ORIENTED_EDGE('',*,*,#10437,.F.);
#12391 = ORIENTED_EDGE('',*,*,#12385,.F.);
#12392 = CYLINDRICAL_SURFACE('',#12393,0.7);
#12393 = AXIS2_PLACEMENT_3D('',#12394,#12395,#12396);
#12394 = CARTESIAN_POINT('',(101.465,-58.5,-4.6E-02));
#12395 = DIRECTION('',(-0.,-0.,-1.));
#12396 = DIRECTION('',(-0.,-1.,0.));
#12397 = ADVANCED_FACE('',(#12398),#12409,.F.);
#12398 = FACE_BOUND('',#12399,.T.);
#12399 = EDGE_LOOP('',(#12400,#12401,#12407,#12408));
#12400 = ORIENTED_EDGE('',*,*,#9144,.T.);
#12401 = ORIENTED_EDGE('',*,*,#12402,.T.);
#12402 = EDGE_CURVE('',#9145,#10449,#12403,.T.);
#12403 = LINE('',#12404,#12405);
#12404 = CARTESIAN_POINT('',(105.665,-64.7,-4.6E-02));
#12405 = VECTOR('',#12406,1.);
#12406 = DIRECTION('',(0.,0.,1.));
#12407 = ORIENTED_EDGE('',*,*,#10448,.F.);
#12408 = ORIENTED_EDGE('',*,*,#12402,.F.);
#12409 = CYLINDRICAL_SURFACE('',#12410,0.7);
#12410 = AXIS2_PLACEMENT_3D('',#12411,#12412,#12413);
#12411 = CARTESIAN_POINT('',(105.665,-64.,-4.6E-02));
#12412 = DIRECTION('',(-0.,0.,-1.));
#12413 = DIRECTION('',(2.030122102172E-14,-1.,-0.));
#12414 = ADVANCED_FACE('',(#12415),#12426,.F.);
#12415 = FACE_BOUND('',#12416,.T.);
#12416 = EDGE_LOOP('',(#12417,#12418,#12424,#12425));
#12417 = ORIENTED_EDGE('',*,*,#9155,.T.);
#12418 = ORIENTED_EDGE('',*,*,#12419,.T.);
#12419 = EDGE_CURVE('',#9156,#10460,#12420,.T.);
#12420 = LINE('',#12421,#12422);
#12421 = CARTESIAN_POINT('',(105.665,-59.2,-4.6E-02));
#12422 = VECTOR('',#12423,1.);
#12423 = DIRECTION('',(0.,0.,1.));
#12424 = ORIENTED_EDGE('',*,*,#10459,.F.);
#12425 = ORIENTED_EDGE('',*,*,#12419,.F.);
#12426 = CYLINDRICAL_SURFACE('',#12427,0.7);
#12427 = AXIS2_PLACEMENT_3D('',#12428,#12429,#12430);
#12428 = CARTESIAN_POINT('',(105.665,-58.5,-4.6E-02));
#12429 = DIRECTION('',(-0.,0.,-1.));
#12430 = DIRECTION('',(2.030122102172E-14,-1.,-0.));
#12431 = ADVANCED_FACE('',(#12432),#12443,.F.);
#12432 = FACE_BOUND('',#12433,.T.);
#12433 = EDGE_LOOP('',(#12434,#12435,#12441,#12442));
#12434 = ORIENTED_EDGE('',*,*,#9166,.T.);
#12435 = ORIENTED_EDGE('',*,*,#12436,.T.);
#12436 = EDGE_CURVE('',#9167,#10471,#12437,.T.);
#12437 = LINE('',#12438,#12439);
#12438 = CARTESIAN_POINT('',(133.65,-80.2,-4.6E-02));
#12439 = VECTOR('',#12440,1.);
#12440 = DIRECTION('',(0.,0.,1.));
#12441 = ORIENTED_EDGE('',*,*,#10470,.F.);
#12442 = ORIENTED_EDGE('',*,*,#12436,.F.);
#12443 = CYLINDRICAL_SURFACE('',#12444,0.45);
#12444 = AXIS2_PLACEMENT_3D('',#12445,#12446,#12447);
#12445 = CARTESIAN_POINT('',(133.65,-79.75,-4.6E-02));
#12446 = DIRECTION('',(-0.,0.,-1.));
#12447 = DIRECTION('',(6.315935428978E-14,-1.,-0.));
#12448 = ADVANCED_FACE('',(#12449),#12460,.F.);
#12449 = FACE_BOUND('',#12450,.T.);
#12450 = EDGE_LOOP('',(#12451,#12452,#12458,#12459));
#12451 = ORIENTED_EDGE('',*,*,#9177,.T.);
#12452 = ORIENTED_EDGE('',*,*,#12453,.T.);
#12453 = EDGE_CURVE('',#9178,#10482,#12454,.T.);
#12454 = LINE('',#12455,#12456);
#12455 = CARTESIAN_POINT('',(118.805,-63.95,-4.6E-02));
#12456 = VECTOR('',#12457,1.);
#12457 = DIRECTION('',(0.,0.,1.));
#12458 = ORIENTED_EDGE('',*,*,#10481,.F.);
#12459 = ORIENTED_EDGE('',*,*,#12453,.F.);
#12460 = CYLINDRICAL_SURFACE('',#12461,0.7);
#12461 = AXIS2_PLACEMENT_3D('',#12462,#12463,#12464);
#12462 = CARTESIAN_POINT('',(118.805,-63.25,-4.6E-02));
#12463 = DIRECTION('',(-0.,-0.,-1.));
#12464 = DIRECTION('',(-0.,-1.,0.));
#12465 = ADVANCED_FACE('',(#12466),#12477,.F.);
#12466 = FACE_BOUND('',#12467,.T.);
#12467 = EDGE_LOOP('',(#12468,#12469,#12475,#12476));
#12468 = ORIENTED_EDGE('',*,*,#9188,.T.);
#12469 = ORIENTED_EDGE('',*,*,#12470,.T.);
#12470 = EDGE_CURVE('',#9189,#10493,#12471,.T.);
#12471 = LINE('',#12472,#12473);
#12472 = CARTESIAN_POINT('',(123.005,-63.95,-4.6E-02));
#12473 = VECTOR('',#12474,1.);
#12474 = DIRECTION('',(0.,0.,1.));
#12475 = ORIENTED_EDGE('',*,*,#10492,.F.);
#12476 = ORIENTED_EDGE('',*,*,#12470,.F.);
#12477 = CYLINDRICAL_SURFACE('',#12478,0.7);
#12478 = AXIS2_PLACEMENT_3D('',#12479,#12480,#12481);
#12479 = CARTESIAN_POINT('',(123.005,-63.25,-4.6E-02));
#12480 = DIRECTION('',(-0.,-0.,-1.));
#12481 = DIRECTION('',(-0.,-1.,0.));
#12482 = ADVANCED_FACE('',(#12483),#12494,.F.);
#12483 = FACE_BOUND('',#12484,.T.);
#12484 = EDGE_LOOP('',(#12485,#12486,#12492,#12493));
#12485 = ORIENTED_EDGE('',*,*,#9199,.T.);
#12486 = ORIENTED_EDGE('',*,*,#12487,.T.);
#12487 = EDGE_CURVE('',#9200,#10504,#12488,.T.);
#12488 = LINE('',#12489,#12490);
#12489 = CARTESIAN_POINT('',(118.805,-58.45,-4.6E-02));
#12490 = VECTOR('',#12491,1.);
#12491 = DIRECTION('',(0.,0.,1.));
#12492 = ORIENTED_EDGE('',*,*,#10503,.F.);
#12493 = ORIENTED_EDGE('',*,*,#12487,.F.);
#12494 = CYLINDRICAL_SURFACE('',#12495,0.7);
#12495 = AXIS2_PLACEMENT_3D('',#12496,#12497,#12498);
#12496 = CARTESIAN_POINT('',(118.805,-57.75,-4.6E-02));
#12497 = DIRECTION('',(-0.,-0.,-1.));
#12498 = DIRECTION('',(-0.,-1.,0.));
#12499 = ADVANCED_FACE('',(#12500),#12511,.F.);
#12500 = FACE_BOUND('',#12501,.T.);
#12501 = EDGE_LOOP('',(#12502,#12503,#12509,#12510));
#12502 = ORIENTED_EDGE('',*,*,#9210,.T.);
#12503 = ORIENTED_EDGE('',*,*,#12504,.T.);
#12504 = EDGE_CURVE('',#9211,#10515,#12505,.T.);
#12505 = LINE('',#12506,#12507);
#12506 = CARTESIAN_POINT('',(123.005,-58.45,-4.6E-02));
#12507 = VECTOR('',#12508,1.);
#12508 = DIRECTION('',(0.,0.,1.));
#12509 = ORIENTED_EDGE('',*,*,#10514,.F.);
#12510 = ORIENTED_EDGE('',*,*,#12504,.F.);
#12511 = CYLINDRICAL_SURFACE('',#12512,0.7);
#12512 = AXIS2_PLACEMENT_3D('',#12513,#12514,#12515);
#12513 = CARTESIAN_POINT('',(123.005,-57.75,-4.6E-02));
#12514 = DIRECTION('',(-0.,-0.,-1.));
#12515 = DIRECTION('',(-0.,-1.,0.));
#12516 = ADVANCED_FACE('',(#12517),#12528,.F.);
#12517 = FACE_BOUND('',#12518,.T.);
#12518 = EDGE_LOOP('',(#12519,#12520,#12526,#12527));
#12519 = ORIENTED_EDGE('',*,*,#9221,.T.);
#12520 = ORIENTED_EDGE('',*,*,#12521,.T.);
#12521 = EDGE_CURVE('',#9222,#10526,#12522,.T.);
#12522 = LINE('',#12523,#12524);
#12523 = CARTESIAN_POINT('',(127.205,-63.95,-4.6E-02));
#12524 = VECTOR('',#12525,1.);
#12525 = DIRECTION('',(0.,0.,1.));
#12526 = ORIENTED_EDGE('',*,*,#10525,.F.);
#12527 = ORIENTED_EDGE('',*,*,#12521,.F.);
#12528 = CYLINDRICAL_SURFACE('',#12529,0.7);
#12529 = AXIS2_PLACEMENT_3D('',#12530,#12531,#12532);
#12530 = CARTESIAN_POINT('',(127.205,-63.25,-4.6E-02));
#12531 = DIRECTION('',(-0.,-0.,-1.));
#12532 = DIRECTION('',(-0.,-1.,0.));
#12533 = ADVANCED_FACE('',(#12534),#12545,.F.);
#12534 = FACE_BOUND('',#12535,.T.);
#12535 = EDGE_LOOP('',(#12536,#12537,#12543,#12544));
#12536 = ORIENTED_EDGE('',*,*,#9232,.T.);
#12537 = ORIENTED_EDGE('',*,*,#12538,.T.);
#12538 = EDGE_CURVE('',#9233,#10537,#12539,.T.);
#12539 = LINE('',#12540,#12541);
#12540 = CARTESIAN_POINT('',(127.205,-58.45,-4.6E-02));
#12541 = VECTOR('',#12542,1.);
#12542 = DIRECTION('',(0.,0.,1.));
#12543 = ORIENTED_EDGE('',*,*,#10536,.F.);
#12544 = ORIENTED_EDGE('',*,*,#12538,.F.);
#12545 = CYLINDRICAL_SURFACE('',#12546,0.7);
#12546 = AXIS2_PLACEMENT_3D('',#12547,#12548,#12549);
#12547 = CARTESIAN_POINT('',(127.205,-57.75,-4.6E-02));
#12548 = DIRECTION('',(-0.,-0.,-1.));
#12549 = DIRECTION('',(-0.,-1.,0.));
#12550 = ( GEOMETRIC_REPRESENTATION_CONTEXT(3) 
GLOBAL_UNCERTAINTY_ASSIGNED_CONTEXT((#12554)) 
GLOBAL_UNIT_ASSIGNED_CONTEXT((#12551,#12552,#12553)) 
REPRESENTATION_CONTEXT('Context #1',
  '3D Context with UNIT and UNCERTAINTY') );
#12551 = ( LENGTH_UNIT() NAMED_UNIT(*) SI_UNIT(.MILLI.,.METRE.) );
#12552 = ( NAMED_UNIT(*) PLANE_ANGLE_UNIT() SI_UNIT($,.RADIAN.) );
#12553 = ( NAMED_UNIT(*) SI_UNIT($,.STERADIAN.) SOLID_ANGLE_UNIT() );
#12554 = UNCERTAINTY_MEASURE_WITH_UNIT(LENGTH_MEASURE(1.E-07),#12551,
  'distance_accuracy_value','confusion accuracy');
#12555 = SHAPE_DEFINITION_REPRESENTATION(#12556,#7836);
#12556 = PRODUCT_DEFINITION_SHAPE('','',#12557);
#12557 = PRODUCT_DEFINITION('design','',#12558,#12561);
#12558 = PRODUCT_DEFINITION_FORMATION('','',#12559);
#12559 = PRODUCT('Arm_PCB','Arm_PCB','',(#12560));
#12560 = PRODUCT_CONTEXT('',#2,'mechanical');
#12561 = PRODUCT_DEFINITION_CONTEXT('part definition',#2,'design');
#12562 = CONTEXT_DEPENDENT_SHAPE_REPRESENTATION(#12563,#12565);
#12563 = ( REPRESENTATION_RELATIONSHIP('','',#7836,#10) 
REPRESENTATION_RELATIONSHIP_WITH_TRANSFORMATION(#12564) 
SHAPE_REPRESENTATION_RELATIONSHIP() );
#12564 = ITEM_DEFINED_TRANSFORMATION('','',#11,#55);
#12565 = PRODUCT_DEFINITION_SHAPE('Placement','Placement of an item',
  #12566);
#12566 = NEXT_ASSEMBLY_USAGE_OCCURRENCE('11','','',#5,#12557,$);
#12567 = PRODUCT_RELATED_PRODUCT_CATEGORY('part',$,(#12559));
#12568 = MECHANICAL_DESIGN_GEOMETRIC_PRESENTATION_REPRESENTATION('',(
    #12569),#12550);
#12569 = STYLED_ITEM('color',(#12570),#7837);
#12570 = PRESENTATION_STYLE_ASSIGNMENT((#12571));
#12571 = SURFACE_STYLE_USAGE(.BOTH.,#12572);
#12572 = SURFACE_SIDE_STYLE('',(#12573));
#12573 = SURFACE_STYLE_FILL_AREA(#12574);
#12574 = FILL_AREA_STYLE('',(#12575));
#12575 = FILL_AREA_STYLE_COLOUR('',#12576);
#12576 = COLOUR_RGB('',0.313304153717,0.484529207832,0.410020903123);
ENDSEC;
END-ISO-10303-21;
